,file_name,n_sentence,token,probability,surprisal
0,aspasia,1,(,0.0002246874792035669,8.400800102606055
1,aspasia,1,ca.,0.00021557067520916462,8.442221742980077
2,aspasia,1,470,4.575891580316238e-05,9.992123904286128
3,aspasia,1,v.Chr.,0.00018981832545250654,8.569443125066162
4,aspasia,2,ca.,0.0001525601837784052,8.787951392042492
5,aspasia,2,400,0.00014264082710724324,8.85518078586168
6,aspasia,2,v.Chr.,0.00019724227604456246,8.531077757207465
7,aspasia,2,),8.579086716054007e-05,9.363598000486201
8,aspasia,3,de,0.00011020123929483816,9.11320241543902
9,aspasia,3,hoogbegaafde,0.0006403492297977209,7.3534968588762055
10,aspasia,3,Milesische,8.880657986765073e-08,16.2368050920847
11,aspasia,3,"
",0.0018637861358001828,6.285145303313965
12,aspasia,3,levensgezellin,4.182204065728001e-06,12.38467216194364
13,aspasia,3,van,0.0009047238272614777,7.007880824083112
14,aspasia,3,de,0.010385747067630291,4.567320887059877
15,aspasia,3,Atheense,0.0001546724233776331,8.774201074984772
16,aspasia,3,staatsman,2.9113976779626682e-05,10.444292197389387
17,aspasia,3,Perikles,4.0296850784216076e-05,10.11923723637732
18,aspasia,3,",",0.010828773491084576,4.525548475436678
19,aspasia,3,met,0.00024170750111807138,8.327782235907812
20,aspasia,3,wie,2.878196755773388e-05,10.455761493388984
21,aspasia,3,zij,0.003050349885597825,5.7924989783528105
22,aspasia,3,(,0.0009905252372846007,6.917275212811947
23,aspasia,3,na,0.001250118133611977,6.68451722524384
24,aspasia,3,zijn,0.00012560233881231397,8.982389682986398
25,aspasia,3,"
",0.021022967994213104,3.862139724917988
26,aspasia,3,echtscheiding,4.030448690173216e-05,10.119047757697233
27,aspasia,3,van,0.0010996147757396102,6.812795364386591
28,aspasia,3,zijn,0.0021119501907378435,6.160143497347173
29,aspasia,3,eerste,0.00011488792370073497,9.071553481324841
30,aspasia,3,vrouw,0.0008770781569182873,7.038914451069992
31,aspasia,3,),0.21509185433387756,1.5366901126310992
32,aspasia,3,in,0.002494807355105877,5.993543765142099
33,aspasia,3,concubinaat,3.3156899007735774e-05,10.314259748121472
34,aspasia,3,leefde,0.0006872441153973341,7.282820993491287
35,aspasia,3,.,0.0033527526538819075,5.697973582819766
36,aspasia,4,zijn,0.004282027017325163,5.45332877932377
37,aspasia,4,maar,0.004544497933238745,5.3938380231885334
38,aspasia,4,"
",0.027488749474287033,3.5939784680438756
39,aspasia,4,weinig,0.0001622293348191306,8.726499576783803
40,aspasia,4,details,2.575176040409133e-06,12.869592660977938
41,aspasia,4,bekend,1.1519231520651374e-05,11.371492613198415
42,aspasia,4,over,1.7534468497615308e-05,10.951341985774473
43,aspasia,4,haar,0.0032135099172592163,5.740391507033776
44,aspasia,4,leven,0.00011067117884522304,9.10894710584928
45,aspasia,4,.,0.031487081199884415,3.4581779379116098
46,aspasia,5,bracht,0.00015933044778648764,8.744530224431564
47,aspasia,5,het,3.4184495234512724e-08,17.191493651390626
48,aspasia,5,merendeel,3.7939091271255165e-05,10.179528545477117
49,aspasia,5,van,0.001949124038219452,6.240375218501557
50,aspasia,5,haar,0.00045264969230629504,7.700392037803809
51,aspasia,5,"
",0.016574004665017128,4.099919795089347
52,aspasia,5,volwassen,7.863371865823865e-05,9.450709959956425
53,aspasia,5,leven,0.0001686365285422653,8.687764877842925
54,aspasia,5,door,5.712966958526522e-05,9.770186968803788
55,aspasia,5,in,0.00020643355674110353,8.485531956461745
56,aspasia,5,Athene,1.0639693925895699e-07,16.056089026815812
57,aspasia,5,",",0.04461657628417015,3.109649823442303
58,aspasia,5,en,0.0023372492287307978,6.058780584382935
59,aspasia,5,ze,0.0004660171107389033,7.671288206188903
60,aspasia,5,had,3.0451644761342322e-06,12.701955643110365
61,aspasia,5,mogelijk,0.0012539378367364407,6.681466409980649
62,aspasia,5,invloed,6.805305929447059e-06,11.897807966303093
63,aspasia,5,op,0.0014052004553377628,6.567575313534964
64,aspasia,5,Perikles,3.6511199141386896e-05,10.217891518645814
65,aspasia,5,"
",0.08799485862255096,2.4304768909544614
66,aspasia,5,en,0.0034294594079256058,5.6753526372443535
67,aspasia,5,de,0.005375972483307123,5.225815794206842
68,aspasia,5,Atheense,6.529393431264907e-06,11.93919650853639
69,aspasia,5,politieke,1.991614453800139e-06,13.126564964823649
70,aspasia,5,elite,0.002926551504060626,5.833930510187239
71,aspasia,5,.,0.0018713704776018858,6.281084240814982
72,aspasia,6,wordt,0.00010670205665519461,9.145470124723355
73,aspasia,6,vermeld,6.216255860636011e-05,9.685757691131018
74,aspasia,6,in,8.708350651431829e-05,9.348643054674174
75,aspasia,6,de,0.009675604291260242,4.63814758297179
76,aspasia,6,geschriften,6.57436394249089e-05,9.629747630370554
77,aspasia,6,van,7.352992270170944e-06,11.820403215999082
78,aspasia,6,"
",0.0045704045332968235,5.38815355867266
79,aspasia,6,Plato,0.00016385632625315338,8.716520573536398
80,aspasia,6,",",0.0633285716176033,2.7594186833015044
81,aspasia,6,Aristophanes,5.814380529045593e-06,12.05517630749714
82,aspasia,6,",",0.5026062726974487,0.6879481734542093
83,aspasia,6,Xenophon,0.000900721293874085,7.01231467798175
84,aspasia,6,en,8.835715561872348e-05,9.334123370755261
85,aspasia,6,andere,0.0003223344392608851,8.039920920179126
86,aspasia,6,auteurs,0.001361800474114716,6.598947576762497
87,aspasia,6,uit,4.653265477827517e-06,12.277941331533235
88,aspasia,6,die,2.2314981833915226e-05,10.710252273958424
89,aspasia,6,tijd,5.124542894918704e-06,12.181469228152952
90,aspasia,6,.,0.022496260702610016,3.7944061745781266
91,aspasia,8,schrijvers,9.0736796209967e-07,13.912717777701923
92,aspasia,8,vermelden,0.000528202042914927,7.546031690416698
93,aspasia,8,ook,6.80527989516122e-07,14.20039688489086
94,aspasia,8,dat,4.394013012642972e-05,10.032682529554988
95,aspasia,8,Aspasia,4.2446099541848525e-06,12.36986062600677
96,aspasia,8,bordeelhoudster,1.849797058639524e-06,13.200434622924
97,aspasia,8,en,0.009368243627250195,4.6704296467001365
98,aspasia,8,"
",0.00780810322612524,4.8525932093996635
99,aspasia,8,prostituee,4.1230938222724944e-05,10.096321655677915
100,aspasia,8,was,6.278685759752989e-05,9.675764780315648
101,aspasia,8,",",0.01585988886654377,4.143962069953594
102,aspasia,8,hoewel,0.00027624223730526865,8.194232405779552
103,aspasia,8,dit,0.0009772898629307747,6.930727263198834
104,aspasia,8,wordt,3.1060017136042006e-06,12.682174281530203
105,aspasia,8,betwist,0.0007385840872302651,7.210775600280653
106,aspasia,8,door,0.0004430132976267487,7.721910771153509
107,aspasia,8,moderne,0.0003628149861469865,7.921617533666294
108,aspasia,8,geleerden,0.0003244752297177911,8.03330135842309
109,aspasia,8,",",0.1258086860179901,2.0729928908514452
110,aspasia,8,omdat,0.000929024419747293,6.981375533438542
111,aspasia,8,"
",0.006604214198887348,5.020047318730785
112,aspasia,8,vele,0.0014071058249101043,6.566220290522528
113,aspasia,8,van,0.00026040870579890907,8.253258215781225
114,aspasia,8,deze,0.047797027975320816,3.0407918176662685
115,aspasia,8,auteurs,1.3624462553707417e-05,11.20364366379242
116,aspasia,8,komedieschrijvers,0.0012366905575618148,6.69531637243437
117,aspasia,8,waren,0.005868291016668081,5.138191826088586
118,aspasia,8,die,0.00030025059822946787,8.110893104568305
119,aspasia,8,politici,1.0512100743653718e-05,11.462983512587034
120,aspasia,8,als,0.0003446663322392851,7.97293376185669
121,aspasia,8,Perikles,1.5075446526680025e-06,13.405028288440127
122,aspasia,8,"
",0.24654027819633484,1.4002298984569714
123,aspasia,8,voor,0.004573124460875988,5.387558618215616
124,aspasia,8,gek,0.004551587160676718,5.392279280322749
125,aspasia,8,wilden,6.403057568604709e-07,14.26132002958206
126,aspasia,8,zetten,1.961443922482431e-05,10.839244567810374
127,aspasia,8,.,0.057882461696863174,2.8493408470786434
128,aspasia,9,onderzoekers,3.858384843624663e-06,12.465261896349721
129,aspasia,9,twijfelen,4.345045090303756e-05,10.04388932879147
130,aspasia,9,zelfs,1.6685090713508544e-06,13.303580101939762
131,aspasia,9,aan,7.185594586189836e-05,9.540847195044105
132,aspasia,9,de,0.0019539925269782543,6.237880549842629
133,aspasia,9,"
",0.013549186289310455,4.301428785909061
134,aspasia,9,historische,7.2164484663517214e-06,11.839147628250451
135,aspasia,9,traditie,9.416251032234868e-07,13.875658621177847
136,aspasia,9,dat,5.6587119615869597e-05,9.779729167277017
137,aspasia,9,ze,0.0007496139733120799,7.1959521861891504
138,aspasia,9,een,9.411933206138201e-06,11.57353218379474
139,aspasia,9,hetaere,4.712535519502126e-05,9.962699374929624
140,aspasia,9,",",0.028847701847553253,3.545724947864614
141,aspasia,9,of,0.00010176713112741709,9.192823382924727
142,aspasia,9,een,0.00018664456729311496,8.586304459412949
143,aspasia,9,courtisane,1.3485316685546422e-07,15.819079303354153
144,aspasia,9,",",0.04580901935696602,3.083274278058608
145,aspasia,9,was,0.0011899759992957115,6.733822140721155
146,aspasia,9,en,0.015432306565344334,4.171292138014574
147,aspasia,9,"
",0.05418000742793083,2.915443305227914
148,aspasia,9,suggereren,0.014958102256059647,4.202502169023991
149,aspasia,9,dat,8.724779763724655e-05,9.346758239180303
150,aspasia,9,ze,0.00039433068013750017,7.8383207109839015
151,aspasia,9,in,0.002477457979694009,6.000522252673287
152,aspasia,9,feite,0.00023890743614174426,8.339434377529471
153,aspasia,9,was,0.0003466459165792912,7.967206712309684
154,aspasia,9,getrouwd,7.300500146811828e-05,9.524982605900915
155,aspasia,9,met,9.990628313971683e-06,11.513863072990116
156,aspasia,9,Perikles,2.4934740849857917e-07,15.204418698035843
157,aspasia,9,.,0.03077683225274086,3.480993071632999
158,aspasia,10,had,5.683541530743241e-07,14.380521103592525
159,aspasia,10,een,3.9482542888436e-06,12.442237028932391
160,aspasia,10,"
",0.019544679671525955,3.935052169151343
161,aspasia,10,zoon,1.4620068213844206e-06,13.435700530857956
162,aspasia,10,bij,0.0006854249513708055,7.285471545085408
163,aspasia,10,Perikles,1.0254929065922624e-06,13.790337176481533
164,aspasia,10,",",0.024118363857269287,3.7247817428704915
165,aspasia,10,Perikles,0.000503657094668597,7.593614889169095
166,aspasia,10,(,0.0008678548620082438,7.049486066952941
167,aspasia,10,de,0.003733745776116848,5.590343319705609
168,aspasia,10,Jongere,0.0001891670690383762,8.57287997020397
169,aspasia,10,),0.055516134947538376,2.8910815807050874
170,aspasia,10,",",1.2142211744503584e-05,11.318822602394452
171,aspasia,10,die,4.260546120349318e-06,12.366113208634465
172,aspasia,10,later,4.2230809071952535e-07,14.67753071648882
173,aspasia,10,als,0.00027950972435064614,8.182473474022125
174,aspasia,10,generaal,0.00011352381989127025,9.083497876178352
175,aspasia,10,in,0.00025937912869267166,8.257219749254736
176,aspasia,10,het,5.410034191299928e-06,12.127255145107384
177,aspasia,10,"
",0.18970248103141785,1.6622983234160045
178,aspasia,10,Atheense,0.0003146225353702903,8.064136938086428
179,aspasia,10,leger,0.00011305303632980213,9.087653501309932
180,aspasia,10,geëxecuteerd,0.0007283797021955252,7.2246880767874995
181,aspasia,10,werd,0.0007358938455581665,7.21442468121635
182,aspasia,10,na,0.0010400626342743635,6.868474342378513
183,aspasia,10,de,2.0791794668184593e-05,10.78095213619402
184,aspasia,10,slag,4.022022949357051e-06,12.42372556067359
185,aspasia,10,bij,0.002817196538671851,5.872013023735031
186,aspasia,10,Arginusae,0.0011203212197870016,6.79413983141411
187,aspasia,10,.,0.023297689855098724,3.7594010711757955
188,aspasia,11,denkt,2.965913517982699e-05,10.425740379473686
189,aspasia,11,dat,4.864868060394656e-06,12.233470962859602
190,aspasia,11,"
",0.02056192420423031,3.8843142530744976
191,aspasia,11,ze,3.9435826693079434e-06,12.443420940892583
192,aspasia,11,na,2.5786038193587046e-08,17.473432646783532
193,aspasia,11,de,3.7105266414982907e-07,14.80692183252686
194,aspasia,11,dood,7.615195727339596e-07,14.087949962073537
195,aspasia,11,van,1.1383386663510464e-05,11.383355575691526
196,aspasia,11,Perikles,3.5483244573697448e-06,12.54903504973589
197,aspasia,11,(,0.0021142095793038607,6.1590742577044635
198,aspasia,11,de,0.008968248963356018,4.7140648322956515
199,aspasia,11,Oudere,0.00011878222721861675,9.038218764764201
200,aspasia,11,),0.04798094183206558,3.0369513920828486
201,aspasia,11,de,0.008228223770856857,4.800185111297643
202,aspasia,11,courtisane,1.1130092758548926e-07,16.011028244598208
203,aspasia,11,van,0.0006478569121100008,7.341840700640203
204,aspasia,11,Lysikles,0.006334459874778986,5.0617507293365795
205,aspasia,11,werd,0.0003314731002319604,8.011963897235786
206,aspasia,11,",",0.006790675222873688,4.992204898633539
207,aspasia,11,"
",0.00014388281852006912,8.846511349948202
208,aspasia,11,een,7.97425745986402e-05,9.436706929115184
209,aspasia,11,andere,0.0005196896381676197,7.562278774252128
210,aspasia,11,Atheens,0.00027993947151117027,8.180937151338204
211,aspasia,11,staatsman,0.00014669405936729163,8.827161368745774
212,aspasia,11,en,0.03337125852704048,3.4000602726045654
213,aspasia,11,generaal,0.00010690921772038564,9.143530516144706
214,aspasia,11,.,0.016434498131275177,4.108372608914184
215,aspasia,11,"

",0.0002486625744495541,8.299413703201218
216,aspasia,12,en,0.0009073300752788782,7.005004254229537
217,aspasia,12,vroege,0.00018401553097646683,8.600490396436602
218,aspasia,12,jaren,1.5294460808945587e-07,15.69319001973679
219,aspasia,12,"

",0.001432903460226953,6.548052501402736
220,aspasia,13,werd,2.5470310447417432e-06,12.880582173293005
221,aspasia,13,geboren,8.111941133392975e-05,9.419588274879366
222,aspasia,13,in,0.00022400738089345396,8.403831556234882
223,aspasia,13,de,0.001025966601446271,6.88212008496001
224,aspasia,13,Ionische,0.00017006391135510057,8.679336242417536
225,aspasia,13,polis,5.561494731409766e-07,14.402228742241418
226,aspasia,13,Milete,0.0019939651247113943,6.217630097710091
227,aspasia,13,.,0.02696525864303112,3.613205958433603
228,aspasia,14,is,0.00998095702379942,4.607076299088038
229,aspasia,14,weinig,9.357237286167219e-05,9.276775379783798
230,aspasia,14,over,3.1546121590508847e-06,12.666644998512941
231,aspasia,14,haar,0.0006237713969312608,7.379726607789492
232,aspasia,14,"
",0.0670400932431221,2.7024644319512503
233,aspasia,14,familie,0.0002661792386788875,8.231340646483943
234,aspasia,14,bekend,3.2050164008978754e-05,10.34820825732586
235,aspasia,14,",",0.00993462186306715,4.611729464793071
236,aspasia,14,behalve,0.00031148619018495083,8.074155553994151
237,aspasia,14,dat,1.536596755613573e-05,11.08335539292704
238,aspasia,14,haar,0.00023639244318474084,8.350017239166862
239,aspasia,14,vaders,0.0013549781870096922,6.603969922927878
240,aspasia,14,naam,0.0014719994505867362,6.521133631918229
241,aspasia,14,Axiochos,3.5021881217289774e-07,14.864707700168228
242,aspasia,14,was,3.11302428599447e-05,10.37733077206529
243,aspasia,14,.,0.007386380806565285,4.908117405992217
244,aspasia,15,is,0.0013046037638559937,6.641855913541291
245,aspasia,15,"
",0.005788257345557213,5.151924009287478
246,aspasia,15,duidelijk,6.327038136078045e-05,9.668093247310127
247,aspasia,15,dat,6.613383447984233e-05,9.623830073990126
248,aspasia,15,ze,0.0006647665868513286,7.316074576138408
249,aspasia,15,tot,2.61155332736962e-06,12.855565369071915
250,aspasia,15,een,4.916740635962924e-06,12.222864719357096
251,aspasia,15,rijke,8.50540236569941e-05,9.372223930929353
252,aspasia,15,familie,0.0018146357033401728,6.311870545824284
253,aspasia,15,moet,1.3968515304441098e-05,11.178704667763355
254,aspasia,15,hebben,0.0022401632741093636,6.101206525544158
255,aspasia,15,behoord,0.0021423331927508116,6.145859766882317
256,aspasia,15,",",0.023058172315359116,3.76973502507244
257,aspasia,15,want,4.466047357709613e-06,12.319006800547534
258,aspasia,15,enkel,0.10595293343067169,2.244760307716969
259,aspasia,15,"
",0.005239265039563179,5.251574050111835
260,aspasia,15,de,0.01834414340555668,3.9984449158842232
261,aspasia,15,welgestelden,0.002317841164767742,6.067119058945683
262,aspasia,15,konden,0.011599197052419186,4.456819402884642
263,aspasia,15,de,0.011334534734487534,4.4799010426681285
264,aspasia,15,uitstekende,2.179893044740311e-06,13.036234744412587
265,aspasia,15,opvoeding,0.0021860350389033556,6.125665860580698
266,aspasia,15,die,6.937172292964533e-05,9.576031224063538
267,aspasia,15,ze,0.0007039567572064698,7.258793628115417
268,aspasia,15,kreeg,4.898140105069615e-05,9.92406990230268
269,aspasia,15,bekostigen,9.428136763744988e-06,11.571812066870763
270,aspasia,15,.,0.049906112253665924,2.9976117936725326
271,aspasia,17,antieke,0.003382091410458088,5.689261000349993
272,aspasia,17,bronnen,3.5730154195334762e-06,12.542100663361792
273,aspasia,17,beweren,0.0011240754975005984,6.790794361171509
274,aspasia,17,dat,2.1496858607861213e-05,10.747603744768217
275,aspasia,17,ze,0.0010166759602725506,6.891216835821019
276,aspasia,17,een,9.90926673694048e-06,11.522040204596015
277,aspasia,17,Carische,2.569865682744421e-05,10.569071830952456
278,aspasia,17,krijgsgevangene,0.00023785009398125112,8.343869939957825
279,aspasia,17,was,6.0344504163367674e-05,9.71544068062603
280,aspasia,17,"
",0.0029501235112547874,5.825908241284896
281,aspasia,17,die,0.00018927156634163111,8.57232771524826
282,aspasia,17,tot,1.6080403497653606e-07,15.64307938737871
283,aspasia,17,slaaf,1.2878991810794105e-06,13.562498208905268
284,aspasia,17,werd,0.0018680907087400556,6.282838381071765
285,aspasia,17,gemaakt,0.0004975642077624798,7.6057859488641535
286,aspasia,17,",",0.03783721476793289,3.274462143006079
287,aspasia,17,maar,0.0006058385479263961,7.408897029955458
288,aspasia,17,deze,0.008870916441082954,4.724977168822628
289,aspasia,17,beweringen,8.781654469203204e-05,9.340260638947132
290,aspasia,17,worden,1.2178335055068601e-05,11.315852000012292
291,aspasia,17,over,2.5256400476791896e-05,10.586430950135222
292,aspasia,17,het,0.0007164264679886401,7.241234942635741
293,aspasia,17,"
",0.008542307652533054,4.762724090759431
294,aspasia,17,algemeen,4.873776560998522e-05,9.92905635386307
295,aspasia,17,als,0.00014968760660849512,8.806960058152228
296,aspasia,17,onjuist,0.0023395700845867395,6.057788091027528
297,aspasia,17,beschouwd,7.006485247984529e-05,9.566089280820007
298,aspasia,17,.,0.09084312617778778,2.3986211482265416
299,aspasia,19,is,0.0007003467180766165,7.2639350340091156
300,aspasia,19,niet,0.00010890684643527493,9.125017660990745
301,aspasia,19,bekend,5.454304482555017e-05,9.81652035472063
302,aspasia,19,in,0.0019485839875414968,6.240652330423662
303,aspasia,19,welke,1.7564676454639994e-05,10.949620692305686
304,aspasia,19,omstandigheden,2.3047310605761595e-05,10.67796147186848
305,aspasia,19,ze,6.766251317458227e-05,9.600978251130947
306,aspasia,19,voor,0.0006079468876123428,7.405423035714608
307,aspasia,19,het,0.0005027917795814574,7.595334430662944
308,aspasia,19,eerst,5.586417501035612e-06,12.095172352626351
309,aspasia,19,naar,6.713028415106237e-05,9.608875287174929
310,aspasia,19,Athene,1.9278298069025368e-08,17.764285826088575
311,aspasia,19,"
",0.01832713559269905,3.999372498152511
312,aspasia,19,reisde,2.804835639835801e-05,10.481580523136305
313,aspasia,19,.,0.009881547652184963,4.617086134531909
314,aspasia,20,ontdekking,0.0001838830066844821,8.601210835819478
315,aspasia,20,van,4.8626814532326534e-05,9.931335439861735
316,aspasia,20,een,3.095823103649309e-06,12.685456740933354
317,aspasia,20,grafinscriptie,2.3138407811984507e-07,15.27918683129637
318,aspasia,20,uit,0.0003558211028575897,7.941082473480717
319,aspasia,20,de,0.008196527138352394,4.804044734134856
320,aspasia,20,4e,1.2159814559709048e-06,13.619959024560508
321,aspasia,20,eeuw,1.430645352229476e-05,11.154799827236126
322,aspasia,20,v.Chr.,0.0011607396882027388,6.758697814840306
323,aspasia,20,die,1.5269875802914612e-05,11.089628572171222
324,aspasia,20,"
",0.001299052033573389,6.646120485457438
325,aspasia,20,de,0.004085945896804333,5.500202023789317
326,aspasia,20,namen,3.625377576099709e-05,10.224967023163696
327,aspasia,20,van,0.0015986510552465916,6.438595095807936
328,aspasia,20,Axiochos,4.429024102137191e-06,12.32733129114658
329,aspasia,20,en,0.000990245956927538,6.91755720435113
330,aspasia,20,Aspasios,1.0178778211411554e-05,11.495205572570084
331,aspasia,20,vermeldt,0.001995953032746911,6.216633632057636
332,aspasia,20,",",0.028441214933991432,3.5599159557615248
333,aspasia,20,heeft,9.221447726304177e-06,11.593978512515626
334,aspasia,20,historicus,1.4420713796425844e-06,13.449430019881003
335,aspasia,20,Peter,6.337853847071528e-05,9.666385263754139
336,aspasia,20,K.,0.014033008366823196,4.266342983988475
337,aspasia,20,"
",3.646560071501881e-05,10.219141187921307
338,aspasia,20,Bicknell,0.01204797811806202,4.418858424156161
339,aspasia,20,ertoe,5.950425929768244e-06,12.032047756133808
340,aspasia,20,gebracht,3.13123528030701e-05,10.371497880030196
341,aspasia,20,een,3.899326839018613e-05,10.152121532112494
342,aspasia,20,poging,0.0030865781009197235,5.78069221241038
343,aspasia,20,te,0.005065587814897299,5.285285093741368
344,aspasia,20,doen,8.486778096994385e-05,9.374416030548804
345,aspasia,20,tot,6.444200698751956e-05,9.649744855082776
346,aspasia,20,een,6.315381324384362e-05,9.669937327081962
347,aspasia,20,reconstructie,0.00014518781972583383,8.83748234527794
348,aspasia,20,van,0.002388769993558526,6.0369766925616055
349,aspasia,20,"
",0.01918242685496807,3.9537606870322968
350,aspasia,20,Aspasia's,0.0001656154345255345,8.705842116699696
351,aspasia,20,familiale,0.002009093761444092,6.210071523534505
352,aspasia,20,achtergrond,0.0007196993101388216,7.236677057990892
353,aspasia,20,en,0.025629833340644836,3.6639982411382297
354,aspasia,20,Atheense,2.6284169507562183e-05,10.546543719871599
355,aspasia,20,connecties,9.55920427259116e-07,13.860591162443848
356,aspasia,20,.,0.04973553866147995,3.001035537804462
357,aspasia,21,theorie,3.2431753993478196e-07,14.941542739573716
358,aspasia,21,"
",0.022702708840370178,3.7852710294394
359,aspasia,21,verbindt,7.353105320362374e-05,9.517802748404028
360,aspasia,21,haar,4.261169124220032e-06,12.365966993030224
361,aspasia,21,met,0.0004915579920634627,7.61793063538114
362,aspasia,21,Alkibiades,0.0005635464913211763,7.481260723324889
363,aspasia,21,II,0.0001300000585615635,8.947975657035228
364,aspasia,21,van,9.37253498705104e-05,9.275141862401702
365,aspasia,21,Scambonidae,0.0004489097627811134,7.708688664181393
366,aspasia,21,.,0.017500611022114754,4.045519483112788
367,aspasia,22,was,8.927408430281503e-07,13.928969507563773
368,aspasia,22,geostraciseerd,0.00010417907469673082,9.16939926746119
369,aspasia,22,"
",0.0130020622164011,4.342647302070477
370,aspasia,22,uit,1.6848685845616274e-05,10.991237895565472
371,aspasia,22,Athene,1.9870961764922868e-08,17.7340063786893
372,aspasia,22,in,0.0023846083786338568,6.038720369955097
373,aspasia,22,460,8.058282219280954e-06,11.728810148318608
374,aspasia,22,v.Chr.,0.002012668177485466,6.208293985710632
375,aspasia,22,en,0.00043994589941576123,7.72885879448493
376,aspasia,22,kan,2.5010431272676215e-05,10.596217569213978
377,aspasia,22,zijn,0.0065423003397881985,5.029466441444333
378,aspasia,22,verbanning,4.6703717089258134e-05,9.97168680139788
379,aspasia,22,in,0.0011614763643592596,6.758063355199551
380,aspasia,22,Milete,0.006634457036852837,5.015478447726162
381,aspasia,22,hebben,0.0030925236642360687,5.778767801589134
382,aspasia,22,"
",0.14593155682086945,1.9246175560878236
383,aspasia,22,doorgebracht.^([1])Bicknell,0.0005820547812618315,7.448945988782963
384,aspasia,22,veronderstelt,0.0010691474890336394,6.840893687294602
385,aspasia,22,dat,0.00017343441140837967,8.659711062277916
386,aspasia,22,",",0.004803233314305544,5.338465980692767
387,aspasia,22,na,0.0008273386629298329,7.097296438991119
388,aspasia,22,zijn,3.1349358323495835e-05,10.370316759244872
389,aspasia,22,terugkeer,0.0002495750959496945,8.295750702289512
390,aspasia,22,uit,0.0011220879387110472,6.792564098205116
391,aspasia,22,"
",0.20004978775978088,1.6091890046153174
392,aspasia,22,ballingschap,1.1454503692220896e-05,11.377127569735036
393,aspasia,22,",",0.04616052284836769,3.075630329975391
394,aspasia,22,de,0.015554443933069706,4.163408897708062
395,aspasia,22,oudere,0.00011754085426218808,9.048724588963845
396,aspasia,22,Alkibiades,8.43084417283535e-05,9.381028558843676
397,aspasia,22,naar,0.0013515976024791598,6.606467976964748
398,aspasia,22,Milete,0.0020618452690541744,6.184153935458932
399,aspasia,22,ging,2.6852926566789392e-06,12.827720839042268
400,aspasia,22,",",0.039360739290714264,3.2349864241819417
401,aspasia,22,waar,0.0008081257110461593,7.1207929285670355
402,aspasia,22,hij,5.211582447373075e-06,12.164627015615272
403,aspasia,22,de,0.05060664191842079,2.9836724480930816
404,aspasia,22,dochter,1.161885211331537e-05,11.36288159684908
405,aspasia,22,"
",0.33201587200164795,1.1025725039744985
406,aspasia,22,van,0.0030186790972948074,5.802935928277798
407,aspasia,22,een,9.119922651734669e-06,11.605049235083444
408,aspasia,22,zekere,3.943601768696681e-06,12.443416097747633
409,aspasia,22,Axiochos,2.3891116143204272e-05,10.642003877617267
410,aspasia,22,huwde,0.00027808829327113926,8.187571893003634
411,aspasia,22,.,0.03922445699572563,3.238454823780068
412,aspasia,23,keerde,2.6751356926979497e-05,10.528925359666566
413,aspasia,23,klaarblijkelijk,0.0001273953530471772,8.968215290788333
414,aspasia,23,terug,8.244233322329819e-05,9.403411500264658
415,aspasia,23,"
",0.0025679483078420162,5.96464802270203
416,aspasia,23,naar,0.0001327034697169438,8.927393469892253
417,aspasia,23,Athene,1.735179644413165e-08,17.86956979446508
418,aspasia,23,met,4.672994236898376e-06,12.273710527523361
419,aspasia,23,zijn,0.00042938999831676483,7.7531449650201
420,aspasia,23,nieuwe,0.0019226974109187722,6.254026177373059
421,aspasia,23,vrouw,0.004745135083794594,5.350635378664861
422,aspasia,23,en,0.0009117816225625575,7.0001100455069825
423,aspasia,23,haar,0.00021677612676285207,8.436645410869549
424,aspasia,23,jongere,4.736620212497655e-06,12.260186711925938
425,aspasia,23,zuster,0.00029309088131412864,8.135027821908023
426,aspasia,23,",",0.013897794298827648,4.276025134974635
427,aspasia,23,Aspasia,2.2568003714695806e-06,13.001562512658506
428,aspasia,23,.,0.03003646433353424,3.505343157630598
429,aspasia,23,"
",3.2699506846256554e-05,10.328150561329021
430,aspasia,24,stelt,2.0600080461008474e-05,10.790215576302169
431,aspasia,24,dat,4.242370778229088e-06,12.370388299175431
432,aspasia,24,het,1.1238959132242599e-06,13.698709414673788
433,aspasia,24,eerste,1.8921786022474407e-06,13.177781693138993
434,aspasia,24,kind,6.93816582497675e-06,11.878473108725581
435,aspasia,24,uit,6.0862188547616825e-05,9.706898453780246
436,aspasia,24,dit,4.931988587486558e-05,9.917183193643526
437,aspasia,24,huwelijk,0.00011649944644887,9.057624036481652
438,aspasia,24,Axiochos,7.353028195211664e-07,14.122983423233476
439,aspasia,24,(,0.005893500987440348,5.133905062750308
440,aspasia,24,oom,6.772355391149176e-06,11.902661615574052
441,aspasia,24,van,0.00018966289644595236,8.570262290844475
442,aspasia,24,de,0.008616512641310692,4.754074842138666
443,aspasia,24,"
",0.0024377438239753246,6.016682329746122
444,aspasia,24,beroemde,0.004771197680383921,5.345157919564345
445,aspasia,24,Alkibiades,0.0002422233810648322,8.325650195316193
446,aspasia,24,),0.04672717675566673,3.063429340194506
447,aspasia,24,werd,0.006720368750393391,5.002612252382133
448,aspasia,24,genoemd,2.3460247575712856e-06,12.962788254689235
449,aspasia,24,en,7.532257313869195e-06,11.796315784998097
450,aspasia,24,de,0.017362525686621666,4.053441091471716
451,aspasia,24,tweede,0.00020888847939204425,8.473710039835655
452,aspasia,24,Aspasios,2.8056289011146873e-05,10.48129774395523
453,aspasia,24,.,0.01982990652322769,3.9205640503683665
454,aspasia,25,stelt,0.00016739012789912522,8.695183374771387
455,aspasia,25,ook,2.8376409773045452e-06,12.772537492759387
456,aspasia,25,"
",0.0037214679177850485,5.593637086976679
457,aspasia,25,dat,1.4186929547577165e-05,11.163189471631307
458,aspasia,25,Perikles,3.753167732156726e-07,14.79549543898326
459,aspasia,25,Aspasia,1.4251478432925069e-06,13.461234999946333
460,aspasia,25,ontmoette,2.127111474692356e-05,10.758160520773144
461,aspasia,25,door,4.4422911742003635e-05,10.021755191398599
462,aspasia,25,zijn,0.00159230618737638,6.442571881298742
463,aspasia,25,nauwe,0.003676243592053652,5.605863811163579
464,aspasia,25,banden,7.419326266244752e-06,11.811422304605
465,aspasia,25,met,0.00043433989048935473,7.741683172562355
466,aspasia,25,Alkibiades,0.000921228900551796,6.989802017787543
467,aspasia,25,',0.0012236214242875576,6.7059404366159345
468,aspasia,25,"
",0.040606338530778885,3.203831103112379
469,aspasia,25,familie,0.0006946451612748206,7.272109402096074
470,aspasia,25,"

",0.008435684256255627,4.775284445200764
471,aspasia,25,Leven,0.002475978573784232,6.001119577757717
472,aspasia,25,in,0.00252485740929842,5.981570689414375
473,aspasia,25,Athene,2.7238245365879266e-06,12.813473585632755
474,aspasia,25,"

",0.02254173904657364,3.7923866195501845
475,aspasia,25,Volgens,0.0004165271238889545,7.7835589750949685
476,aspasia,25,de,0.0031420697923749685,5.762873526672628
477,aspasia,25,betwiste,1.9661081751110032e-05,10.836869421813384
478,aspasia,25,beweringen,0.001621913630515337,6.42414857346418
479,aspasia,25,van,0.0008177399868145585,7.108966136421044
480,aspasia,25,de,0.011054141446948051,4.504950129656186
481,aspasia,25,antieke,0.0010568845318630338,6.852429819439708
482,aspasia,25,auteurs,0.0007596141658723354,7.182699930079004
483,aspasia,25,en,0.007789803668856621,4.854939622387989
484,aspasia,25,sommige,8.75512560014613e-05,9.343286153230677
485,aspasia,25,moderne,2.6104891730938107e-05,10.553387838555748
486,aspasia,25,"
",0.10270323604345322,2.275911652870692
487,aspasia,25,geleerden,0.0034088962711393833,5.68136671423317
488,aspasia,25,",",0.008152068592607975,4.809483568891031
489,aspasia,25,werd,0.009220665320754051,4.686308083414694
490,aspasia,25,Aspasia,1.205842067975027e-06,13.628332423479256
491,aspasia,25,een,5.361456260288833e-06,12.136274929430309
492,aspasia,25,hetaere,0.0014102867571637034,6.563962221394756
493,aspasia,25,in,0.00758275855332613,4.8818782202916715
494,aspasia,25,Athene,7.208816441561794e-06,11.840205775265535
495,aspasia,25,en,0.008275797590613365,4.794419976791189
496,aspasia,25,was,0.00019296481332276016,8.55300270007052
497,aspasia,25,zij,0.004419588949531317,5.421708585060691
498,aspasia,25,waarschijnlijk,0.0007150068413466215,7.243218446999089
499,aspasia,25,"
",0.3617144823074341,1.0169001012695666
500,aspasia,25,bordeelhoudster,0.00025350062060169876,8.280144286803099
501,aspasia,25,.,0.013926174491643906,4.2739851526218615
502,aspasia,26,waren,0.00033825176069512963,7.991720085619815
503,aspasia,26,professionele,1.2539699127955828e-06,13.58919610902736
504,aspasia,26,entertainers,5.721769866795512e-07,14.373817476154322
505,aspasia,26,van,6.619341002078727e-05,9.622929646490181
506,aspasia,26,de,0.011616834439337254,4.455299988137337
507,aspasia,26,hogere,0.006899167317897081,4.976354553226808
508,aspasia,26,"
",0.0049461075104773045,5.3091543732656765
509,aspasia,26,klasse,0.00015085074119269848,8.799219678929456
510,aspasia,26,",",0.030420005321502686,3.4926548172166636
511,aspasia,26,evenals,2.0386800315463915e-05,10.800622909896612
512,aspasia,26,courtisanes,4.7371685241159867e-07,14.562656051522016
513,aspasia,26,.,0.022488361224532127,3.7947573825163365
514,aspasia,27,door,2.3984871404536534e-06,12.940672377513911
515,aspasia,27,hun,1.404859403919545e-06,13.475573328570405
516,aspasia,27,fysieke,0.0005256723379716277,7.550832470941949
517,aspasia,27,schoonheid,1.0462048521731049e-05,11.467756275124579
518,aspasia,27,",",0.06949146091938019,2.6665513984291978
519,aspasia,27,"
",3.3889664337038994e-05,10.292400476878312
520,aspasia,27,verschilden,2.7383488486520946e-05,10.505570336193609
521,aspasia,27,ze,0.0005568419001065195,7.493229200147238
522,aspasia,27,van,0.000320461462251842,8.045748531417225
523,aspasia,27,de,0.010996151715517044,4.510209911437375
524,aspasia,27,meest,3.932117760996334e-05,10.143747313745092
525,aspasia,27,Atheense,1.3526182556233834e-06,13.513468395206289
526,aspasia,27,vrouwen,0.007038457784801722,4.956366197469199
527,aspasia,27,doordat,0.00015417326358146966,8.777433499796683
528,aspasia,27,ze,0.00042039103573188186,7.774325242376542
529,aspasia,27,hadden,0.004682259634137154,5.363974457769338
530,aspasia,27,"
",0.07290645688772202,2.6185780720417404
531,aspasia,27,gestudeerd,0.00018017090042121708,8.621604710729033
532,aspasia,27,(,0.0003464700421318412,7.967714201566032
533,aspasia,27,vaak,0.0004810677783098072,7.639502386538569
534,aspasia,27,zeer,0.0005162990419194102,7.568824421746846
535,aspasia,27,hoogstaande,0.00749356159940362,4.8937110805348665
536,aspasia,27,studies,4.0155198803404346e-05,10.122758641435734
537,aspasia,27,",",0.018991034477949142,3.9637882807628064
538,aspasia,27,zoals,0.0004896405735053122,7.6218389594781115
539,aspasia,27,in,0.00020647702331189066,8.485321419008613
540,aspasia,27,het,0.00012018678535241634,9.026463480738695
541,aspasia,27,geval,0.00791952759027481,4.838423722627371
542,aspasia,27,van,0.0007216873927973211,7.233918486796669
543,aspasia,27,"
",0.06268613040447235,2.7696150614831425
544,aspasia,27,Aspasia,6.691823273285991e-06,11.914624183842626
545,aspasia,27,),0.042442284524440765,3.159610137174254
546,aspasia,27,",",4.392959453980438e-06,12.335507422701266
547,aspasia,27,onafhankelijk,1.4767170796403661e-05,11.123104030452732
548,aspasia,27,waren,0.001584376790560782,6.447564141048382
549,aspasia,27,en,0.0031514004804193974,5.75990832799
550,aspasia,27,belastingen,0.0008860580855980515,7.028728050142368
551,aspasia,27,betaalden,1.435534704796737e-05,11.151388068579871
552,aspasia,27,.,0.005265114363282919,5.246652412210848
553,aspasia,28,waren,0.0009971524123102427,6.910606928762993
554,aspasia,28,"
",0.00424146605655551,5.462846301446724
555,aspasia,28,waarschijnlijk,6.094306081649847e-05,9.70557055894505
556,aspasia,28,de,0.0018402801360934973,6.2978374710728735
557,aspasia,28,meest,0.00044192466884851456,7.724371122881264
558,aspasia,28,vrijgevochten,0.0002677271550055593,8.225542174384643
559,aspasia,28,vrouwen,0.0007925577228888869,7.14024521841243
560,aspasia,28,van,0.0009191284189000726,6.992084707721284
561,aspasia,28,hun,1.3653480834818765e-07,15.806686248616126
562,aspasia,28,tijd,4.520358197623864e-05,10.00433422700407
563,aspasia,28,",",0.025919361039996147,3.6527650590366263
564,aspasia,28,en,0.003370839636772871,5.692593415272961
565,aspasia,28,Aspasia,1.8185856731633976e-07,15.520036554627879
566,aspasia,28,",",0.10279706120491028,2.2749985138705755
567,aspasia,28,"
",4.881817221757956e-05,9.92740793291418
568,aspasia,28,die,0.0014872475294396281,6.510828163057748
569,aspasia,28,een,7.592020847368985e-05,9.485827657701016
570,aspasia,28,levendig,3.797635872615501e-05,10.178546730631922
571,aspasia,28,figuur,2.4512837626389228e-06,12.91889868588913
572,aspasia,28,zou,0.007272185757756233,4.923698378187301
573,aspasia,28,worden,1.542416953270731e-06,13.382159921662769
574,aspasia,28,in,0.001561836339533329,6.461893009281117
575,aspasia,28,de,0.04022514075040817,3.2132630870319208
576,aspasia,28,Atheense,2.0397080788825406e-06,13.102703858934719
577,aspasia,28,maatschappij,4.6563978685298935e-05,9.97468330532903
578,aspasia,28,",",0.03810550644993782,3.267396481047306
579,aspasia,28,was,0.00019513735605869442,8.541806857322172
580,aspasia,28,"
",0.19442978501319885,1.6376841836035598
581,aspasia,28,waarschijnlijk,0.005502186715602875,5.202609681104479
582,aspasia,28,een,1.372675978927873e-05,11.196163360989793
583,aspasia,28,duidelijk,0.001206192304380238,6.7202867370206025
584,aspasia,28,voorbeeld,0.0025336036924272776,5.978112605357231
585,aspasia,28,hiervan,1.070420353244117e-06,13.747459133138015
586,aspasia,28,.,0.05062480270862579,2.983313650676592
587,aspasia,29,Plutarchus,2.032821430475451e-05,10.803500769658685
588,aspasia,29,werd,0.00025429180823266506,8.277028099060693
589,aspasia,29,"
",0.008158067241311073,4.808747995743799
590,aspasia,29,Aspasia,2.5790586732910015e-05,10.565500987926162
591,aspasia,29,vergeleken,0.00011051768524339423,9.110335002361163
592,aspasia,29,met,0.00011626955529209226,9.059599310077411
593,aspasia,29,de,0.0013529148418456316,6.605493872021437
594,aspasia,29,beroemde,0.00025142356753349304,8.28837152104086
595,aspasia,29,Thargelia,2.2580314180231653e-05,10.69843208524604
596,aspasia,29,",",0.007988008670508862,4.829813777987387
597,aspasia,29,een,4.049338531331159e-05,10.114371922788104
598,aspasia,29,bekende,0.0005029559251852334,7.595008015589948
599,aspasia,29,Ionische,0.002395960967987776,6.033970889350868
600,aspasia,29,"
",0.04793553799390793,3.037898129111383
601,aspasia,29,hetaere,0.0021853011567145586,6.126001630772168
602,aspasia,29,uit,7.022515637800097e-05,9.56380395816262
603,aspasia,29,het,0.0004214747459627688,7.771750696996397
604,aspasia,29,verleden,0.0012751715257763863,6.664674579399404
605,aspasia,29,.,0.08050494641065598,2.519436650350248
606,aspasia,31,vreemdelinge,0.00018322787946090102,8.604779936839083
607,aspasia,31,en,0.006705951876938343,5.004759807083988
608,aspasia,31,mogelijk,0.0014203893952071667,6.556824222984064
609,aspasia,31,hetaere,9.851013601291925e-05,9.225351111395993
610,aspasia,31,was,1.288399380428018e-05,11.259524807380242
611,aspasia,31,Aspasia,8.341032753378386e-07,13.996908610913797
612,aspasia,31,vrijgesteld,0.0018056039698421955,6.316860133835654
613,aspasia,31,van,0.00010969681898131967,9.117790188539077
614,aspasia,31,de,0.006674541160464287,5.009454817063877
615,aspasia,31,"
",0.00403072964400053,5.513807866309811
616,aspasia,31,wettelijke,0.0007554679177701473,7.188173242050363
617,aspasia,31,bepalingen,0.0008158264681696892,7.111308887172596
618,aspasia,31,die,8.382358646485955e-05,9.386796128684558
619,aspasia,31,getrouwde,0.00010837928130058572,9.129873619140175
620,aspasia,31,vrouwen,0.0030162115581333637,5.803753686026809
621,aspasia,31,traditioneel,2.0282043351471657e-06,13.108359720335061
622,aspasia,31,aan,0.0002068754256470129,8.483393754326844
623,aspasia,31,hun,4.1892522517628095e-07,14.685573393149996
624,aspasia,31,huis,0.0010555015178397298,6.853739252647819
625,aspasia,31,"
",0.07857651263475418,2.543682445643786
626,aspasia,31,bonden,0.00015168088430073112,8.793731689432818
627,aspasia,31,",",0.009676884859800339,4.6380152414903435
628,aspasia,31,zodat,0.0014763883082196116,6.518156505954111
629,aspasia,31,ze,0.0011017972137778997,6.8108126017200155
630,aspasia,31,mocht,0.00011049129534512758,9.110573815266608
631,aspasia,31,deelnemen,0.010617038235068321,4.545295187650948
632,aspasia,31,aan,0.00012017851258860901,9.026532315665213
633,aspasia,31,het,0.0005298155010677874,7.5429817232157275
634,aspasia,31,publieke,0.00200466625392437,6.212277688974667
635,aspasia,31,leven,0.0006690385052934289,7.309668942999937
636,aspasia,31,van,0.0017084080027416348,6.372193334659049
637,aspasia,31,de,0.03226781636476517,3.433684942863073
638,aspasia,31,polis,2.511082470846304e-07,15.19738172749653
639,aspasia,31,.,0.005058932583779097,5.286599769758541
640,aspasia,32,"
",0.0017704700585454702,6.336510197854116
641,aspasia,32,werd,0.0010800969321280718,6.830704489903039
642,aspasia,32,de,0.0008806135156191885,7.034891716566912
643,aspasia,32,minnares,3.059107257286087e-05,10.394802337557017
644,aspasia,32,van,8.612382225692272e-05,9.35972450353472
645,aspasia,32,de,0.0016149927396327257,6.428424817901074
646,aspasia,32,staatsman,2.899802893807646e-06,12.750867790934286
647,aspasia,32,Perikles,7.944042295093823e-07,14.045673400073802
648,aspasia,32,in,0.005741008557379246,5.160120377224809
649,aspasia,32,de,0.00229885196313262,6.075345427126177
650,aspasia,32,vroege,0.001642949297092855,6.411262300358842
651,aspasia,32,jaren,2.957265792247199e-07,15.033830528348906
652,aspasia,32,440,3.268857199145714e-06,12.631070114521187
653,aspasia,32,.,0.016607414931058884,4.0979060007587025
654,aspasia,33,"
",0.004759986884891987,5.347510366017397
655,aspasia,33,hij,1.9904147848137654e-05,10.824582413373514
656,aspasia,33,was,1.5028680536488537e-05,11.105550146709824
657,aspasia,33,gescheiden,7.4856297942460515e-06,11.80252540278449
658,aspasia,33,van,2.1387320884969085e-05,10.752712293534083
659,aspasia,33,zijn,0.0006453077076002955,7.345783288881359
660,aspasia,33,eerste,1.3988556020194665e-05,11.1772709897537
661,aspasia,33,vrouw,0.000857992738019675,7.060914922358663
662,aspasia,33,(,0.004123946651816368,5.490944648940103
663,aspasia,33,ca.,0.0003763789136428386,7.884914172962466
664,aspasia,33,445,1.3921105164627079e-05,11.182104512198972
665,aspasia,33,v.Chr.,0.0005069936159998178,7.587012146168703
666,aspasia,33,),0.00033004613942466676,8.016278096838771
667,aspasia,33,",",0.0009822059655562043,6.925709530710089
668,aspasia,33,trok,1.2426598004822154e-05,11.295671382193282
669,aspasia,33,Aspasia,1.0968918786602444e-06,13.723029942458215
670,aspasia,33,"
",0.1042403131723404,2.2610563418306477
671,aspasia,33,bij,0.0057183923199772835,5.164067576037056
672,aspasia,33,hem,9.870452777249739e-05,9.223379738488903
673,aspasia,33,in,0.0006036664708517492,7.4124887131249215
674,aspasia,33,",",0.016775120049715042,4.087858439684124
675,aspasia,33,hoewel,0.0015294974436983466,6.482816065706293
676,aspasia,33,hun,7.173993594733474e-07,14.14763316469314
677,aspasia,33,status,1.337098296971817e-06,13.525008741999613
678,aspasia,33,als,4.427149542607367e-05,10.025169532118875
679,aspasia,33,koppel,0.00011313662253087386,9.086914420617228
680,aspasia,33,wordt,3.230275979149155e-05,10.340357888924624
681,aspasia,33,betwist,0.00011581493890844285,9.06351699502814
682,aspasia,33,.,0.020043080672621727,3.909871288401402
683,aspasia,34,zoon,0.0004814181011170149,7.638774432331311
684,aspasia,34,",",0.04827381297945976,3.03086603969157
685,aspasia,34,"
",2.1716679839300923e-05,10.73742993649375
686,aspasia,34,Perikles,0.00068318733246997,7.288741457128481
687,aspasia,35,Jongere,0.00014194234972819686,8.860089570627984
688,aspasia,35,",",0.037684790790081024,3.2784986932456714
689,aspasia,35,moet,8.372480806428939e-06,11.690560324734673
690,aspasia,35,ten,0.002657095668837428,5.930521606515666
691,aspasia,35,laatste,0.0007698252447880805,7.169347023695362
692,aspasia,35,in,0.005984724499285221,5.118544972897159
693,aspasia,35,440,5.52424717170652e-06,12.106363578359149
694,aspasia,35,v.Chr.,0.001751154544763267,6.347479968714664
695,aspasia,35,zijn,0.0005820122896693647,7.449018994185396
696,aspasia,35,geboren,1.9380564481252804e-05,10.851239824926209
697,aspasia,35,.,0.12961174547672272,2.0432118704920774
698,aspasia,35,"
",6.78738297210657e-06,11.90044511453145
699,aspasia,36,moet,1.5756103266539867e-06,13.360867851762237
700,aspasia,36,redelijk,3.3875363442348316e-05,10.292822549896552
701,aspasia,36,jong,1.7039088788806112e-06,13.282585605822302
702,aspasia,36,zijn,0.0003906958154402673,7.847581266377122
703,aspasia,36,geweest,0.00014088307216297835,8.867580287065069
704,aspasia,36,",",0.029624775052070618,3.519144272734721
705,aspasia,36,omdat,0.00010887332609854639,9.125325497435202
706,aspasia,36,ze,0.00040421169251203537,7.813571825872238
707,aspasia,36,blijkbaar,3.29294525727164e-05,10.321143085682708
708,aspasia,36,nog,0.0003253142349421978,8.030718966013556
709,aspasia,36,in,0.0007915381575003266,7.141532470708164
710,aspasia,36,staat,5.362635874917032e-06,12.136054936051274
711,aspasia,36,"
",0.0019927879329770803,6.218220649345215
712,aspasia,36,was,4.10396714869421e-05,10.100971361837937
713,aspasia,36,Lysikles,4.062095467816107e-05,10.111226499425465
714,aspasia,36,een,0.00024357729125767946,8.320076247912018
715,aspasia,36,kind,3.456975900917314e-05,10.272531275152142
716,aspasia,36,te,0.012493543326854706,4.382543301975071
717,aspasia,36,baren,0.001165027148090303,6.755010889154181
718,aspasia,36,rond,0.0023238584399223328,6.064526354101428
719,aspasia,36,428,5.644011253025383e-06,12.084915530172472
720,aspasia,36,v.Chr.,0.0012930817902088165,6.650726925037692
721,aspasia,36,"

",2.7543695978238247e-05,10.499736869665476
722,aspasia,37,de,6.649830902460963e-05,9.618334038827127
723,aspasia,37,hogere,9.830018825596198e-05,9.227484615696385
724,aspasia,37,kringen,5.371195584302768e-06,12.134460032827254
725,aspasia,37,werd,0.00016124524699989706,8.732584078692447
726,aspasia,37,Aspasia,1.1226551066556567e-07,16.002399140221282
727,aspasia,37,eerder,0.0007376830326393247,7.211996320691892
728,aspasia,37,opgemerkt,0.0010914381127804518,6.820259082820903
729,aspasia,37,door,0.0005763837834820151,7.45873682837414
730,aspasia,37,haar,0.0008473459165543318,7.073401544614416
731,aspasia,37,vaardigheid,0.0008432710310444236,7.07822214387171
732,aspasia,37,"
",0.008904279209673405,4.721223307720506
733,aspasia,37,als,2.6516689104028046e-05,10.53773624568824
734,aspasia,37,onderhoudend,0.004995808470994234,5.299156023923996
735,aspasia,37,praatster,3.697376814670861e-05,10.2053018657653
736,aspasia,37,en,0.0204573106020689,3.8894149737227197
737,aspasia,37,adviseuse,7.633899258507881e-06,11.78291180015117
738,aspasia,37,dan,3.159165544275311e-06,12.665202633504924
739,aspasia,37,alleen,0.0002996724797412753,8.112820413879694
740,aspasia,37,om,0.0013271024217829108,6.624757343654292
741,aspasia,37,haar,5.7740013289730996e-05,9.759560153564443
742,aspasia,37,schoonheid,9.026236398312903e-07,13.917960159079632
743,aspasia,37,.,0.016396107152104378,4.110711341102534
744,aspasia,37,"
",1.1284171705483459e-05,11.39210954821897
745,aspasia,38,Plutarchus,2.032821430475451e-05,10.803500769658685
746,aspasia,38,werd,0.00025429180823266506,8.277028099060693
747,aspasia,38,het,3.642974479589611e-05,10.220124952296473
748,aspasia,38,huis,0.0002132896042894572,8.452859671183084
749,aspasia,38,van,7.880679913796484e-05,9.448511281345935
750,aspasia,38,Perikles,3.1919906177790835e-05,10.352280724679252
751,aspasia,38,en,0.011902470141649246,4.43100932547684
752,aspasia,38,Aspasia,1.0110806215379853e-05,11.501905783761172
753,aspasia,38,een,3.963952622143552e-06,12.438268893600362
754,aspasia,38,"
",0.036081597208976746,3.321972316226053
755,aspasia,38,intellectueel,8.69734794832766e-05,9.34990731930643
756,aspasia,38,centrum,4.1911953303497285e-05,10.079939490014892
757,aspasia,38,in,0.0074739763513207436,4.896328112050056
758,aspasia,38,Athene,1.0209746506006923e-06,13.79475284710104
759,aspasia,38,",",0.012346914038062096,4.394349122592784
760,aspasia,38,dat,7.994352199602872e-05,9.434190147657768
761,aspasia,38,de,0.0025624434929341078,5.966793986298659
762,aspasia,38,meest,0.0002577864797785878,8.263378913448156
763,aspasia,38,prominente,0.0003531380498316139,7.948651501471032
764,aspasia,38,schrijvers,5.650425373460166e-05,9.781194635307745
765,aspasia,38,en,0.01792694814503193,4.0214502152761264
766,aspasia,38,"
",0.23402366042137146,1.4523330558241576
767,aspasia,38,denkers,0.0007089445716701448,7.251733212668552
768,aspasia,38,aantrok,0.0011888955486938357,6.73473051316109
769,aspasia,38,",",0.009860528632998466,4.619215497910399
770,aspasia,38,waaronder,0.0005507509340532124,7.504227876317373
771,aspasia,38,de,0.05932953208684921,2.824648085362452
772,aspasia,38,filosoof,0.0002590323565527797,8.258557575292475
773,aspasia,38,Socrates,0.005297926254570484,5.240439807713756
774,aspasia,38,.,0.04571975767612457,3.0852247402418267
775,aspasia,39,biograaf,6.356205631163903e-06,11.966078957521766
776,aspasia,39,schrijft,0.00046609833952970803,7.671113917068414
777,aspasia,39,"
",0.09601743519306183,2.343225487410204
778,aspasia,39,dat,8.902198896976188e-05,9.326627151672202
779,aspasia,39,",",0.012640995904803276,4.370810103430221
780,aspasia,39,ondanks,4.189553510514088e-05,10.080331297450675
781,aspasia,39,haar,0.0015701892552897334,6.456559122116326
782,aspasia,39,immorele,8.207050996134058e-05,9.40793180260563
783,aspasia,39,leven,0.0004374155541881919,7.734626889795588
784,aspasia,39,",",0.10509752482175827,2.25286655207343
785,aspasia,39,Atheense,4.435727896634489e-05,10.023233737166336
786,aspasia,39,mannen,4.639034614228876e-06,12.281004270651287
787,aspasia,39,hun,4.5009971927356673e-07,14.613796680345638
788,aspasia,39,echtgenotes,2.168092760257423e-05,10.73907759621153
789,aspasia,39,zouden,0.0016192215261980891,6.425809784617791
790,aspasia,39,"
",0.11887122690677643,2.1297144986263943
791,aspasia,39,meebrengen,0.0019111578585579991,6.260046011924739
792,aspasia,39,om,0.0013925394741818309,6.5766262388577434
793,aspasia,39,haar,4.516077024163678e-05,10.005281762990423
794,aspasia,39,conversaties,1.301823795074597e-05,11.249159264386417
795,aspasia,39,te,0.003040838520973921,5.795621972330168
796,aspasia,39,aanhoren,0.0015947577776387334,6.441033417827149
797,aspasia,39,.,0.04306420683860779,3.1450630946835623
798,aspasia,39,"

",0.00048686008085496724,7.627533784468645
799,aspasia,40,",",0.1446763277053833,1.9332562544060012
800,aspasia,40,Aspasia,7.83379476843038e-08,16.362233706597156
801,aspasia,40,en,0.00019455076835583895,8.544817409141157
802,aspasia,40,hun,1.3459447245622869e-07,15.820999487026072
803,aspasia,40,vrienden,0.001083730603568256,6.827345927544559
804,aspasia,40,waren,0.0009684314136393368,6.939832894724163
805,aspasia,40,niet,0.0028260143008083105,5.868887934290882
806,aspasia,40,immuun,0.0002443976409267634,8.316713983222572
807,aspasia,40,voor,0.002378467470407486,6.04129891870113
808,aspasia,40,aanvallen,5.02347138535697e-05,9.898804259222889
809,aspasia,40,",",0.13164354860782623,2.0276573983588566
810,aspasia,40,daar,0.00032699981238693,8.025550960807461
811,aspasia,40,"
",0.002076626755297184,6.177010453993589
812,aspasia,40,een,2.0226480046403594e-05,10.808517918641373
813,aspasia,40,vooraanstaande,0.009017322212457657,4.708607861215965
814,aspasia,40,positie,8.013254273464554e-07,14.03699869604829
815,aspasia,40,in,0.013464638963341713,4.307688366049329
816,aspasia,40,de,0.026254670694470406,3.639911374554466
817,aspasia,40,Atheense,5.552535185415763e-06,12.101255944337796
818,aspasia,40,democratie,2.3391143258777447e-05,10.663153100461892
819,aspasia,40,niet,0.0031387771014124155,5.763922013069409
820,aspasia,40,gelijk,2.121473880833946e-05,10.760814391036048
821,aspasia,40,stond,0.008244442753493786,4.798215911246874
822,aspasia,40,"
",0.005346910562366247,5.23123634984961
823,aspasia,40,met,0.0004931820440106094,7.614632194452393
824,aspasia,40,een,0.0007552678580395877,7.188438092774007
825,aspasia,40,absolute,2.890331245453126e-07,15.056724537598248
826,aspasia,40,regering,0.00018717236525844783,8.583480626300556
827,aspasia,40,.,0.0908016636967659,2.3990776708911405
828,aspasia,41,relatie,2.87682814814616e-05,10.456237115189367
829,aspasia,41,met,7.828385605535004e-06,11.757754249866585
830,aspasia,41,Perikles,1.3326639418664854e-05,11.225745562184667
831,aspasia,41,en,0.006654353812336922,5.012483929920471
832,aspasia,41,haar,0.00016180005331989378,8.729149223797949
833,aspasia,41,latere,0.0008951799245551229,7.018485826871365
834,aspasia,41,"
",0.012475610710680485,4.383979683778834
835,aspasia,41,politieke,6.261591352085816e-06,11.981076195559679
836,aspasia,41,invloed,7.801843935340003e-07,14.063735543234648
837,aspasia,41,veroorzaakte,8.803071250440553e-05,9.33782479864252
838,aspasia,41,nogal,9.429042984265834e-05,9.269130859767008
839,aspasia,41,wat,4.7133726184256375e-05,9.962521758319433
840,aspasia,41,reactie,6.217417194420705e-07,14.290741072498637
841,aspasia,41,.,0.006541933864355087,5.02952245930942
842,aspasia,42,Kagan,0.00023975603107828647,8.335888688820415
843,aspasia,42,gelooft,2.2383681425708346e-05,10.7071783723749
844,aspasia,42,"
",0.021343186497688293,3.847022723839205
845,aspasia,42,dat,3.224455895178835e-06,12.644746336623689
846,aspasia,42,Aspasia,4.907989250568789e-07,14.527231314297712
847,aspasia,42,vooral,3.6002194974571466e-05,10.231930649850977
848,aspasia,42,onpopulair,0.004339242819696665,5.440055411598381
849,aspasia,42,was,0.00010417732846690342,9.169416029411394
850,aspasia,42,in,0.007076832000166178,4.950928929019183
851,aspasia,42,de,0.003912152256816626,5.5436676071128
852,aspasia,42,jaren,1.8326242923194513e-07,15.512346671838872
853,aspasia,42,volgend,0.0006800004630349576,7.2934170788605925
854,aspasia,42,op,0.010975993238389492,4.51204482403474
855,aspasia,42,de,5.28475757164415e-05,9.848098717723001
856,aspasia,42,Samische,0.0005633106920868158,7.481679231084833
857,aspasia,42,"
",0.1278320848941803,2.0570377130378454
858,aspasia,42,Oorlog,0.0043714153580367565,5.4326684417550135
859,aspasia,42,.,0.008694369345903397,4.7450796644672755
860,aspasia,43,440,3.758249178531514e-08,17.096727539003975
861,aspasia,43,v.Chr.,0.0022515286691486835,6.09614588494876
862,aspasia,43,was,1.1951789019803982e-05,11.334629582021787
863,aspasia,43,Samos,0.000931281188968569,6.97894929732146
864,aspasia,43,in,0.005673089995980263,5.172021336850218
865,aspasia,43,oorlog,1.0842291885637678e-05,11.432056155736282
866,aspasia,43,met,3.97968005927396e-06,12.43430912901624
867,aspasia,43,Milete,0.002245563780888915,6.098798661970385
868,aspasia,43,over,3.4176606277469546e-05,10.28396917492348
869,aspasia,43,Priëne,2.1702962840208784e-05,10.738061770322957
870,aspasia,43,",",0.02093689516186714,3.866242357605532
871,aspasia,43,een,1.2289437108847778e-05,11.306770436179905
872,aspasia,43,"
",0.0010044758673757315,6.903289398511834
873,aspasia,43,oude,0.0003757365921046585,7.886622212989379
874,aspasia,43,stad,1.757585232553538e-05,10.948984624969187
875,aspasia,43,van,0.0004906945978291333,7.619688624040219
876,aspasia,43,Ionië,0.0032667359337210655,5.7239639779982
877,aspasia,43,aan,8.309703844133765e-05,9.395501495229663
878,aspasia,43,de,0.0038758243899792433,5.55299689300291
879,aspasia,43,voet,0.0010521740186959505,6.856896761335144
880,aspasia,43,van,0.0025274271611124277,5.980553426035878
881,aspasia,43,het,4.282144800527021e-05,10.058471459277566
882,aspasia,43,voorgebergte,0.013461199589073658,4.307943836220114
883,aspasia,43,Mykale,9.255728946300223e-05,9.287682759615222
884,aspasia,43,.,0.06181441619992256,2.783618669878731
885,aspasia,44,"
",0.00438370555639267,5.429860894823572
886,aspasia,44,door,2.013790435739793e-06,13.115491822835697
887,aspasia,44,de,0.0005541090504266322,7.4981490486624915
888,aspasia,44,oorlog,0.00012737566430587322,8.968369851079748
889,aspasia,44,",",0.008136888965964317,4.811347362934724
890,aspasia,44,kwamen,1.7604612366994843e-05,10.94734962394702
891,aspasia,44,de,0.003691908437758684,5.601611762822765
892,aspasia,44,Milesiërs,1.5396049946048151e-07,15.686569764443627
893,aspasia,44,naar,0.002961466321721673,5.822070754345793
894,aspasia,44,Athene,1.82081649313659e-07,15.518810627868127
895,aspasia,44,om,0.0003331041953060776,8.007055218109405
896,aspasia,44,voor,0.00023725877690594643,8.346359126823646
897,aspasia,44,hun,9.103673050958605e-07,13.909417686899515
898,aspasia,44,zaak,0.00022776435071136802,8.38719901300198
899,aspasia,44,tegen,0.008833341300487518,4.729221932716494
900,aspasia,44,"
",0.24136631190776825,1.4214395330489773
901,aspasia,44,de,0.011828241869807243,4.437265228282548
902,aspasia,44,Samiërs,0.0006623532390221953,7.319711550648639
903,aspasia,44,te,0.005142348352819681,5.270245425871547
904,aspasia,44,pleiten,7.446353993145749e-05,9.505200949265694
905,aspasia,44,.,0.01886207051575184,3.970602224358693
906,aspasia,45,de,5.6626311561558396e-05,9.77903681219429
907,aspasia,45,Atheners,0.0006688350695185363,7.309973061087462
908,aspasia,45,beide,8.539258851669729e-05,9.368251246454598
909,aspasia,45,partijen,5.3250169003149495e-06,12.143094672605756
910,aspasia,45,bevalen,0.001765953958965838,6.339064247940989
911,aspasia,45,de,0.004468658473342657,5.41066703322146
912,aspasia,45,strijd,1.5060017176438123e-05,11.103467195059437
913,aspasia,45,"
",0.00955479871481657,4.650711767465054
914,aspasia,45,te,5.407764183473773e-05,9.825089732307188
915,aspasia,45,staken,8.871292811818421e-05,9.330104928218837
916,aspasia,45,en,0.011639130301773548,4.453382555812729
917,aspasia,45,hun,7.945825473143486e-07,14.045448957921966
918,aspasia,45,zaak,0.0001475425815442577,8.821393735411242
919,aspasia,45,voor,0.00014331034617498517,8.850498026329664
920,aspasia,45,te,0.00041729595977813005,7.781714852229763
921,aspasia,45,leggen,0.00732183363288641,4.916894486081918
922,aspasia,45,aan,0.00022114872990641743,8.416675096798162
923,aspasia,45,Athene,7.386910283457837e-07,14.118386097678671
924,aspasia,45,",",0.012667748145759106,4.3686960316401695
925,aspasia,45,weigerden,0.00024051668879110366,8.332721078763175
926,aspasia,45,de,0.003985697869211435,5.525042858054453
927,aspasia,45,Samiërs,0.007210270036011934,4.932248875403
928,aspasia,45,.,0.007451748009771109,4.899306641928454
929,aspasia,45,"
",1.543378493806813e-05,11.078951624322427
930,aspasia,46,antwoord,4.2874307837337255e-05,10.057237796344056
931,aspasia,46,daarop,0.0002023228444159031,8.50564589670622
932,aspasia,46,liet,0.00032261732849292457,8.03904367861061
933,aspasia,46,Perikles,5.650719231198309e-06,12.083727723350348
934,aspasia,46,een,6.155299342935905e-05,9.695612072408222
935,aspasia,46,decreet,8.73007684276672e-06,11.64873638600182
936,aspasia,46,goedkeuren,5.736597449867986e-05,9.766059209170194
937,aspasia,46,om,0.0029087767470628023,5.840022648009628
938,aspasia,46,een,9.601002966519445e-05,9.251057896274533
939,aspasia,46,expeditie,2.8193087928229943e-05,10.476433718992325
940,aspasia,46,"
",0.0027024424634873867,5.913599298783973
941,aspasia,46,uit,3.0936636903788894e-05,10.383569416083873
942,aspasia,46,te,0.004249179270118475,5.461029427607811
943,aspasia,46,sturen,0.0003090370155405253,8.08204949684766
944,aspasia,46,naar,0.0007843190687708557,7.150694644932892
945,aspasia,46,Samos,0.00011265543435001746,9.091176651237442
946,aspasia,46,.,0.007143186870962381,4.94159626174
947,aspasia,47,campagne,9.718119144963566e-06,11.541518461820736
948,aspasia,47,bleek,1.233555622093263e-06,13.605609809092751
949,aspasia,47,moeilijker,5.7978660095159285e-08,16.663190823496425
950,aspasia,47,te,0.0017261826433241367,6.3618428730756715
951,aspasia,47,zijn,2.5245259166695178e-05,10.586872175645675
952,aspasia,47,dan,5.4437423386843875e-05,9.818458710712472
953,aspasia,47,"
",0.0016373799880966544,6.414657882852656
954,aspasia,47,gedacht,7.409222234855406e-06,11.812785085723103
955,aspasia,47,en,0.018752947449684143,3.976404341603433
956,aspasia,47,de,0.0007844776846468449,7.150492431515272
957,aspasia,47,Atheners,5.2092509577050805e-05,9.862489389655055
958,aspasia,47,moesten,0.0013394261477515101,6.615514004690291
959,aspasia,47,zware,0.0011905310675501823,6.733355796157628
960,aspasia,47,verliezen,0.0007141436799429357,7.24442638345614
961,aspasia,47,lijden,0.0003799620899371803,7.875439073543744
962,aspasia,47,alvorens,0.00022282826830632985,8.409109180462423
963,aspasia,47,Samos,1.2176778000139166e-05,11.315979862685564
964,aspasia,47,"
",0.01824760250747204,4.003721577036946
965,aspasia,47,werd,0.0040620542131364346,5.506066469498325
966,aspasia,47,verslagen,2.5386572815477848e-05,10.581290153025416
967,aspasia,47,.,0.128432497382164,2.052351824872715
968,aspasia,48,Plutarchus,2.032821430475451e-05,10.803500769658685
969,aspasia,48,was,3.142683272017166e-05,10.367848484737566
970,aspasia,48,men,0.00018172450654674321,8.61301871798181
971,aspasia,48,van,7.502045264118351e-06,11.800334872715963
972,aspasia,48,mening,0.00046769328764639795,7.667697845171219
973,aspasia,48,dat,0.0003151192795485258,8.062559325580812
974,aspasia,48,Aspasia,2.564752094258438e-06,12.87364873342431
975,aspasia,48,",",0.07684772461652756,2.56592941754871
976,aspasia,48,die,8.39731001178734e-05,9.385014047099663
977,aspasia,48,"
",0.0013431408442556858,6.612744494076307
978,aspasia,48,van,0.0026481221430003643,5.933904515460458
979,aspasia,48,Milete,0.001167355221696198,6.753014583223203
980,aspasia,48,kwam,0.00011211025412194431,9.096027759081652
981,aspasia,48,",",0.0679316520690918,2.689253195905486
982,aspasia,48,verantwoordelijk,0.001068914425559342,6.84111170107019
983,aspasia,48,was,2.9242713935673237e-05,10.439880111532323
984,aspasia,48,voor,0.0008830720908008516,7.032103717656853
985,aspasia,48,de,0.05929078161716461,2.8253014383987582
986,aspasia,48,Samische,0.0015051321825012565,6.498874555733541
987,aspasia,48,Oorlog,0.002904412569478154,5.841524122730957
988,aspasia,48,en,0.05108826979994774,2.974200361941058
989,aspasia,48,dat,0.0007483679801225662,7.197615748923011
990,aspasia,48,"
",0.02242743968963623,3.7974700836600235
991,aspasia,48,Perikles,0.0002129588829120621,8.454411448860617
992,aspasia,48,om,0.0004974646726623178,7.605986013610921
993,aspasia,48,haar,4.765337871504016e-05,9.9515570234515
994,aspasia,48,te,0.0015129484236240387,6.493694933571206
995,aspasia,48,behagen,5.634604349324945e-06,12.086583626012132
996,aspasia,49,kant,0.00038193815271370113,7.870251866356384
997,aspasia,49,van,3.1748854780744296e-06,12.66023899616797
998,aspasia,49,Milete,5.969257836113684e-05,9.726302860852384
999,aspasia,49,had,0.00010309527715435252,9.17985697638679
1000,aspasia,49,gekozen,0.0006612997385673225,7.32130335861517
1001,aspasia,49,en,0.002060274826362729,6.184915894223391
1002,aspasia,49,Samos,0.0010899336775764823,6.821638430852402
1003,aspasia,49,had,8.54221943882294e-05,9.36790460348465
1004,aspasia,49,"
",0.005738838110119104,5.1604985089802
1005,aspasia,49,aangevallen,0.0007067479309625924,7.254836488932755
1006,aspasia,49,.,0.0071248156018555164,4.944171433603659
1007,aspasia,49,"
",2.4568419121351326e-06,12.916633808320599
1008,carrie,1,"

",0.000380084355128929,7.875117342697959
1009,carrie,1,Het,0.004120144061744213,5.491867149789243
1010,carrie,1,verhaal,0.00013188878074288368,8.933551560669297
1011,carrie,1,speelt,7.031198947515804e-07,14.167738412377739
1012,carrie,1,zich,0.00017326082161162049,8.660712459440221
1013,carrie,1,af,9.231719559466e-06,11.592865225667504
1014,carrie,1,in,6.201291853358271e-06,11.990752924172993
1015,carrie,1,de,0.05796267092227936,2.8479560804264756
1016,carrie,1,Amerikaanse,1.0055790866658754e-08,18.415117162746366
1017,carrie,1,plaats,4.3675834604073316e-05,10.038715592703191
1018,carrie,1,Chamberlain,0.00026522300322540104,8.234939564253553
1019,carrie,1,.,0.007249095477163792,4.926878579669462
1020,carrie,2,"
",0.0009425962925888598,6.966872476657787
1021,carrie,2,16-jarige,0.0002918715763371438,8.139196659504062
1022,carrie,2,Carrie,4.1264362948822964e-07,14.700681499077946
1023,carrie,2,White,0.00011402905511204153,9.079057272639595
1024,carrie,2,is,0.0003198088670615107,8.047787031052271
1025,carrie,2,een,2.287993538629962e-06,12.987835308476077
1026,carrie,2,erg,1.8001290982283535e-06,13.227652174396026
1027,carrie,2,onzeker,4.16030889027752e-06,12.389921233977123
1028,carrie,2,en,0.0017317661549896002,6.358613492397348
1029,carrie,2,bovendien,0.002142478246241808,6.14579206098995
1030,carrie,2,lelijk,0.0006677101482637227,7.311656388378566
1031,carrie,2,meisje,0.005873496178537607,5.137305221328346
1032,carrie,2,.,0.10515674203634262,2.252303260616519
1033,carrie,3,"
",0.0017704700585454702,6.336510197854116
1034,carrie,3,moet,0.0002065210574073717,8.485108177845017
1035,carrie,3,de,0.0003965787764173001,7.8326358571347505
1036,carrie,3,dubbele,2.2719344997312874e-05,10.69229379387052
1037,carrie,3,last,5.830319196320488e-07,14.355023901439367
1038,carrie,3,verdragen,0.0012407461181282997,6.692042372150984
1039,carrie,3,van,0.00011079067189712077,9.107867975849299
1040,carrie,3,de,0.005825771950185299,5.145463764673893
1041,carrie,3,pesterijen,0.00027090308140031993,8.213749434259732
1042,carrie,3,van,0.0008381935767829418,7.084261485610584
1043,carrie,3,haar,0.00040521277696825564,7.811098253588722
1044,carrie,3,klasgenoten,0.0007548925350420177,7.188935156538912
1045,carrie,3,en,0.0012916404521092772,6.651842200192091
1046,carrie,3,"
",0.23525552451610565,1.44708301719576
1047,carrie,3,de,0.012287360616028309,4.3991841371314155
1048,carrie,3,onderdrukking,5.726333620259538e-05,9.767849995887586
1049,carrie,3,van,0.006324352230876684,5.063347663703877
1050,carrie,3,haar,0.09154484421014786,2.390926326103409
1051,carrie,3,door,5.1562365115387365e-05,9.8727185098168
1052,carrie,3,het,0.0002576308907009661,8.263982653606167
1053,carrie,3,geloof,0.003918730188161135,5.541987609248484
1054,carrie,3,bezeten,0.005243139341473579,5.2508348490762735
1055,carrie,3,moeder,0.0008541010320186615,7.0654610667016255
1056,carrie,3,Margareth,5.8457830164115876e-05,9.747204915560571
1057,carrie,3,.,0.008981040678918362,4.712639514861609
1058,carrie,4,"
",0.01392786018550396,4.273864114942283
1059,carrie,4,vader,0.000508721626829356,7.583609593122682
1060,carrie,4,Ralph,0.0002488312020432204,8.298735794820884
1061,carrie,4,leeft,1.15610018838197e-05,11.367873030325017
1062,carrie,4,niet,0.0008414865005761385,7.080340586558181
1063,carrie,4,meer,0.0006563299102708697,7.328846983439764
1064,carrie,4,.,0.004705838393419981,5.358951329806357
1065,carrie,5,ergste,0.00010529907012823969,9.158705969554315
1066,carrie,5,pester,0.001800846541300416,6.319498423914288
1067,carrie,5,uit,2.0855341062997468e-06,13.080485569427434
1068,carrie,5,haar,0.00017005906556732953,8.679364736745177
1069,carrie,5,klas,0.00018587103113532066,8.590457505743752
1070,carrie,5,is,0.0014262100448831916,6.552734671285077
1071,carrie,5,de,0.0007691290811635554,7.170251746675468
1072,carrie,5,"
",0.006153448950499296,5.0907425493968095
1073,carrie,5,populaire,6.471866799984127e-05,9.645460866392435
1074,carrie,5,en,0.0031229995656758547,5.768961339753938
1075,carrie,5,verwende,0.0002485207514837384,8.299984208937289
1076,carrie,5,Chris,2.001303755605477e-06,13.121711711981632
1077,carrie,5,Hargensen,0.007801108527928591,4.853489436419331
1078,carrie,5,",",0.10639369487762451,2.2406089624993997
1079,carrie,5,de,0.022913647815585136,3.776022571464504
1080,carrie,5,dochter,5.927802249061642e-06,12.035857029322175
1081,carrie,5,van,0.00023669746587984264,8.348727747543712
1082,carrie,5,een,1.686818723101169e-05,10.99008112236615
1083,carrie,5,rijke,0.0002985884784720838,8.116444258760732
1084,carrie,5,"
",0.09174994379281998,2.3886884046599612
1085,carrie,5,advocaat,2.1968122382531874e-05,10.725918138008625
1086,carrie,5,.,0.08117768168449402,2.5111149256966567
1087,carrie,6,haar,4.433012509252876e-05,10.023846087363138
1088,carrie,6,eerste,6.170077995193424e-06,11.995799079090663
1089,carrie,6,menstruatie,2.729431116677006e-07,15.114002445645628
1090,carrie,6,begint,3.4267081900907215e-06,12.583910468948028
1091,carrie,6,Carrie,2.6146269149762702e-08,17.459559327751155
1092,carrie,6,te,1.0189249223913066e-05,11.494177391175768
1093,carrie,6,beseffen,0.00025934039149433374,8.257369106265228
1094,carrie,6,dat,4.4310105295153335e-05,10.024297796426353
1095,carrie,6,ze,0.0002032890624832362,8.500881638662944
1096,carrie,6,"
",0.01052132248878479,4.554351367711975
1097,carrie,6,telekinetische,0.00010863780335057527,9.12749111388541
1098,carrie,6,en,0.0009319250821135938,6.97825813050794
1099,carrie,6,telepathische,0.002055196790024638,6.187383674049618
1100,carrie,6,krachten,5.999884524499066e-05,9.7211852418442
1101,carrie,6,bezit,0.0012998145539313555,6.645533675512277
1102,carrie,6,.,0.03901035338640213,3.2439281966375915
1103,carrie,7,Carrie,4.4578414417628665e-06,12.32084589075675
1104,carrie,7,drie,3.2741049835749436e-06,12.629466013684914
1105,carrie,7,was,4.434450238477439e-05,10.02352181664939
1106,carrie,7,"
",0.01904142089188099,3.961138625728928
1107,carrie,7,zijn,0.00012515905837062746,8.985925162596915
1108,carrie,7,er,4.9224356189370155e-05,9.919122012460722
1109,carrie,7,al,0.0003218871133867651,8.041309653431448
1110,carrie,7,eens,4.470283784030471e-06,12.318058664993686
1111,carrie,7,ogenschijnlijk,6.668838068435434e-07,14.220650008839197
1112,carrie,7,vanuit,0.0010848427191376686,6.826320261817453
1113,carrie,7,het,3.731601100298576e-05,10.196088074005871
1114,carrie,7,niets,5.7395027397433296e-05,9.765552889098148
1115,carrie,7,stenen,6.032681085343938e-06,12.018319021606187
1116,carrie,7,op,0.0019425018690526485,6.243778513533669
1117,carrie,7,het,0.00027920029242523015,8.183581139708302
1118,carrie,7,huis,6.999109609751031e-05,9.56714252261234
1119,carrie,7,van,0.0006715244962833822,7.3059600627208905
1120,carrie,7,"
",0.11121395230293274,2.1962994346862863
1121,carrie,7,de,0.007815913297235966,4.851593457287323
1122,carrie,7,Whites,1.679603155935183e-05,10.994367916163869
1123,carrie,7,gevallen,2.9972858101245947e-05,10.415218315775755
1124,carrie,7,.,0.014640712179243565,4.223949125508962
1125,carrie,8,moeder,6.9156890276644845e-06,11.881717955343785
1126,carrie,8,ziet,1.0664947694749571e-05,11.448548110436525
1127,carrie,8,dit,2.1185842342674732e-06,13.064762506392242
1128,carrie,8,als,0.00020549686450976878,8.490079782004393
1129,carrie,8,een,1.2290108315937687e-05,11.306715821086057
1130,carrie,8,teken,0.00024577186559326947,8.311106827947855
1131,carrie,8,van,0.00043324040598236024,7.744217773912974
1132,carrie,8,God,7.536252269346733e-06,11.79578554601871
1133,carrie,8,dat,7.498536433558911e-05,9.498217605662823
1134,carrie,8,ze,0.0013981176307424903,6.572628496548261
1135,carrie,8,"
",0.006317466031759977,5.064437095564821
1136,carrie,8,een,9.158502507489175e-07,13.903412967352029
1137,carrie,8,zondig,0.0021871391218155622,6.125160926226342
1138,carrie,8,meisje,0.0019309702329337597,6.249732691017726
1139,carrie,8,is,0.001638229819945991,6.414138998175783
1140,carrie,8,.,0.018999217078089714,3.963357507081035
1141,carrie,9,werkelijkheid,2.598166247480549e-06,12.860704651200994
1142,carrie,9,bezit,0.00017953368660528213,8.625147698533379
1143,carrie,9,een,2.628615902722231e-06,12.849053123033888
1144,carrie,9,vrouw,0.00023224830511026084,8.36770347799228
1145,carrie,9,in,2.1230534912319854e-05,10.760070086508124
1146,carrie,9,iedere,0.00019708032777998596,8.531899157107501
1147,carrie,9,derde,3.9803708204999566e-05,10.13155047903414
1148,carrie,9,"
",0.005879500415176153,5.136283484086612
1149,carrie,9,generatie,3.683442628243938e-05,10.209077653288398
1150,carrie,9,van,0.005569645669311285,5.190423841193646
1151,carrie,9,haar,9.11799434106797e-05,9.302675603812208
1152,carrie,9,familie,0.0036005994770675898,5.62665492597556
1153,carrie,9,deze,0.016613878309726715,4.097516890154095
1154,carrie,9,krachten,1.1368309969839174e-05,11.384680900665842
1155,carrie,9,;,0.00018873652152251452,8.575158581537137
1156,carrie,10,oma,6.517362294289342e-07,14.243625912965243
1157,carrie,10,had,3.693838834806229e-07,14.811429399043103
1158,carrie,10,ze,0.00024762770044617355,8.303584147619162
1159,carrie,10,ook,1.7245365597773343e-06,13.270552204575429
1160,carrie,10,.,0.06719879060983658,2.7001000284924106
1161,carrie,10,"

",4.9620291974861175e-05,9.911110695500657
1162,carrie,11,een,1.9963231068231835e-07,15.426788609003818
1163,carrie,11,dag,5.0869140977738425e-05,9.886254085890258
1164,carrie,11,wordt,5.332232376531465e-06,12.141740575102434
1165,carrie,11,Carrie,1.9078143509432266e-08,17.774722476004477
1166,carrie,11,in,0.0003427574993111193,7.978487359932999
1167,carrie,11,de,0.002059295540675521,6.185391325211772
1168,carrie,11,meisjesdouche,4.488422200665809e-05,10.01142422794231
1169,carrie,11,na,3.2540865504415706e-05,10.333013858358216
1170,carrie,11,een,8.85907775227679e-06,11.634067889930293
1171,carrie,11,gymles,0.00044147876906208694,7.725380627271127
1172,carrie,11,ondanks,0.0013539008796215057,6.60476531276883
1173,carrie,11,haar,0.0030961495358496904,5.7775960247279965
1174,carrie,11,"
",0.003292577574029565,5.716084563795365
1175,carrie,11,leeftijd,1.552375351820956e-06,13.37572431504424
1176,carrie,11,pas,6.359243343467824e-06,11.96560115884273
1177,carrie,11,voor,0.00739106023684144,4.907484085186697
1178,carrie,11,het,0.00026344164507463574,8.241678675326247
1179,carrie,11,eerst,4.4118067307863384e-05,10.0286411698906
1180,carrie,11,ongesteld,0.0020687400829046965,6.1808155126124715
1181,carrie,11,.,0.002834183629602194,5.866001344610863
1182,carrie,12,is,0.0010954251047223806,6.816612767562155
1183,carrie,12,doodsbang,1.2197445357742254e-05,11.31428402505803
1184,carrie,12,",",0.18294532597064972,1.6985679359676327
1185,carrie,12,want,3.3791008036132553e-07,14.900486011290777
1186,carrie,12,haar,0.0006415985408239067,7.351547775691509
1187,carrie,12,"
",0.007695131003856659,4.867167487293434
1188,carrie,12,christenfundamentalistische,3.42323946824763e-05,10.282338149280903
1189,carrie,12,moeder,2.576233964646235e-05,10.566596836067413
1190,carrie,12,heeft,3.812953536908026e-06,12.477106462605517
1191,carrie,12,nooit,0.0014907827135175467,6.508453985866734
1192,carrie,12,met,0.0005105799064040184,7.579963406841502
1193,carrie,12,één,4.5422975745168515e-06,12.30207760024099
1194,carrie,12,letter,1.3146383935236372e-05,11.239363823069644
1195,carrie,12,over,4.4646523747360334e-05,10.016734109274903
1196,carrie,12,het,0.0015838997205719352,6.447865295313659
1197,carrie,12,"
",0.1739729642868042,1.7488553695020124
1198,carrie,12,bestaan,0.0008052152115851641,7.124400972691584
1199,carrie,12,van,0.001990255666896701,6.21949217267056
1200,carrie,12,ongesteldheid,2.5829498554230668e-05,10.563993364353882
1201,carrie,12,gesproken,0.0003370597551111132,7.995250328460564
1202,carrie,12,.,0.02496262639760971,3.690375516753385
1203,carrie,13,klasgenotes,1.0565832781139761e-05,11.457885085474608
1204,carrie,13,",",0.05812066048383713,2.8452340762042767
1205,carrie,13,aangevoerd,7.37126320018433e-05,9.515336375873193
1206,carrie,13,door,8.836825145408511e-05,9.333997799276208
1207,carrie,13,"
",0.008916606195271015,4.719839876169993
1208,carrie,13,Chris,5.230337774264626e-05,9.85844960498944
1209,carrie,13,",",0.04615495726466179,3.075750907449631
1210,carrie,13,bekogelen,2.7384251097828383e-06,12.808127580263697
1211,carrie,13,haar,0.00016417453298345208,8.714580470517737
1212,carrie,13,jouwend,3.008389057868044e-06,12.714105819193955
1213,carrie,13,met,7.618254312546924e-05,9.482378214359057
1214,carrie,13,tampons,0.001707369345240295,6.372801487607874
1215,carrie,13,en,0.006458825897425413,5.04230772733064
1216,carrie,13,maandverband,0.0005837059579789639,7.446113198544392
1217,carrie,13,",",0.05255037918686867,2.9459829659503165
1218,carrie,13,tot,0.000192030580365099,8.557855925884157
1219,carrie,13,Carries,2.5688133973744698e-05,10.56948138576927
1220,carrie,13,"
",0.13130569458007812,2.030227127859277
1221,carrie,13,gymlerares,0.0008720519253984094,7.044661588352935
1222,carrie,13,",",0.15190927684307098,1.8844717992039475
1223,carrie,13,Rita,0.0024383508134633303,6.016433364319373
1224,carrie,13,Desjardin,8.631025411887094e-05,9.357562147479472
1225,carrie,13,",",0.4681451618671417,0.758976856228999
1226,carrie,13,haar,0.0010677864775061607,6.842167485860975
1227,carrie,13,ontzet,2.637360978496872e-07,15.148316863119978
1228,carrie,13,.,0.004582527093589306,5.3855046658643335
1229,carrie,14,moeder,6.9156890276644845e-06,11.881717955343785
1230,carrie,14,toont,5.3746149205835536e-05,9.831238536205092
1231,carrie,14,geen,1.094675826607272e-05,11.422467194293331
1232,carrie,14,enkel,0.0007971436134539545,7.134475702867318
1233,carrie,14,"
",0.015645939856767654,4.15754382972717
1234,carrie,14,medelijden,2.0274183043511584e-05,10.806162252559492
1235,carrie,14,met,0.0006798324757255614,7.293664149372657
1236,carrie,14,Carrie,1.1358552853835135e-07,15.990709728401297
1237,carrie,14,",",0.010449744760990143,4.561177725655239
1238,carrie,14,maar,0.0018856837414205074,6.273464796307859
1239,carrie,14,sluit,0.00014770815323572606,8.820272168625317
1240,carrie,14,haar,0.000748798658605665,7.197040424194504
1241,carrie,14,thuis,0.00040410313522443175,7.813840427373859
1242,carrie,14,op,0.000587683345656842,7.439322282918307
1243,carrie,14,in,0.000852612720336765,7.067205134278396
1244,carrie,14,de,0.0017691970570012927,6.337229475434468
1245,carrie,14,kast,0.0009545714128762484,6.954248100545008
1246,carrie,14,om,0.0022270064800977707,6.107096980923187
1247,carrie,14,daar,0.001056354376487434,6.852931566198796
1248,carrie,14,voor,0.004107136279344559,5.4950292623462635
1249,carrie,14,"
",0.13208550214767456,2.024305822548078
1250,carrie,14,vergeving,0.0001947555283550173,8.543765486684265
1251,carrie,14,te,0.006743731442838907,4.9991418807185894
1252,carrie,14,bidden,6.432959480662248e-07,14.256660957218305
1253,carrie,14,.,0.021174831315875053,3.8549420046681906
1254,carrie,15,is,0.000731872336473316,7.219904462938039
1255,carrie,15,immers,4.105465905013261e-06,12.40319132454201
1256,carrie,15,iets,0.012928834185004234,4.348295253836109
1257,carrie,15,seksueels,0.0036835067439824343,5.603890060980469
1258,carrie,15,en,0.011841673403978348,4.43613032471763
1259,carrie,15,seks,0.00044437081669457257,7.718851171359215
1260,carrie,15,is,0.0012644696980714798,6.673102455706842
1261,carrie,15,een,5.080451501271455e-06,12.190110422120275
1262,carrie,15,zonde,0.000571975891944021,7.466413714423696
1263,carrie,15,",",0.011672825552523136,4.450491740951412
1264,carrie,15,"
",1.767740468494594e-05,10.943223305367946
1265,carrie,15,dus,0.005678991787135601,5.1709815642693275
1266,carrie,15,Carrie,8.699728226702064e-08,16.257388957089862
1267,carrie,15,is,0.004472013562917709,5.409916510281141
1268,carrie,15,zondig,0.003933808300644159,5.538147289067796
1269,carrie,15,geweest,0.0032778503373265266,5.7205674564061155
1270,carrie,15,.,0.01557994820177555,4.161770563206451
1271,carrie,15,"

",0.0003121131449006498,8.072144791981863
1272,carrie,16,schoolleiding,4.3863335008609283e-07,14.639601966265344
1273,carrie,16,laat,0.00013504037633538246,8.909936740276741
1274,carrie,16,Chris,3.1955340773492935e-07,14.95634141673884
1275,carrie,16,nablijven,0.00020692782709375024,8.483140486878266
1276,carrie,16,en,0.0034333274234086275,5.6742253937534315
1277,carrie,16,sluit,6.636186299147084e-05,9.620388019023578
1278,carrie,16,haar,0.000731254112906754,7.220749534946156
1279,carrie,16,uit,0.0014328473480418324,6.548091661950099
1280,carrie,16,van,0.0011399445356801152,6.776775670671504
1281,carrie,16,het,8.597478154115379e-05,9.361456542606964
1282,carrie,16,"
",0.02753589116036892,3.592264992151179
1283,carrie,16,schoolbal,1.9672019334393553e-05,10.83631327021264
1284,carrie,16,.,0.001879700692370534,6.276642721000815
1285,carrie,17,',0.002971623558551073,5.818646822816893
1286,carrie,17,vader,4.795466793439118e-06,12.24783950432764
1287,carrie,17,probeert,5.1406379498075694e-05,9.875748278456198
1288,carrie,17,de,0.00036370367160998285,7.919171110861487
1289,carrie,17,directie,5.402507099461218e-07,14.431232527453622
1290,carrie,17,met,9.704832336865366e-06,11.54288661744664
1291,carrie,17,dreiging,2.0161802240181714e-05,10.811720721922354
1292,carrie,17,van,0.000986276543699205,6.9215737724029065
1293,carrie,17,juridische,7.047580311336787e-06,11.862826218303061
1294,carrie,17,"
",0.0026999767869710922,5.914512103426926
1295,carrie,17,stappen,3.9299458876485005e-05,10.144299808230036
1296,carrie,17,ertoe,5.484030680236174e-06,12.113670201780188
1297,carrie,17,te,1.8547791114542633e-05,10.895159853384252
1298,carrie,17,bewegen,0.0005230091628618538,7.555911574240481
1299,carrie,17,zijn,0.003267681924626231,5.723674437007011
1300,carrie,17,dochter,7.732598533038981e-06,11.770065589753989
1301,carrie,17,toch,0.00013754509564023465,8.891558726334877
1302,carrie,17,toe,8.791423897491768e-05,9.339148775778808
1303,carrie,17,te,6.922960164956748e-05,9.578082017305519
1304,carrie,17,laten,4.01272700401023e-05,10.123454403906198
1305,carrie,17,",",0.018702194094657898,3.9791144307392425
1306,carrie,17,maar,0.001034535700455308,6.873802551509161
1307,carrie,17,het,5.5464013712480664e-05,9.799776149092025
1308,carrie,17,hoofd,0.0006657808553427458,7.314549987603322
1309,carrie,17,"
",0.001505043706856668,6.498933340102207
1310,carrie,17,laat,0.0027367526199668646,5.900983236652262
1311,carrie,17,zich,0.0012265918776392937,6.703515786643905
1312,carrie,17,niet,0.006001540459692478,5.115739099424919
1313,carrie,17,intimideren,0.00011480836838018149,9.072246181437793
1314,carrie,17,en,0.0007512015290558338,7.193836594587956
1315,carrie,17,houdt,0.004583780188113451,5.385231252701663
1316,carrie,17,voet,0.014464451000094414,4.23606129494907
1317,carrie,17,bij,0.012062061578035355,4.417690158839914
1318,carrie,17,stuk,0.013408442959189415,4.311870698855732
1319,carrie,17,.,0.02234032191336155,3.801362075715199
1320,carrie,18,Snell,7.905895813564712e-07,14.050486864318305
1321,carrie,18,",",0.1269315928220749,2.0641069768380116
1322,carrie,18,een,2.445675306717021e-07,15.223774367101159
1323,carrie,18,ander,4.73895670438651e-05,9.957108458049614
1324,carrie,18,"
",0.011430952697992325,4.471430453993394
1325,carrie,18,populair,1.6255182345048524e-05,11.027098786489194
1326,carrie,18,meisje,0.00029013538733124733,8.145162891059279
1327,carrie,18,dat,1.9368508219486102e-06,13.154447191503358
1328,carrie,18,mee,0.0027801785618066788,5.885240122476593
1329,carrie,18,heeft,5.1730225095525384e-05,9.869468322604646
1330,carrie,18,gedaan,0.005163710564374924,5.266099856295306
1331,carrie,18,tijdens,0.0004588030278682709,7.68688957319232
1332,carrie,18,het,0.00015463346790056676,8.774452964640746
1333,carrie,18,incident,4.34976136602927e-05,10.042804479758487
1334,carrie,18,in,0.002807776676490903,5.8753623271455515
1335,carrie,18,de,0.022670231759548187,3.7867025913324155
1336,carrie,18,"
",0.10045286267995834,2.2980666895711885
1337,carrie,18,doucheruimte,2.6316345611121505e-05,10.54532030570921
1338,carrie,18,",",0.015314625576138496,4.178946987175268
1339,carrie,18,heeft,0.00021922876476310194,8.425394785390765
1340,carrie,18,daar,0.005499604158103466,5.2030791605876825
1341,carrie,18,inmiddels,0.0005756617756560445,7.459990264776498
1342,carrie,18,spijt,3.6466717574512586e-05,10.219110560635077
1343,carrie,18,van,0.0006643989472649992,7.316627764716156
1344,carrie,18,.,0.02388409897685051,3.7345423562408917
1345,carrie,19,vriendje,5.3133033361518756e-05,9.842711725934889
1346,carrie,19,Tommy,7.155826486915373e-10,21.05792401180492
1347,carrie,19,is,6.846489850431681e-05,9.589189374627436
1348,carrie,19,de,0.0032780845649540424,5.720496001264749
1349,carrie,19,"
",0.012755665928125381,4.361779719568511
1350,carrie,19,populairste,1.1422876013966743e-05,11.379892545340638
1351,carrie,19,jongen,3.799950718530454e-05,10.17793736712976
1352,carrie,19,van,0.0009440246503800154,6.96535827946901
1353,carrie,19,de,0.00713221775367856,4.94313304752381
1354,carrie,19,hele,2.19108860619599e-05,10.728526964190593
1355,carrie,19,school,5.761794909631135e-06,12.06426151554333
1356,carrie,19,.,0.04285767301917076,3.1498705830104448
1357,carrie,20,vraagt,0.0006529913516715169,7.33394667277016
1358,carrie,20,hem,7.749036740278825e-06,11.767942013900782
1359,carrie,20,om,0.00040297440136782825,7.816637518214169
1360,carrie,20,Carrie,1.41170815481928e-07,15.773295222471903
1361,carrie,20,mee,8.893116319086403e-05,9.327647934790475
1362,carrie,20,te,2.0878264876955654e-06,13.079386991159518
1363,carrie,20,"
",0.016165904700756073,4.124850902729548
1364,carrie,20,vragen,4.567134965327568e-06,12.296624471903883
1365,carrie,20,naar,0.0022974980529397726,6.075934551203878
1366,carrie,20,het,9.16822609724477e-05,9.2971816437351
1367,carrie,20,bal,2.7517444323166274e-05,10.500690415375477
1368,carrie,20,.,0.008930235169827938,4.718312549633325
1369,carrie,21,stemt,6.284974006121047e-06,11.977348851790433
1370,carrie,21,toe,2.430641643513809e-06,12.927355284638374
1371,carrie,21,en,0.00018678457126952708,8.585554630497558
1372,carrie,21,na,0.00048627256182953715,7.628741264458615
1373,carrie,21,veel,2.7959526050835848e-05,10.48475259171387
1374,carrie,21,aarzeling,7.657687319806428e-07,14.082385629266131
1375,carrie,21,gaat,3.91116518585477e-05,10.149090133869198
1376,carrie,21,Carrie,4.714087964430291e-08,16.870125279360025
1377,carrie,21,in,0.00038391328416764736,7.865093853358368
1378,carrie,21,"
",0.010370912961661816,4.568750221882825
1379,carrie,21,op,0.00017650342488195747,8.642170277348832
1380,carrie,21,zijn,0.0074690766632556915,4.896983893467128
1381,carrie,21,uitnodiging,0.00028289342299103737,8.170440328456387
1382,carrie,21,.,0.00885723251849413,4.7265209199878075
1383,carrie,22,moeder,6.714207756886026e-06,11.911284716053483
1384,carrie,22,tracht,2.696974843274802e-05,10.520794748525844
1385,carrie,22,dit,1.2181636748209712e-06,13.618166017720373
1386,carrie,22,te,0.011570132337510586,4.459328299854879
1387,carrie,22,voorkomen,2.6785273803398013e-05,10.527658306417479
1388,carrie,22,en,0.014048762619495392,4.265220956867559
1389,carrie,22,vertelt,4.289539901947137e-06,12.3593310797393
1390,carrie,22,"
",0.016041254624724388,4.132591461103649
1391,carrie,22,Carrie,2.5525243927404517e-06,12.878427730541715
1392,carrie,22,dat,3.513724323056522e-06,12.55883402231366
1393,carrie,22,God,3.3526212064316496e-06,12.605768068400376
1394,carrie,22,haar,0.0013188639422878623,6.63098456273744
1395,carrie,22,zal,4.921861318507581e-08,16.826993968222062
1396,carrie,22,straffen,5.315704402164556e-05,9.84225993097667
1397,carrie,22,als,3.68286382581573e-05,10.209234801903651
1398,carrie,22,ze,0.00023015223268885165,8.376769586731994
1399,carrie,22,gaat,7.202793767646654e-06,11.841041583919573
1400,carrie,22,",",0.011804960668087006,4.439235440251397
1401,carrie,22,maar,9.636081085773185e-05,9.247410965374097
1402,carrie,22,Carrie,4.580934387377056e-07,14.59619265892925
1403,carrie,22,wil,8.277452252514195e-06,11.701975335887862
1404,carrie,22,nu,0.00012943691399414092,8.952316946145492
1405,carrie,22,"
",0.07903511822223663,2.5378629908325947
1406,carrie,22,eindelijk,0.0007551754824817181,7.188560408594146
1407,carrie,22,eens,5.192160824663006e-05,9.865775510573785
1408,carrie,22,proberen,0.0011040883837267756,6.808735276608154
1409,carrie,22,een,1.0700931852625217e-05,11.44517973125805
1410,carrie,22,normaal,2.958077675430104e-05,10.428385841584168
1411,carrie,22,leven,0.00033220264595001936,8.009765395885976
1412,carrie,22,leiden,0.00046099605970084667,7.682121062290821
1413,carrie,22,.,0.009122426621615887,4.69701943335652
1414,carrie,24,bedenkt,0.0002274331491207704,8.388654212774236
1415,carrie,24,een,1.835822672546783e-06,13.208017854010654
1416,carrie,24,wraakplan,0.00021979071607347578,8.422834754951065
1417,carrie,24,voor,6.517792826343793e-06,11.940974762904652
1418,carrie,24,haar,0.004163512960076332,5.481396099509209
1419,carrie,24,verbanning,4.573577825794928e-05,9.992629672318772
1420,carrie,24,van,0.0016519923228770494,6.405773251063005
1421,carrie,24,het,8.353682642336935e-05,9.390222988324407
1422,carrie,24,feest,0.00045331433648243546,7.698924773598475
1423,carrie,24,",",0.023947706446051598,3.73188272396762
1424,carrie,24,waarvoor,0.00028266318258829415,8.171254536665403
1425,carrie,24,"
",0.00033672619611024857,7.996240432298464
1426,carrie,24,ze,0.0001468768168706447,8.825916302959248
1427,carrie,24,haar,5.194087862037122e-05,9.86540443580861
1428,carrie,24,vriendje,0.01593177020549774,4.139440037222838
1429,carrie,24,Billy,2.6417798504319023e-10,22.054398054173706
1430,carrie,24,inzet,3.043110837097629e-06,12.702630264085546
1431,carrie,24,.,0.007717013359069824,4.864327860385995
1432,carrie,25,is,0.00026890437584370375,8.221154721695406
1433,carrie,25,niet,0.00016570639854762703,8.70529301902307
1434,carrie,25,onbekend,0.001102879410609603,6.809830873237344
1435,carrie,25,met,3.467732676654123e-05,10.269424491879334
1436,carrie,25,criminele,3.9248746475095686e-07,14.75076123717418
1437,carrie,25,"
",0.008847699500620365,4.727597797186176
1438,carrie,25,praktijken,0.000167365389643237,8.695331173715015
1439,carrie,25,en,0.011995323933660984,4.423238377330994
1440,carrie,25,laat,0.00010471235145814717,9.16429347705384
1441,carrie,25,zich,8.82830354385078e-05,9.334962592951776
1442,carrie,25,door,3.215402830392122e-05,10.344972817962612
1443,carrie,25,Chris,3.073114669405186e-07,14.995404053372685
1444,carrie,25,om,0.00016500918718520552,8.709509405703425
1445,carrie,25,haar,8.171116496669129e-05,9.412319907336148
1446,carrie,25,vinger,0.00020702628535218537,8.482664790382778
1447,carrie,25,winden,4.477797119761817e-06,12.3163793468074
1448,carrie,25,.,0.008251364342868328,4.797376717415337
1449,carrie,26,en,0.0044822474010288715,5.407630706325177
1450,carrie,26,Billy,6.528435569919111e-10,21.149683591171357
1451,carrie,26,"
",0.03788458928465843,3.2732108647646414
1452,carrie,26,hangen,1.4421995047086966e-06,13.449341175891425
1453,carrie,26,voor,1.2140555554651655e-05,11.318959011052831
1454,carrie,26,het,3.878762072417885e-05,10.157409415743988
1455,carrie,26,bal,4.869556869380176e-05,9.929922523929466
1456,carrie,26,twee,0.0032416204921901226,5.731681922301645
1457,carrie,26,emmers,4.807535788131645e-06,12.245325915282033
1458,carrie,26,varkensbloed,4.0522976632928476e-05,10.113641420449515
1459,carrie,26,op,0.0010975037002936006,6.814717041454708
1460,carrie,26,boven,0.004265845287591219,5.4571149259780505
1461,carrie,26,het,6.398584082489833e-05,9.656848736192105
1462,carrie,26,erepodium,0.0001529217988718301,8.785583885722188
1463,carrie,26,.,0.009977854788303375,4.607387162835863
1464,carrie,27,"
",0.0009606315288692713,6.947919647213811
1465,carrie,27,Carrie,0.00017186690820381045,8.668790170193182
1466,carrie,27,en,5.1786988478852436e-05,9.868371627918684
1467,carrie,27,Tommy,2.0834478586806426e-09,19.989241691210417
1468,carrie,27,tot,4.2699136315604846e-07,14.666502050723174
1469,carrie,27,koningin,4.032490323879756e-06,12.421126426483774
1470,carrie,27,en,0.006614849902689457,5.0184381721202005
1471,carrie,27,koning,2.569057687651366e-05,10.569386291800178
1472,carrie,27,van,8.93695541890338e-05,9.322730490957213
1473,carrie,27,het,4.256968168192543e-05,10.064368255673301
1474,carrie,27,bal,7.937724876683205e-05,9.441298770232013
1475,carrie,27,worden,5.8422197071195114e-06,12.05039974650331
1476,carrie,27,verkozen,0.0008029225864447653,7.127252254088519
1477,carrie,28,"
",0.013025938533246517,4.340812637643318
1478,carrie,28,Chris,3.476546044112183e-05,10.266886180113776
1479,carrie,28,voorziet,3.5562745779316174e-06,12.546797027902228
1480,carrie,28,dat,5.056797817815095e-06,12.194777117323161
1481,carrie,28,dit,6.088873305998277e-06,12.009047500583659
1482,carrie,28,zeker,5.131870238983538e-06,12.180040396218088
1483,carrie,28,zal,3.7440022424561903e-06,12.495355400402476
1484,carrie,28,gebeuren,0.00037092476850375533,7.899511296232874
1485,carrie,28,omdat,0.0005358311464078724,7.531691471882831
1486,carrie,28,ze,0.004791226238012314,5.3409689007365815
1487,carrie,28,genoeg,4.480904181036749e-08,16.92085589176535
1488,carrie,28,vrienden,0.0013901808997616172,6.578321396594101
1489,carrie,28,heeft,1.620934426682652e-06,13.332507768414734
1490,carrie,28,"
",0.06510712206363678,2.7317213338523825
1491,carrie,28,die,0.0004007458046544343,7.822183235264445
1492,carrie,28,ze,0.001064283773303032,6.845453219389763
1493,carrie,28,voor,0.0005297967582009733,7.543017100055986
1494,carrie,28,Carrie,8.51016768166346e-09,18.58200419048199
1495,carrie,28,kan,6.58246881357627e-06,11.931100683365177
1496,carrie,28,laten,0.003313868073746562,5.709639169537035
1497,carrie,28,stemmen,4.186281330476049e-06,12.383697728727203
1498,carrie,29,",",0.004510578233748674,5.4013299222117315
1499,carrie,29,laten,9.592300921212882e-05,9.251964675634015
1500,carrie,29,ze,0.0014700955944135785,6.522427850092546
1501,carrie,29,de,1.944238283613231e-05,10.848055192568426
1502,carrie,29,emmers,3.236547627238906e-06,12.641003343407478
1503,carrie,29,vallen,1.4576541616406757e-05,11.136097060041054
1504,carrie,29,zodat,0.0012662195367738605,6.671719560519908
1505,carrie,29,"
",0.010167540982365608,4.58855488946905
1506,carrie,29,Tommy,1.1755034392990638e-05,11.351228950158518
1507,carrie,29,en,0.00023431862064171582,8.358828742105533
1508,carrie,29,Carrie,2.890173163905274e-06,12.75419413932864
1509,carrie,29,doordrenkt,0.00014898827066645026,8.811642975476818
1510,carrie,29,worden,1.9493982108542696e-05,10.845404749842706
1511,carrie,29,met,0.00010091464355355129,9.201235511763787
1512,carrie,29,bloed,3.618869470756181e-07,14.831933974792802
1513,carrie,29,.,0.014120716601610184,4.26011229738257
1514,carrie,30,en,1.5857871403568424e-05,11.051844562393484
1515,carrie,30,Tommy,1.069888733162827e-09,20.655711181577985
1516,carrie,30,winnen,3.0346658604685217e-05,10.402824141917232
1517,carrie,30,"
",0.043873440474271774,3.126446142573779
1518,carrie,30,inderdaad,5.245854595159472e-07,14.460657487175796
1519,carrie,30,",",0.00917425099760294,4.6913545235124765
1520,carrie,30,met,1.8226723113912158e-05,10.912621737822095
1521,carrie,30,één,3.0562539905076846e-05,10.395735485042449
1522,carrie,30,stem,5.293100912240334e-06,12.14910630004433
1523,carrie,30,verschil,3.2652285426593153e-06,12.632180799933904
1524,carrie,30,;,0.0003730491444002837,7.893800392574957
1525,carrie,30,ze,0.00014034761989023536,8.87138821368824
1526,carrie,30,hadden,0.002811458893120289,5.874051751316928
1527,carrie,30,min,0.0003079251910094172,8.085653690825422
1528,carrie,30,of,1.1480102330096997e-05,11.374895253341066
1529,carrie,30,meer,0.0008873055339790881,7.0273211772675435
1530,carrie,30,voor,0.0026979129761457443,5.915276776666462
1531,carrie,30,de,0.052537258714437485,2.946232671296471
1532,carrie,30,grap,0.0010476161260157824,6.86123805215425
1533,carrie,30,"
",0.03575006499886513,3.3312031916937
1534,carrie,30,besloten,5.1302016800036654e-05,9.877780492719449
1535,carrie,30,om,0.002462883945554495,6.006422280095374
1536,carrie,30,op,0.00146808463614434,6.523796696402466
1537,carrie,30,zichzelf,0.0023291162215173244,6.06226638742833
1538,carrie,30,te,0.00802264641970396,4.8254869340151245
1539,carrie,30,stemmen,7.440430636052042e-06,11.808581829604535
1540,carrie,30,.,0.03589726984500885,3.3270940352653144
1541,carrie,31,wordt,1.972946301975753e-05,10.833397454734106
1542,carrie,31,door,9.657605551183224e-05,9.2451797200196
1543,carrie,31,een,1.9169248844264075e-05,10.862203185593884
1544,carrie,31,van,0.00023689227236900479,8.347905067133155
1545,carrie,31,de,0.0019368254579603672,6.24670500808544
1546,carrie,31,nog,1.473601605539443e-05,11.125215988916464
1547,carrie,31,voor,0.00023867798154242337,8.34039527209819
1548,carrie,31,"
",0.0030149035155773163,5.8041874507819395
1549,carrie,31,een,8.285488206638547e-07,14.00359007524516
1550,carrie,31,kwart,0.0001591496547916904,8.745665573313671
1551,carrie,31,volle,5.865845378139056e-05,9.743778853756739
1552,carrie,31,ijzeren,0.003940516151487827,5.536443561336735
1553,carrie,31,emmers,3.2892955914576305e-07,14.927422215044919
1554,carrie,31,op,0.00509639224037528,5.279222393428006
1555,carrie,31,zijn,0.0023395055904984474,6.057815658048357
1556,carrie,31,hoofd,0.0002927137538790703,8.136315375691321
1557,carrie,31,geraakt,5.483838322106749e-05,9.811120185450426
1558,carrie,31,en,0.005278289783746004,5.24415313832595
1559,carrie,31,is,0.0009017084958031774,7.011219265518573
1560,carrie,31,op,0.00612582778558135,5.095241383016762
1561,carrie,31,slag,0.0017244517803192139,6.362846087521242
1562,carrie,31,dood,0.0006905300542712212,7.278051060687442
1563,carrie,31,.,0.01740638166666031,4.050918377550819
1564,carrie,31,"
",4.0162512959796e-06,12.425161603832398
1565,carrie,32,meeste,0.00014793913578614593,8.81870961347265
1566,carrie,32,van,0.00020549169857986271,8.490104921048982
1567,carrie,32,de,0.00015563653141725808,8.76798719603009
1568,carrie,32,overige,1.0234532055619638e-05,11.489743059913835
1569,carrie,32,aanwezigen,0.00028575892793014646,8.160362011927402
1570,carrie,32,schieten,0.0001751504751155153,8.64986509570376
1571,carrie,32,in,0.0014300044858828187,6.550077697734249
1572,carrie,32,de,0.027577053755521774,3.590771237721271
1573,carrie,32,lach,0.00012660947686526924,8.974403194300145
1574,carrie,32,",",0.007469231728464365,4.896963132721719
1575,carrie,32,omdat,0.0002628158836159855,8.244056833241176
1576,carrie,32,Carrie,9.843187598335135e-08,16.133901142426144
1577,carrie,32,nu,3.965638461522758e-05,10.135258598502748
1578,carrie,32,"
",0.00045893879723735154,7.686593696146386
1579,carrie,32,eenmaal,1.1799318599514663e-05,11.34746877396385
1580,carrie,32,altijd,0.00013969633437227458,8.876039531327828
1581,carrie,32,het,0.00013442846830002964,8.914478334596875
1582,carrie,32,mikpunt,0.0041235643438994884,5.491037357617267
1583,carrie,32,van,0.0005677311564795673,7.4738625673496255
1584,carrie,32,spot,2.0564618807838997e-06,13.09452358541471
1585,carrie,32,is,0.0031655870843678713,5.755416747896369
1586,carrie,32,en,0.00043503474444150925,7.7400846577858795
1587,carrie,32,ze,0.0003803118015639484,7.874519111263461
1588,carrie,32,in,0.005345251876860857,5.231546611787384
1589,carrie,32,feite,0.000505414791405201,7.590131096708721
1590,carrie,32,niet,3.0798735679127276e-05,10.388036918206279
1591,carrie,32,anders,0.0003746907168533653,7.88940962734913
1592,carrie,32,"
",0.001394463935866952,6.575245212925698
1593,carrie,32,kunnen,0.00025299692060798407,8.282133240820771
1594,carrie,32,.,0.053672824054956436,2.9248484753039317
1595,carrie,32,"

",0.00040961423655971885,7.800294727617119
1596,carrie,33,meent,4.025804628327023e-06,12.422785759413733
1597,carrie,33,dat,3.1888270314084366e-05,10.353272317545182
1598,carrie,33,dit,8.061594598984811e-06,11.728399179948587
1599,carrie,33,het,0.0003320395480841398,8.010256475406736
1600,carrie,33,bewijs,0.001603337936103344,6.435667612786171
1601,carrie,33,is,0.00011514229117892683,9.069341879844533
1602,carrie,33,van,0.0004904194502159953,7.620249512187524
1603,carrie,33,waarvoor,0.0009305967250838876,6.979684537704677
1604,carrie,33,ze,0.0015765245771035552,6.452532489437781
1605,carrie,33,bang,3.5698047184951065e-08,17.148169850358606
1606,carrie,33,was,1.8765571439871565e-05,10.88348667340975
1607,carrie,33,:,0.006689743604511023,5.007179730761627
1608,carrie,33,dat,0.0002569743955973536,8.266534106058117
1609,carrie,33,ze,0.0009898074204102159,6.9180001585962145
1610,carrie,33,in,0.0022091520950198174,6.115146504483495
1611,carrie,33,"
",0.004768497310578823,5.345724052942777
1612,carrie,33,de,0.002537211636081338,5.976689582025021
1613,carrie,33,val,0.0002774662571027875,8.189811228197172
1614,carrie,33,gelokt,0.00014193746028468013,8.860124017907042
1615,carrie,33,en,9.96020116872387e-06,11.516913288908698
1616,carrie,33,slachtoffer,7.213476783363149e-05,9.53697441306993
1617,carrie,33,van,0.0013421823969110847,6.613458335427402
1618,carrie,33,de,0.0018118458101525903,6.313409168716801
1619,carrie,33,zoveelste,0.0011197829153388739,6.794620438052032
1620,carrie,33,streek,2.7409728318161797e-06,12.807197652470865
1621,carrie,33,is,0.0007053949520923197,7.256752696280471
1622,carrie,33,om,0.0006522427429445088,7.335093760196364
1623,carrie,33,haar,4.106231062905863e-05,10.100419873503386
1624,carrie,33,te,0.0014841745141893625,6.512896543988309
1625,carrie,33,"
",0.06070300191640854,2.8017621271739968
1626,carrie,33,vernederen,2.3916973077575676e-05,10.64092218046877
1627,carrie,33,.,0.11285806447267532,2.1816243163961477
1628,carrie,34,loopt,1.569469714013394e-05,11.062187664439277
1629,carrie,34,in,0.004829746205359697,5.3329613581724
1630,carrie,34,eerste,7.710638669777836e-07,14.075494630266778
1631,carrie,34,instantie,4.044466095365351e-08,17.023331193410545
1632,carrie,34,weg,0.00017786370881367475,8.63449298177752
1633,carrie,34,",",0.013924584724009037,4.274099315946767
1634,carrie,34,maar,3.056303467019461e-05,10.39571929656091
1635,carrie,34,besluit,0.00017672938702162355,8.640890882214102
1636,carrie,34,dan,8.171123045030981e-05,9.412319105932909
1637,carrie,34,haar,0.0001402559719281271,8.872041433875289
1638,carrie,34,"
",0.010265117511153221,4.579003780826817
1639,carrie,34,krachten,1.0439875950396527e-05,11.469877857726301
1640,carrie,34,in,0.000620247155893594,7.385392520822314
1641,carrie,34,te,0.00014066624862607569,8.869120504453331
1642,carrie,34,zetten,1.4477256627287716e-05,11.142931648397868
1643,carrie,34,om,0.0016047778772190213,6.434769926233588
1644,carrie,34,wraak,0.0008658780134283006,7.051766521415867
1645,carrie,34,te,0.00820416770875454,4.803112996665666
1646,carrie,34,nemen,0.0002647639194037765,8.23667199921315
1647,carrie,34,.,0.0252651609480381,3.6783288698632224
1648,carrie,35,sluit,2.4475243662891444e-06,12.920433507008404
1649,carrie,35,eerst,8.277636516140774e-05,9.399367982230748
1650,carrie,35,alle,0.0021066167391836643,6.162672059526914
1651,carrie,35,deuren,0.00021223154908511788,8.457832666656909
1652,carrie,35,"
",0.010620985180139542,4.544923500979407
1653,carrie,35,telekinetisch,0.00012650997086893767,8.975189431804598
1654,carrie,35,af,2.149165993614588e-05,10.747845608033886
1655,carrie,35,en,0.004713777918368578,5.357265586658023
1656,carrie,35,zet,2.180686124120257e-06,13.03587099484723
1657,carrie,35,de,0.0044924053363502026,5.405367011014332
1658,carrie,35,sproeiers,9.857883469521767e-07,13.82982416364967
1659,carrie,35,van,7.86655509728007e-05,9.45030522425649
1660,carrie,35,het,6.90478555043228e-05,9.580710735733575
1661,carrie,35,systeem,6.696137916151201e-06,11.913979628192436
1662,carrie,35,voor,0.00011449602607171983,9.074970442369482
1663,carrie,35,"
",0.0626104548573494,2.7708230043199964
1664,carrie,35,brandbeveiliging,5.526257609744789e-06,12.105999714789075
1665,carrie,35,aan,0.00032778497552499175,8.02315272697894
1666,carrie,35,om,0.0011330262059345841,6.7828631675174496
1667,carrie,35,het,0.0003589520347304642,7.932321786395474
1668,carrie,35,voor,0.0026442401576787233,5.935371529922924
1669,carrie,35,alle,0.00038936594501137733,7.8509909238804365
1670,carrie,35,aanwezigen,0.00024808841408230364,8.301725366936925
1671,carrie,35,te,0.0002736335154622793,8.203720881683504
1672,carrie,35,bederven,0.00026095431530848145,8.251165203094622
1673,carrie,35,.,0.019633349031209946,3.930525677440736
1674,carrie,36,"
",0.004881463013589382,5.322310306180805
1675,carrie,36,sluiten,3.7289260944817215e-05,10.196805183095256
1676,carrie,36,de,0.00019221389084123075,8.556901791192445
1677,carrie,36,aanwezige,1.3831591786583886e-05,11.188555322266907
1678,carrie,36,elektrische,5.387201440498757e-07,14.434069614140833
1679,carrie,36,apparaten,1.2143068488512654e-06,13.621337138738445
1680,carrie,36,kort,0.0020544342696666718,6.187754763500541
1681,carrie,36,.,0.037077222019433975,3.2947524596607605
1682,carrie,37,leerlingen,1.262979640159756e-05,11.279451741953695
1683,carrie,37,worden,1.3409427310762112e-06,13.522137660709244
1684,carrie,37,"
",0.010629263706505299,4.5441443546429365
1685,carrie,37,geëlektrocuteerd,0.0003825743915513158,7.868587435892109
1686,carrie,37,.,0.025302765890955925,3.6768415654708697
1687,carrie,38,slaat,2.757030642897007e-06,12.8013563114044
1688,carrie,38,door,4.3106450902996585e-05,10.051837899131092
1689,carrie,38,en,0.002065788023173809,6.182243516078308
1690,carrie,38,besluit,2.154269168386236e-05,10.745473931932544
1691,carrie,38,vervolgens,0.00026874325703829527,8.221754068927227
1692,carrie,38,iedereen,2.6254179829265922e-05,10.547685350011562
1693,carrie,38,te,0.0004097173805348575,7.80004295172191
1694,carrie,38,"
",0.005070773418992758,5.284261924888523
1695,carrie,38,vermoorden,5.70159827475436e-05,9.772178930354487
1696,carrie,38,.,0.023545151576399803,3.7488353575753472
1697,carrie,39,veroorzaakt,0.0006280522793531418,7.372887147583332
1698,carrie,39,door,2.1923970052739605e-05,10.72792999673921
1699,carrie,39,de,0.007487313821911812,4.894545181036784
1700,carrie,39,elektrische,2.158509886385218e-07,15.348677534744517
1701,carrie,39,apparaten,7.716011651837107e-08,16.37738313882227
1702,carrie,39,te,0.00011361557699274272,9.082689939662517
1703,carrie,39,ontregelen,0.00014328182442113757,8.850697067035364
1704,carrie,39,"
",0.011593939736485481,4.457272753897194
1705,carrie,39,een,1.4363066611622344e-06,13.453435557795908
1706,carrie,39,gigantische,0.0006922208121977746,7.275605560474525
1707,carrie,39,brand,3.524557905620895e-05,10.253170453416482
1708,carrie,39,waarin,0.0007473902660422027,7.198923064757129
1709,carrie,39,de,0.032644473016262054,3.4220797173360813
1710,carrie,39,meeste,0.00020504965505097061,8.492258388395504
1711,carrie,39,leerlingen,0.0008393899188376963,7.082835217099143
1712,carrie,39,en,0.0009333650814369321,6.976714135222329
1713,carrie,39,overige,0.0002987839106936008,8.11578995256234
1714,carrie,39,aanwezigen,0.0011380498763173819,6.77843911619151
1715,carrie,39,"
",0.22018420696258545,1.5132907785981464
1716,carrie,39,omkomen,0.0019488777033984661,6.240501608810049
1717,carrie,39,doordat,0.0003594417648855597,7.930958383116606
1718,carrie,39,Carrie,2.2776903918497737e-08,17.597518800433917
1719,carrie,39,tegelijk,8.949202197072736e-07,13.926531262636635
1720,carrie,39,de,0.03586558625102043,3.327977043489086
1721,carrie,39,deuren,0.0032969661988317966,5.714752567043429
1722,carrie,39,van,0.001618227455765009,6.426423891879317
1723,carrie,39,het,6.163720536278561e-05,9.694244886587116
1724,carrie,39,gebouw,0.004850444849580526,5.328684856675915
1725,carrie,39,gesloten,0.0007204507710412145,7.235633470964217
1726,carrie,39,houdt,0.0002759995695669204,8.195111251788484
1727,carrie,39,.,0.04704536870121956,3.056642851351025
1728,carrie,39,"
",1.1127750440209638e-05,11.406068529887772
1729,carrie,40,dan,1.0987955647578929e-05,11.418710826181064
1730,carrie,40,440,6.975708970458072e-07,14.175661683906226
1731,carrie,40,mensen,0.00404339050874114,5.510671704132814
1732,carrie,40,sterven,3.806365930358879e-05,10.176250555064032
1733,carrie,40,die,2.5325529350084253e-05,10.583697605774166
1734,carrie,40,avond,0.00011603300663409755,9.061635867382607
1735,carrie,40,.,0.014252664521336555,4.250811405793356
1736,carrie,41,hier,1.717644266818752e-07,15.577141911223855
1737,carrie,41,blijft,0.0005429638549685478,7.518467805681371
1738,carrie,41,het,9.126852091867477e-05,9.30170461712531
1739,carrie,41,niet,0.0009207823313772678,6.990286889079896
1740,carrie,41,bij,0.0027834821958094835,5.88405254669331
1741,carrie,41,",",0.032648831605911255,3.421946209323862
1742,carrie,41,ook,9.815053090278525e-07,13.834178414148393
1743,carrie,41,"
",0.0014057045336812735,6.5672166544192105
1744,carrie,41,elders,4.660031208914006e-06,12.276488412657299
1745,carrie,41,in,0.0008532414212822914,7.066468024394668
1746,carrie,41,de,0.02293970435857773,3.774886054958652
1747,carrie,41,stad,6.377371846610913e-06,11.96275448174451
1748,carrie,41,worden,3.446080427238485e-06,12.578273080827794
1749,carrie,41,grote,0.0003278602962382138,8.022922966415424
1750,carrie,41,verwoestingen,0.0006711918395012617,7.306455560958398
1751,carrie,41,aangericht,2.6028557840618305e-05,10.556316244233777
1752,carrie,41,met,0.0005591202061623335,7.489146070069017
1753,carrie,41,nog,0.004804866388440132,5.3381260437227445
1754,carrie,41,meer,0.00021571884281001985,8.441534651824396
1755,carrie,41,"
",0.13696375489234924,1.9880389509864989
1756,carrie,41,doden,0.014052002690732479,4.264990353094624
1757,carrie,41,tot,0.00022597945644520223,8.395066463508652
1758,carrie,41,gevolg,0.002718720119446516,5.9075940537360845
1759,carrie,41,.,0.012240647338330746,4.402993116177907
1760,carrie,43,slotte,1.1527316019055434e-05,11.37079103317028
1761,carrie,43,gaat,2.322035015822621e-06,12.973066594775307
1762,carrie,43,Carrie,4.459646518739646e-08,16.92561123694928
1763,carrie,43,ten,6.924768513272284e-06,11.880405934135903
1764,carrie,43,einde,0.001510007306933403,6.495640789138268
1765,carrie,43,raad,2.4411121557932347e-05,10.620471727956488
1766,carrie,43,naar,0.00070577347651124,7.25621622675589
1767,carrie,43,huis,0.0005328040570020676,7.537356824273715
1768,carrie,43,.,0.033880069851875305,3.3849283474567455
1769,carrie,44,moeder,6.9156890276644845e-06,11.881717955343785
1770,carrie,44,gelooft,0.000131858978420496,8.933777551764797
1771,carrie,44,"
",0.0017793336883187294,6.331516317163215
1772,carrie,44,dat,4.791615538124461e-06,12.248642930310359
1773,carrie,44,Carrie,5.788609200862993e-07,14.3622035953326
1774,carrie,44,bezeten,0.0005362696829251945,7.530873383640043
1775,carrie,44,is,0.0009085062192752957,7.00370882449898
1776,carrie,44,door,5.04693052789662e-05,9.894145222736242
1777,carrie,44,de,0.013872810639441013,4.277824423552066
1778,carrie,44,duivel,0.0002127771294908598,8.455265280469638
1779,carrie,44,en,0.0025586476549506187,5.968276419853939
1780,carrie,44,steekt,3.1559247872792184e-05,10.363643893931156
1781,carrie,44,haar,9.222437074640766e-05,9.291286137531023
1782,carrie,44,met,0.0021698311902582645,6.1331059069634755
1783,carrie,44,een,2.7442465579952113e-05,10.503418905646376
1784,carrie,44,mes,3.318731251056306e-05,10.313342908377304
1785,carrie,44,in,0.008558494038879871,4.760831034343389
1786,carrie,44,haar,0.000364725012332201,7.916366879193989
1787,carrie,44,"
",0.0560356043279171,2.881767998706872
1788,carrie,44,schouder,0.0001973727048607543,8.530416713773977
1789,carrie,44,.,0.0023150197230279446,6.068337071813733
1790,carrie,45,verwondt,0.0006280522793531418,7.372887147583332
1791,carrie,45,haar,4.359773811302148e-05,10.040505287096712
1792,carrie,45,dodelijk,6.369886978063732e-05,9.6613437383907
1793,carrie,45,.,0.051630694419145584,2.9636389302653674
1794,carrie,46,zet,4.477317716578e-08,16.921656600810373
1795,carrie,46,haar,0.00013107829727232456,8.9397157242064
1796,carrie,46,moeders,7.366960198851302e-05,9.515920299910547
1797,carrie,46,hart,8.122287340484036e-07,14.023483844274688
1798,carrie,46,daarop,0.0001239764242200181,8.995419137693634
1799,carrie,46,"
",0.002798960544168949,5.878507164950838
1800,carrie,46,telekinetisch,1.860600423242431e-05,10.892026221141618
1801,carrie,46,stil,0.0013192046899348497,6.63072623158963
1802,carrie,46,.,0.016521606594324112,4.103086264145519
1803,carrie,47,ze,0.0004859626933466643,7.629378699671369
1804,carrie,47,ten,5.416917403522348e-08,16.731153835035023
1805,carrie,47,einde,4.080163853359409e-05,10.106788317223446
1806,carrie,47,raad,7.865944098739419e-06,11.752967990674618
1807,carrie,47,wegvlucht,0.00015511982201132923,8.771312694456212
1808,carrie,47,van,0.0004885739763267338,7.624019662272692
1809,carrie,47,thuis,4.506226559897186e-06,12.310050437613851
1810,carrie,47,"
",0.010223142802715302,4.583101226536819
1811,carrie,47,proberen,0.00010534176544751972,9.15830058453248
1812,carrie,47,Chris,6.943177766061126e-08,16.482921182870637
1813,carrie,47,en,0.000342153332894668,7.980251579579547
1814,carrie,47,Billy,1.0714089881957989e-07,16.049121057322328
1815,carrie,47,haar,0.00012488792708609253,8.988093806144454
1816,carrie,47,te,0.0004692174552474171,7.664444239729841
1817,carrie,47,overrijden,9.960524039343e-06,11.51688087335999
1818,carrie,47,",",0.0039365277625620365,5.537456222764079
1819,carrie,47,maar,0.000832934572827071,7.0905554629073
1820,carrie,47,ze,0.0004898170591332018,7.621478585279334
1821,carrie,47,laat,9.479303741954936e-08,16.17156987532411
1822,carrie,47,de,0.016254398971796036,4.119391700883957
1823,carrie,47,twee,3.463215034571476e-05,10.270728106597163
1824,carrie,47,"
",0.25341179966926575,1.3727394467914433
1825,carrie,47,verongelukken,0.0013561155647039413,6.603130868387431
1826,carrie,47,door,6.121632031863555e-05,9.701096732123487
1827,carrie,47,ze,0.002844490809366107,5.862371204797914
1828,carrie,47,met,8.417684398409619e-07,13.987760872592203
1829,carrie,47,hun,2.0860063614236424e-06,13.080259151810457
1830,carrie,47,auto,4.026433089165948e-06,12.422629663465687
1831,carrie,47,tegen,1.6155830962816253e-05,11.033229523129414
1832,carrie,47,een,5.050812251283787e-05,9.893376392778247
1833,carrie,47,gebouw,0.00010004257637774572,9.209914698810405
1834,carrie,47,aan,0.00013239329564385116,8.929733552874502
1835,carrie,47,te,0.00013428345846477896,8.915557630563177
1836,carrie,47,laten,2.9313843697309494e-05,10.437450672388476
1837,carrie,47,rijden,0.0003661969967652112,7.912339126835562
1838,carrie,47,.,0.006062033586204052,5.105709959912509
1839,carrie,47,"

",0.0010389655362814665,6.869529737500397
1840,carrie,48,stervende,7.832329720258713e-05,9.454665461514434
1841,carrie,48,Carrie,1.5440262359334156e-05,11.078532021327154
1842,carrie,48,krijgt,7.944430399220437e-05,9.440454360538343
1843,carrie,48,telepathisch,5.542139842873439e-05,9.800544785561359
1844,carrie,48,contact,7.80874106567353e-05,9.457681709288217
1845,carrie,48,met,0.0004210523620713502,7.772753356549489
1846,carrie,48,Sue,3.260255107306875e-05,10.331120018878163
1847,carrie,48,Snell,4.471862666832749e-06,12.317705532146363
1848,carrie,48,",",0.014471957460045815,4.235542470359618
1849,carrie,48,die,0.00011359701602486894,9.082853319408935
1850,carrie,48,zich,0.0006007628981024027,7.417310213578335
1851,carrie,48,"
",0.0011674058623611927,6.752971203482683
1852,carrie,48,aangetrokken,0.0009294778574258089,6.980887573113626
1853,carrie,48,voelde,0.003545803716406226,5.641990426385527
1854,carrie,48,door,4.399722456582822e-05,10.031384004084876
1855,carrie,48,de,0.054572466760873795,2.9082257951979193
1856,carrie,48,plaats,0.0023824998643249273,6.039604979382434
1857,carrie,48,waar,0.0017645173938944936,6.339878057207259
1858,carrie,48,Carrie,2.1445935090014245e-06,13.052560529835922
1859,carrie,48,naartoe,5.001049430575222e-06,12.205862781438139
1860,carrie,48,is,0.004266592673957348,5.456939738916296
1861,carrie,48,gevlucht,0.017035001888871193,4.072485116987429
1862,carrie,48,.,0.04814380779862404,3.033562751321093
1863,carrie,49,"
",0.0021948900539427996,6.121623323029423
1864,carrie,49,overtuigt,2.901530751842074e-05,10.447687021776428
1865,carrie,49,Carrie,4.428438948878011e-09,19.235218696733515
1866,carrie,49,ervan,2.258826498291455e-06,13.000665128079893
1867,carrie,49,dat,2.9237032777018612e-06,12.742659499440142
1868,carrie,49,Tommy,3.831291451206198e-06,12.472308618082257
1869,carrie,49,en,0.0004854820726905018,7.630368196371913
1870,carrie,49,zij,0.00023237905406858772,8.367140665841013
1871,carrie,49,haar,0.00032029871363192797,8.046256517492324
1872,carrie,49,niet,0.00040338229155167937,7.815625831395612
1873,carrie,49,moedwillig,0.00045293866423889995,7.699753840679643
1874,carrie,49,in,0.0005447145667858422,7.51524863116402
1875,carrie,49,de,0.008763727732002735,4.737133924367422
1876,carrie,49,val,0.000154552748426795,8.774975106129228
1877,carrie,49,"
",0.04671755060553551,3.063635368944059
1878,carrie,49,gelokt,2.8987091354792938e-05,10.448659952772447
1879,carrie,49,hebben,0.0004461055505089462,7.714954973609889
1880,carrie,49,en,0.000736240588594228,7.213953605974267
1881,carrie,49,nodigt,5.147132105776109e-05,9.874485778070587
1882,carrie,49,haar,0.0003000501310452819,8.111560993784032
1883,carrie,49,uit,0.0008163223974406719,7.110701186126822
1884,carrie,49,om,0.0009977564914152026,6.910001308002771
1885,carrie,49,in,0.0006964576314203441,7.26950359729052
1886,carrie,49,haar,0.00016818892618175596,8.690422649799949
1887,carrie,49,hoofd,0.0009417645633220673,6.967755247405435
1888,carrie,49,te,0.0009105002391152084,7.001516396176977
1889,carrie,49,kijken,1.4243756595533341e-05,11.159191880904988
1890,carrie,49,om,0.0014345538802444935,6.546901362952307
1891,carrie,49,zich,0.0012486454797908664,6.685695931371714
1892,carrie,49,"
",0.09683074802160263,2.334790690286784
1893,carrie,49,hiervan,0.0001265715982299298,8.974702415998353
1894,carrie,49,te,0.0005813402822241187,7.450174288867723
1895,carrie,49,overtuigen,8.663897460792214e-05,9.353760790430192
1896,carrie,49,.,0.0048217554576694965,5.334617214389387
1897,carrie,50,doet,3.985951479990035e-06,12.432734508854372
1898,carrie,50,dit,1.812814502955007e-06,13.220629946398512
1899,carrie,50,en,0.0008895269711501896,7.024820729620282
1900,carrie,50,ziet,0.00010202996054431424,9.190244056983847
1901,carrie,50,dat,0.00014729172107763588,8.823095440571922
1902,carrie,50,Sue,2.8221058528288268e-05,10.475442102381699
1903,carrie,50,de,0.0010391733376309276,6.869329749566229
1904,carrie,50,waarheid,0.00035892537562176585,7.932396058432248
1905,carrie,50,"
",0.015974655747413635,4.136751828408407
1906,carrie,50,spreekt,6.0925271100131795e-05,9.705862508727462
1907,carrie,50,",",0.006665084511041641,5.010872645605651
1908,carrie,50,waarna,0.0010133943287655711,6.894449861182873
1909,carrie,50,ze,5.606931881629862e-05,9.788921796711147
1910,carrie,50,sterft,1.0419476836887043e-07,16.077003916480002
1911,carrie,50,in,0.0009894652757793665,6.918345886231337
1912,carrie,50,de,0.04968206211924553,3.0021113341820054
1913,carrie,50,armen,0.0002459957904648036,8.310196134110015
1914,carrie,50,van,0.00014282198389992118,8.853911571028704
1915,carrie,50,Sue,0.001071011065505445,6.839152155632043
1916,carrie,50,.,0.006442185025662184,5.044887506712512
1917,carrie,50,"
",9.150915502686985e-06,11.601656628743537
1918,de_eerste_opiumoorlog,1,Eerste,0.00026325558428652585,8.242385194310883
1919,de_eerste_opiumoorlog,1,Opiumoorlog,1.4600272152165417e-05,11.134470388864441
1920,de_eerste_opiumoorlog,1,was,2.0022429453092627e-05,10.818657440136345
1921,de_eerste_opiumoorlog,1,een,0.0001312935637542978,8.938074797245454
1922,de_eerste_opiumoorlog,1,oorlog,5.434931517811492e-05,9.820078544695116
1923,de_eerste_opiumoorlog,1,tussen,0.0007868922548368573,7.14741922509872
1924,de_eerste_opiumoorlog,1,Groot-Brittannië,0.0008122400613501668,7.115714619439242
1925,de_eerste_opiumoorlog,1,en,0.010072564706206322,4.597939916873109
1926,de_eerste_opiumoorlog,1,het,8.247158984886482e-05,9.403056689399348
1927,de_eerste_opiumoorlog,1,Chinese,8.711497656577194e-08,16.256037021074942
1928,de_eerste_opiumoorlog,1,keizerrijk,0.00044502579839900136,7.717378303548117
1929,de_eerste_opiumoorlog,1,tussen,1.088061344489688e-05,11.428527935322906
1930,de_eerste_opiumoorlog,1,1839,4.512019222602248e-05,10.006180690455034
1931,de_eerste_opiumoorlog,1,en,0.0015938718570396304,6.4415890926614185
1932,de_eerste_opiumoorlog,1,1842,0.05451728776097298,2.9092374209889655
1933,de_eerste_opiumoorlog,1,met,0.0001136289065470919,9.082572625005133
1934,de_eerste_opiumoorlog,1,als,0.0014453245094045997,6.539421408648281
1935,de_eerste_opiumoorlog,1,doel,0.00011579411511775106,9.063696813479844
1936,de_eerste_opiumoorlog,1,om,0.004486485850065947,5.406685545122599
1937,de_eerste_opiumoorlog,1,China,1.4457018551183864e-06,13.446915641435503
1938,de_eerste_opiumoorlog,1,te,0.00010588225268293172,9.153182905020104
1939,de_eerste_opiumoorlog,1,forceren,3.494325255815056e-06,12.564370260769584
1940,de_eerste_opiumoorlog,1,om,0.0010246558813378215,6.8833984482842725
1941,de_eerste_opiumoorlog,1,Brits,0.00133710284717381,6.61725005998102
1942,de_eerste_opiumoorlog,1,opium,0.004127206280827522,5.490154546221771
1943,de_eerste_opiumoorlog,1,in,0.0009223422966897488,6.9885941487614005
1944,de_eerste_opiumoorlog,1,te,0.0002845296112354845,8.16467322814271
1945,de_eerste_opiumoorlog,1,voeren,0.000785278738476336,7.149471822346581
1946,de_eerste_opiumoorlog,1,.,0.0026647732593119144,5.927636305917533
1947,de_eerste_opiumoorlog,2,oorlog,0.00038622738793492317,7.859084274029307
1948,de_eerste_opiumoorlog,2,wordt,6.805632324358157e-08,16.50293019161352
1949,de_eerste_opiumoorlog,2,vaak,0.0002025364519795403,8.504590677841989
1950,de_eerste_opiumoorlog,2,gezien,0.001620048307813704,6.425299310544352
1951,de_eerste_opiumoorlog,2,als,4.330056253820658e-05,10.047344931395727
1952,de_eerste_opiumoorlog,2,begin,6.719383236486465e-06,11.910514187926037
1953,de_eerste_opiumoorlog,2,van,8.005121344467625e-05,9.432843960052102
1954,de_eerste_opiumoorlog,2,de,0.002840386936441064,5.863814990863833
1955,de_eerste_opiumoorlog,2,Europese,4.2506388808760676e-07,14.671026354407635
1956,de_eerste_opiumoorlog,2,hegemonie,0.0013623936101794243,6.598512118747593
1957,de_eerste_opiumoorlog,2,in,0.003444202011451125,5.671063038082518
1958,de_eerste_opiumoorlog,2,China,1.215059728565393e-05,11.318132230072916
1959,de_eerste_opiumoorlog,2,.,0.1063237115740776,2.241266955723737
1960,de_eerste_opiumoorlog,2,"

",0.00011668015940813348,9.056074046766394
1961,de_eerste_opiumoorlog,3,"

",0.007171438541263342,4.937649011124729
1962,de_eerste_opiumoorlog,4,de,6.649830902460963e-05,9.618334038827127
1963,de_eerste_opiumoorlog,4,16e,2.5304969312855974e-05,10.5845097659899
1964,de_eerste_opiumoorlog,4,eeuw,7.6136034294904675e-06,11.785573985745689
1965,de_eerste_opiumoorlog,4,vonden,0.0008275645668618381,7.097023427337819
1966,de_eerste_opiumoorlog,4,verschillende,7.169831951614469e-05,9.543043248344041
1967,de_eerste_opiumoorlog,4,Europese,3.187458560205414e-06,12.65628664828411
1968,de_eerste_opiumoorlog,4,landen,0.00016198743833228946,8.727991766897068
1969,de_eerste_opiumoorlog,4,hun,2.091609985654941e-06,13.077576460473368
1970,de_eerste_opiumoorlog,4,weg,0.00036581806489266455,7.9133744386105285
1971,de_eerste_opiumoorlog,4,naar,0.00034594727912917733,7.969224166975438
1972,de_eerste_opiumoorlog,4,Azië,0.00010347583884140477,9.176172413656323
1973,de_eerste_opiumoorlog,4,",",0.007733759004622698,4.86216024679162
1974,de_eerste_opiumoorlog,4,als,2.784363823593594e-05,10.488906047274368
1975,de_eerste_opiumoorlog,4,eerste,0.0003557149029802531,7.941380982276487
1976,de_eerste_opiumoorlog,4,Portugal,5.362699795341541e-08,16.741213202519738
1977,de_eerste_opiumoorlog,4,en,0.004558924585580826,5.390668519765074
1978,de_eerste_opiumoorlog,4,Spanje,0.00043674782500602305,7.736154588914373
1979,de_eerste_opiumoorlog,4,.,0.008985173888504505,4.712179405733607
1980,de_eerste_opiumoorlog,5,de,6.649830902460963e-05,9.618334038827127
1981,de_eerste_opiumoorlog,5,17e,3.6475175875239074e-05,10.218878641764745
1982,de_eerste_opiumoorlog,5,eeuw,6.067931735742604e-06,12.012492746418888
1983,de_eerste_opiumoorlog,5,kwamen,0.0004951773444190621,7.610594588005851
1984,de_eerste_opiumoorlog,5,de,0.0017267778748646379,6.36149810716059
1985,de_eerste_opiumoorlog,5,Nederlanders,0.000372725713532418,7.894667761284703
1986,de_eerste_opiumoorlog,5,en,0.006148576736450195,5.091534648914048
1987,de_eerste_opiumoorlog,5,de,0.010526544414460659,4.55385517246264
1988,de_eerste_opiumoorlog,5,Engelsen,0.0016178226796910167,6.426674058631475
1989,de_eerste_opiumoorlog,5,.,0.02557220309972763,3.666249333839228
1990,de_eerste_opiumoorlog,6,Engelse,1.6108321005958715e-06,13.338759679811663
1991,de_eerste_opiumoorlog,6,Oost-Indische,0.0005376618937589228,7.528280645622355
1992,de_eerste_opiumoorlog,6,Compagnie,0.00037131310091353953,7.898464913499744
1993,de_eerste_opiumoorlog,6,zond,0.0001640538830542937,8.71531562889341
1994,de_eerste_opiumoorlog,6,in,0.00403863238170743,5.511849163699047
1995,de_eerste_opiumoorlog,6,1699,0.0002186481433454901,8.428046771586674
1996,de_eerste_opiumoorlog,6,haar,4.6495377318933606e-05,9.976157662808765
1997,de_eerste_opiumoorlog,6,eerste,1.3693362234334927e-05,11.198599350985043
1998,de_eerste_opiumoorlog,6,schip,4.541923408396542e-05,9.99957488439766
1999,de_eerste_opiumoorlog,6,naar,0.0003199523198418319,8.047338573766453
2000,de_eerste_opiumoorlog,6,de,0.04443487524986267,3.113730639270318
2001,de_eerste_opiumoorlog,6,stad,8.354584679182153e-06,11.692700106406544
2002,de_eerste_opiumoorlog,6,Kanton,0.0012961544562131166,6.64835350897654
2003,de_eerste_opiumoorlog,6,.,0.027755465358495712,3.584322508326069
2004,de_eerste_opiumoorlog,7,officiële,8.76540070748888e-06,11.644698323866075
2005,de_eerste_opiumoorlog,7,contacten,2.556308800194529e-06,12.876946214898766
2006,de_eerste_opiumoorlog,7,van,0.00011726902448572218,9.051039908058158
2007,de_eerste_opiumoorlog,7,de,0.0028553870506584644,5.858547875655347
2008,de_eerste_opiumoorlog,7,westerlingen,0.0016375576378777623,6.41454939237035
2009,de_eerste_opiumoorlog,7,met,0.0003357265377417207,7.999213605146454
2010,de_eerste_opiumoorlog,7,de,0.002263587899506092,6.090804158395787
2011,de_eerste_opiumoorlog,7,Chinese,5.0819322083839324e-09,19.09757429169193
2012,de_eerste_opiumoorlog,7,autoriteiten,6.1786940932506695e-06,11.99440362059589
2013,de_eerste_opiumoorlog,7,verliepen,0.015769826248288155,4.1496568959316695
2014,de_eerste_opiumoorlog,7,volgens,0.00020425222464837134,8.496154932492185
2015,de_eerste_opiumoorlog,7,het,0.00045124394819140434,7.703502459617299
2016,de_eerste_opiumoorlog,7,Kantonsysteem,0.0015561324544250965,6.465551731896999
2017,de_eerste_opiumoorlog,7,waarbij,0.00034772150684148073,7.964108666271828
2018,de_eerste_opiumoorlog,7,de,0.06341245770454407,2.758094943078803
2019,de_eerste_opiumoorlog,7,hong,0.00010685006418498233,9.144083975497544
2020,de_eerste_opiumoorlog,7,(,0.00023423400125466287,8.359189936917039
2021,de_eerste_opiumoorlog,7,officieel,0.00022339589486364275,8.406565047220289
2022,de_eerste_opiumoorlog,7,geautoriseerde,0.0005524464650079608,7.501154025180272
2023,de_eerste_opiumoorlog,7,bedrijven,0.00021883283625356853,8.42720242439142
2024,de_eerste_opiumoorlog,7,),0.35517871379852295,1.035134197028862
2025,de_eerste_opiumoorlog,7,een,0.00011687118967529386,9.054438172595585
2026,de_eerste_opiumoorlog,7,bevoorrechte,0.005398388020694256,5.221654884662535
2027,de_eerste_opiumoorlog,7,positie,5.661089289787924e-06,12.081894230239948
2028,de_eerste_opiumoorlog,7,hadden,0.0025645752903074026,5.965962392896615
2029,de_eerste_opiumoorlog,7,gekregen,0.0008083480643108487,7.1205178195371435
2030,de_eerste_opiumoorlog,7,en,0.004565887618809938,5.389142343790232
2031,de_eerste_opiumoorlog,7,verantwoordelijk,0.012534626759588718,4.379260323675683
2032,de_eerste_opiumoorlog,7,waren,0.0051789432764053345,5.263154244215668
2033,de_eerste_opiumoorlog,7,voor,0.0047499192878603935,5.349627653109344
2034,de_eerste_opiumoorlog,7,de,0.14407987892627716,1.9373874184376854
2035,de_eerste_opiumoorlog,7,goede,0.0002521661517675966,8.285422355305872
2036,de_eerste_opiumoorlog,7,gang,0.00010560118971625343,9.155840920503177
2037,de_eerste_opiumoorlog,7,van,8.388861897401512e-05,9.386020603584942
2038,de_eerste_opiumoorlog,7,zaken,1.4168583220453002e-05,11.164483493702734
2039,de_eerste_opiumoorlog,7,in,0.00519388634711504,5.2602730475529835
2040,de_eerste_opiumoorlog,7,het,8.291617268696427e-05,9.397680428155578
2041,de_eerste_opiumoorlog,7,contact,0.00032012906740419567,8.046786307850343
2042,de_eerste_opiumoorlog,7,met,0.0027734478935599327,5.887664005896258
2043,de_eerste_opiumoorlog,7,de,0.46220335364341736,0.771750325340795
2044,de_eerste_opiumoorlog,7,buitenlanders,0.0019926701206713915,6.2182797704319945
2045,de_eerste_opiumoorlog,7,.,0.00422501377761364,5.466732757204674
2046,de_eerste_opiumoorlog,8,liet,8.889043783710804e-06,11.630691075110972
2047,de_eerste_opiumoorlog,8,buitenlandse,0.00010611114703351632,9.151023456284065
2048,de_eerste_opiumoorlog,8,handel,0.00024342424876522273,8.320704757207851
2049,de_eerste_opiumoorlog,8,slechts,2.2121030269772746e-06,13.021566898997659
2050,de_eerste_opiumoorlog,8,mondjesmaat,3.3667765819700435e-05,10.298969682214148
2051,de_eerste_opiumoorlog,8,toe,4.1046452679438516e-05,10.100806140429796
2052,de_eerste_opiumoorlog,8,en,0.0019142947858199477,6.258405982230646
2053,de_eerste_opiumoorlog,8,hield,0.0019623194821178913,6.2336280961726604
2054,de_eerste_opiumoorlog,8,er,0.008471705950796604,4.771023379642722
2055,de_eerste_opiumoorlog,8,een,4.7417466703336686e-05,9.95651990129018
2056,de_eerste_opiumoorlog,8,ferme,0.0002754248562268913,8.197195720742851
2057,de_eerste_opiumoorlog,8,greep,2.0795647287741303e-05,10.780766858168416
2058,de_eerste_opiumoorlog,8,op,0.0024278315249830484,6.020756796584855
2059,de_eerste_opiumoorlog,8,.,0.032248884439468384,3.434271827362875
2060,de_eerste_opiumoorlog,9,in,4.338726284913719e-05,10.045344642671177
2061,de_eerste_opiumoorlog,9,de,0.0003451888042036444,7.971419032062982
2062,de_eerste_opiumoorlog,9,Dertien,9.4857721705921e-05,9.263132455240317
2063,de_eerste_opiumoorlog,9,Factorijen,2.6194011297775432e-06,12.852564842739625
2064,de_eerste_opiumoorlog,9,in,0.0005138887208886445,7.573503812273416
2065,de_eerste_opiumoorlog,9,Kanton,0.00528690917417407,5.242521480962055
2066,de_eerste_opiumoorlog,9,werd,0.00035991071490570903,7.929654571425522
2067,de_eerste_opiumoorlog,9,buitenlandse,0.00013107643462717533,8.939729934479361
2068,de_eerste_opiumoorlog,9,handel,0.0004336913989391178,7.743177339140871
2069,de_eerste_opiumoorlog,9,toegestaan,0.00012609631812665612,8.978464513463635
2070,de_eerste_opiumoorlog,9,.,0.11448901146650314,2.1672764303180947
2071,de_eerste_opiumoorlog,11,tijd,1.758217393899031e-08,17.85638029255133
2072,de_eerste_opiumoorlog,11,schikten,0.0007561910315416753,7.187216526480342
2073,de_eerste_opiumoorlog,11,de,0.0005854479386471212,7.443133296647434
2074,de_eerste_opiumoorlog,11,Europeanen,2.1525669069433206e-07,15.351434610756575
2075,de_eerste_opiumoorlog,11,zich,0.0006684122490696609,7.310605435453951
2076,de_eerste_opiumoorlog,11,in,0.00036150042433291674,7.925247342554479
2077,de_eerste_opiumoorlog,11,deze,0.026486538350582123,3.631118661829438
2078,de_eerste_opiumoorlog,11,strikte,1.0109766890309402e-06,13.804593675530102
2079,de_eerste_opiumoorlog,11,handelsvoorwaarden,9.630952263250947e-05,9.247943358976213
2080,de_eerste_opiumoorlog,11,.,0.1263991892337799,2.0683102115796674
2081,de_eerste_opiumoorlog,12,Engelsen,1.6108321005958715e-06,13.338759679811663
2082,de_eerste_opiumoorlog,12,kochten,5.035013236920349e-05,9.896509309821957
2083,de_eerste_opiumoorlog,12,naast,7.421398186124861e-05,9.508557990754827
2084,de_eerste_opiumoorlog,12,porselein,2.5532968720654026e-05,10.575540049857743
2085,de_eerste_opiumoorlog,12,en,0.0019324267050251365,6.248978705763938
2086,de_eerste_opiumoorlog,12,lakwerk,4.826167787541635e-05,9.938872730957415
2087,de_eerste_opiumoorlog,12,vooral,0.0006161411292850971,7.392034514689222
2088,de_eerste_opiumoorlog,12,thee,0.00026436432381160557,8.238182391724836
2089,de_eerste_opiumoorlog,12,",",0.030989978462457657,3.4740914021663403
2090,de_eerste_opiumoorlog,12,de,0.003741595661267638,5.588243111146054
2091,de_eerste_opiumoorlog,12,Chinezen,0.00020383045193739235,8.49822202764403
2092,de_eerste_opiumoorlog,12,hadden,0.004252816550433636,5.460173797797156
2093,de_eerste_opiumoorlog,12,daarentegen,0.0021110130473971367,6.160587329463743
2094,de_eerste_opiumoorlog,12,weinig,0.0006861576694063842,7.2844031178624595
2095,de_eerste_opiumoorlog,12,interesse,0.00015668419655412436,8.761278265289157
2096,de_eerste_opiumoorlog,12,voor,0.0013875068398192525,6.580246782756373
2097,de_eerste_opiumoorlog,12,westerse,5.974636587779969e-05,9.72540219113127
2098,de_eerste_opiumoorlog,12,producten,2.885322373913368e-06,12.7558739228557
2099,de_eerste_opiumoorlog,12,.,0.10403832793235779,2.262995909923011
2100,de_eerste_opiumoorlog,13,importeerden,3.537633403993823e-07,14.854637677323675
2101,de_eerste_opiumoorlog,13,alleen,2.033798591583036e-05,10.803020193100714
2102,de_eerste_opiumoorlog,13,wat,2.8562487841554685e-06,12.766001407982598
2103,de_eerste_opiumoorlog,13,specerijen,0.00018294011533726007,8.606351697271293
2104,de_eerste_opiumoorlog,13,",",0.08397622406482697,2.4772215670514406
2105,de_eerste_opiumoorlog,13,katoenen,0.002395422663539648,6.034195586219994
2106,de_eerste_opiumoorlog,13,weefsels,0.0020665801130235195,6.181860157271297
2107,de_eerste_opiumoorlog,13,en,0.00012442853767424822,8.99177900144182
2108,de_eerste_opiumoorlog,13,Europese,1.839783081436508e-08,17.811033069804743
2109,de_eerste_opiumoorlog,13,vuurwapens,2.876839971577283e-05,10.456233005313415
2110,de_eerste_opiumoorlog,13,.,0.039628591388463974,3.2282044164825567
2111,de_eerste_opiumoorlog,14,was,6.542708888446214e-06,11.93715927512727
2112,de_eerste_opiumoorlog,14,in,0.0006046171183697879,7.410915162473942
2113,de_eerste_opiumoorlog,14,de,5.7216326240450144e-05,9.768671276520047
2114,de_eerste_opiumoorlog,14,17e,5.3267605835571885e-05,9.84018218199935
2115,de_eerste_opiumoorlog,14,eeuw,5.6117183703463525e-05,9.788068487462812
2116,de_eerste_opiumoorlog,14,en,1.852086825238075e-05,10.89661244796715
2117,de_eerste_opiumoorlog,14,18e,0.002648803638294339,5.93364719816893
2118,de_eerste_opiumoorlog,14,eeuw,0.0001082192175090313,9.131351596333658
2119,de_eerste_opiumoorlog,14,de,0.000954204413574189,6.954632639474616
2120,de_eerste_opiumoorlog,14,Europese,4.696068955922783e-08,16.873954977564452
2121,de_eerste_opiumoorlog,14,handelsbalans,3.062862379010767e-05,10.393575568259319
2122,de_eerste_opiumoorlog,14,behoorlijk,0.0009350674226880074,6.97489192144863
2123,de_eerste_opiumoorlog,14,negatief,0.0011574759846553206,6.761513519817115
2124,de_eerste_opiumoorlog,14,ten,0.0018446679459884763,6.2954559927611005
2125,de_eerste_opiumoorlog,14,opzichte,0.0074322279542684555,4.901929605945758
2126,de_eerste_opiumoorlog,14,van,0.0030358394142240286,5.797267314713286
2127,de_eerste_opiumoorlog,14,China,1.9056680002904614e-06,13.170677954530717
2128,de_eerste_opiumoorlog,14,.,0.014133366756141186,4.259216840593821
2129,de_eerste_opiumoorlog,15,1800,3.036200553196977e-07,15.007488735241418
2130,de_eerste_opiumoorlog,15,veranderde,9.82080109679373e-07,13.833592953834355
2131,de_eerste_opiumoorlog,15,dit,3.4560143831185997e-06,12.575394545249123
2132,de_eerste_opiumoorlog,16,de,0.0004688490298576653,7.665229739296333
2133,de_eerste_opiumoorlog,16,Engelsen,2.2293220354185905e-06,13.013813038707356
2134,de_eerste_opiumoorlog,16,steeds,1.1029037523258012e-05,11.414978988410308
2135,de_eerste_opiumoorlog,16,meer,0.0014037559740245342,6.568603796159655
2136,de_eerste_opiumoorlog,16,Indische,6.725129060214385e-05,9.607074348556527
2137,de_eerste_opiumoorlog,16,opium,0.0001919935311889276,8.558048878228407
2138,de_eerste_opiumoorlog,17,binnenkregen,4.568781150737777e-06,12.296264095252628
2139,de_eerste_opiumoorlog,17,",",0.16034622490406036,1.8304198959697495
2140,de_eerste_opiumoorlog,17,via,1.8013254248216981e-06,13.22698781690952
2141,de_eerste_opiumoorlog,17,smokkel,1.2379476856949623e-06,13.602055641707034
2142,de_eerste_opiumoorlog,17,en,0.012903459370136261,4.350259835337566
2143,de_eerste_opiumoorlog,17,door,6.5853942032845225e-06,11.930656360736268
2144,de_eerste_opiumoorlog,17,de,0.011629439890384674,4.454215474369312
2145,de_eerste_opiumoorlog,17,met,1.4562259821104817e-05,11.137077319745709
2146,de_eerste_opiumoorlog,17,toezicht,0.0004028049297630787,7.817058158458218
2147,de_eerste_opiumoorlog,17,belaste,0.006348195485770702,5.059584681932217
2148,de_eerste_opiumoorlog,17,Chinese,1.327918113247506e-07,15.834483263516455
2149,de_eerste_opiumoorlog,17,functionarissen,1.2965832866029814e-05,11.253192901466551
2150,de_eerste_opiumoorlog,17,om,0.001961691537871957,6.2339481484090555
2151,de_eerste_opiumoorlog,17,te,0.00024237472098320723,8.325025595580223
2152,de_eerste_opiumoorlog,17,kopen,0.003101926064118743,5.775732049418763
2153,de_eerste_opiumoorlog,17,.,0.03694905340671539,3.2982152501375834
2154,de_eerste_opiumoorlog,18,gevaarlijke,2.7670834242599085e-05,10.495131614905475
2155,de_eerste_opiumoorlog,18,stof,1.8305800040252507e-05,10.908292606242131
2156,de_eerste_opiumoorlog,18,zorgde,0.00040409195935353637,7.813868083742899
2157,de_eerste_opiumoorlog,18,ervoor,0.001027204329147935,6.880914410524282
2158,de_eerste_opiumoorlog,18,dat,0.0006157656898722053,7.3926440403752185
2159,de_eerste_opiumoorlog,18,tegen,0.0019227778539061546,6.2539843396381345
2160,de_eerste_opiumoorlog,18,1830,7.31338190007591e-09,18.733560029940456
2161,de_eerste_opiumoorlog,18,zeker,3.7333609270717716e-06,12.498201677178711
2162,de_eerste_opiumoorlog,18,12,9.037575364345685e-05,9.311534538450053
2163,de_eerste_opiumoorlog,18,miljoen,2.795409454847686e-05,10.484946873619347
2164,de_eerste_opiumoorlog,18,mensen,0.00119886826723814,6.726377277831717
2165,de_eerste_opiumoorlog,18,verslaafd,0.00011475451901787892,9.072715328379623
2166,de_eerste_opiumoorlog,18,waren,2.3338221581070684e-05,10.665418130192716
2167,de_eerste_opiumoorlog,18,.,0.07610786706209183,2.5756036415063566
2168,de_eerste_opiumoorlog,19,de,0.00015501008601859212,8.772020372074367
2169,de_eerste_opiumoorlog,19,opium,0.0005173715762794018,7.566749225400914
2170,de_eerste_opiumoorlog,19,met,3.222671875846572e-05,10.342714674379323
2171,de_eerste_opiumoorlog,19,zilver,2.2403517050406663e-06,13.008877693243422
2172,de_eerste_opiumoorlog,19,werd,0.014653961174190044,4.223044592750397
2173,de_eerste_opiumoorlog,19,betaald,4.87982276808907e-07,14.532986749767314
2174,de_eerste_opiumoorlog,19,",",0.01832774467766285,3.999339264653486
2175,de_eerste_opiumoorlog,19,sloeg,0.001176019781269133,6.745619608840084
2176,de_eerste_opiumoorlog,19,het,0.00018631728016771376,8.588059530134743
2177,de_eerste_opiumoorlog,19,tekort,0.00020338954345788807,8.500387484432903
2178,de_eerste_opiumoorlog,19,om,0.002250935649499297,6.096409304983144
2179,de_eerste_opiumoorlog,19,in,2.0614619643311016e-05,10.789510042457747
2180,de_eerste_opiumoorlog,19,een,1.504433839727426e-06,13.407093916766849
2181,de_eerste_opiumoorlog,19,handelsoverschot,0.0002436308714095503,8.319856300233829
2182,de_eerste_opiumoorlog,19,voor,7.65994336688891e-05,9.476920874601598
2183,de_eerste_opiumoorlog,19,de,0.07135169208049774,2.6401342201267894
2184,de_eerste_opiumoorlog,19,Engelsen,8.997374152386328e-07,13.92116287703854
2185,de_eerste_opiumoorlog,19,.,0.09060885012149811,2.4012033872436778
2186,de_eerste_opiumoorlog,19,"

",7.81411727075465e-05,9.456993460674862
2187,de_eerste_opiumoorlog,20,Chinese,4.617239568460718e-08,16.890883713434764
2188,de_eerste_opiumoorlog,20,overheid,4.808623998542316e-06,12.245099585761839
2189,de_eerste_opiumoorlog,20,werd,6.57426135148853e-05,9.629763235196164
2190,de_eerste_opiumoorlog,20,zeer,0.000291241827653721,8.14135661303608
2191,de_eerste_opiumoorlog,20,ongerust,3.0713733849552227e-06,12.693385739736389
2192,de_eerste_opiumoorlog,20,over,0.00010801065945997834,9.133280637006948
2193,de_eerste_opiumoorlog,20,het,0.0007927280385047197,7.140030347856426
2194,de_eerste_opiumoorlog,20,overvloedige,1.8824837752617896e-05,10.880333403034296
2195,de_eerste_opiumoorlog,20,opiumgebruik,0.003204407636076212,5.7432280306289565
2196,de_eerste_opiumoorlog,20,.,0.06296452134847641,2.765183864419712
2197,de_eerste_opiumoorlog,21,sociale,3.299328810157931e-08,17.22696168702789
2198,de_eerste_opiumoorlog,21,redenen,5.414736961029121e-07,14.428971347672453
2199,de_eerste_opiumoorlog,21,was,5.5552525736857206e-05,9.798181575102054
2200,de_eerste_opiumoorlog,21,in,0.0015519711887463927,6.468229421345489
2201,de_eerste_opiumoorlog,21,de,0.006725606042891741,5.001833239652491
2202,de_eerste_opiumoorlog,21,18e,1.0579215086181648e-05,11.45661932273786
2203,de_eerste_opiumoorlog,21,eeuw,4.552340033114888e-05,9.997284071218402
2204,de_eerste_opiumoorlog,21,al,3.726184877450578e-05,10.197540575811743
2205,de_eerste_opiumoorlog,21,een,2.6425479518366046e-05,10.541181879982227
2206,de_eerste_opiumoorlog,21,verbod,1.1078655006713234e-05,11.41049027329922
2207,de_eerste_opiumoorlog,21,tegen,0.00039586451021023095,7.834438551188828
2208,de_eerste_opiumoorlog,21,de,0.0054586888290941715,5.21054665925538
2209,de_eerste_opiumoorlog,21,opiumhandel,0.001736361882649362,6.355963226720948
2210,de_eerste_opiumoorlog,21,uitgevaardigd,0.00012163633073214442,9.014474860587521
2211,de_eerste_opiumoorlog,21,en,1.693787817202974e-05,10.985958132073698
2212,de_eerste_opiumoorlog,21,wat,4.082240593561437e-06,12.40886455519558
2213,de_eerste_opiumoorlog,21,later,6.513026846732828e-07,14.244291349380006
2214,de_eerste_opiumoorlog,21,werd,0.0027932568918913603,5.880547019202052
2215,de_eerste_opiumoorlog,21,ook,1.2723014151561074e-05,11.27209806652255
2216,de_eerste_opiumoorlog,21,het,0.00040784478187561035,7.804623892523853
2217,de_eerste_opiumoorlog,21,opiumschuiven,0.012243254110217094,4.402780178554246
2218,de_eerste_opiumoorlog,21,strafbaar,0.00011395585897844285,9.07969938649529
2219,de_eerste_opiumoorlog,21,gesteld,0.00036453836946748197,7.9168787460268835
2220,de_eerste_opiumoorlog,21,.,0.05830083042383194,2.842138941750601
2221,de_eerste_opiumoorlog,22,raakte,0.0004524688993114978,7.700791527989683
2222,de_eerste_opiumoorlog,22,de,3.786687375395559e-05,10.181433871505826
2223,de_eerste_opiumoorlog,22,Chinese,1.3272324350666054e-09,20.440169938632877
2224,de_eerste_opiumoorlog,22,economie,1.792034163372591e-05,10.929574086217187
2225,de_eerste_opiumoorlog,22,in,0.0028719205874949694,5.8527742787721175
2226,de_eerste_opiumoorlog,22,grote,0.00026392884319648147,8.23983102449526
2227,de_eerste_opiumoorlog,22,moeilijkheden,4.278605501895072e-06,12.361883418774797
2228,de_eerste_opiumoorlog,22,door,4.074594835401513e-05,10.108154150115919
2229,de_eerste_opiumoorlog,22,het,0.0004574806080199778,7.689776060988624
2230,de_eerste_opiumoorlog,22,wegstromen,0.000587012036703527,7.440465232888955
2231,de_eerste_opiumoorlog,22,van,0.00020751016563735902,8.480330228470125
2232,de_eerste_opiumoorlog,22,zilver,3.0832291031401837e-06,12.689533100066399
2233,de_eerste_opiumoorlog,22,",",0.003311725566163659,5.710285906350074
2234,de_eerste_opiumoorlog,22,dat,0.0002483635616954416,8.300616910712618
2235,de_eerste_opiumoorlog,22,als,0.00115278793964535,6.7655719751264085
2236,de_eerste_opiumoorlog,22,betaalmiddel,7.679920599912293e-06,11.776901349411224
2237,de_eerste_opiumoorlog,22,voor,0.0014767275424674153,6.517926759295702
2238,de_eerste_opiumoorlog,22,de,0.0541040264070034,2.916846670631039
2239,de_eerste_opiumoorlog,22,opium,0.0028077273163944483,5.875379907080147
2240,de_eerste_opiumoorlog,22,diende,0.00041369994869455695,7.790369608512973
2241,de_eerste_opiumoorlog,22,.,0.04070546105504036,3.201393017278165
2242,de_eerste_opiumoorlog,23,1836,1.6110530850710347e-05,11.036037409691323
2243,de_eerste_opiumoorlog,23,en,0.0001258877746295184,8.980119725445228
2244,de_eerste_opiumoorlog,23,1838,0.08517591655254364,2.4630365546765245
2245,de_eerste_opiumoorlog,23,werd,0.0003122575581073761,8.07168220394368
2246,de_eerste_opiumoorlog,23,aan,9.78590742306551e-06,11.534567225282544
2247,de_eerste_opiumoorlog,23,het,6.531844064738834e-06,11.938821255654965
2248,de_eerste_opiumoorlog,23,Qing-hof,1.1190462828380987e-05,11.400448675603823
2249,de_eerste_opiumoorlog,23,gediscussieerd,3.377109896973707e-05,10.29590518131463
2250,de_eerste_opiumoorlog,23,over,1.1557744073797949e-05,11.368154863089586
2251,de_eerste_opiumoorlog,23,mogelijke,0.003236841643229127,5.733157226078337
2252,de_eerste_opiumoorlog,23,oplossingen,3.4334294468862936e-05,10.279365864555853
2253,de_eerste_opiumoorlog,23,.,0.08051276206970215,2.519339572095613
2254,de_eerste_opiumoorlog,24,was,0.00011999796697637066,9.02803575718932
2255,de_eerste_opiumoorlog,24,een,9.750488061399665e-07,13.84077830962195
2256,de_eerste_opiumoorlog,24,partij,3.4829877222364303e-06,12.567620091640762
2257,de_eerste_opiumoorlog,24,die,2.9726215871050954e-05,10.423481212235716
2258,de_eerste_opiumoorlog,24,legalisering,1.0535534329392249e-06,13.763341885539637
2259,de_eerste_opiumoorlog,24,nastreefde,0.0034056638833135366,5.682315385312449
2260,de_eerste_opiumoorlog,24,;,0.004556259140372276,5.391253356091946
2261,de_eerste_opiumoorlog,25,kon,1.4218757087292033e-06,13.463533636360308
2262,de_eerste_opiumoorlog,25,de,0.0006596933235414326,7.323735492233178
2263,de_eerste_opiumoorlog,25,invoer,0.0022776401601731777,6.08461538948415
2264,de_eerste_opiumoorlog,25,worden,7.580826786579564e-05,9.487303196517521
2265,de_eerste_opiumoorlog,25,gereguleerd,0.0003492932883091271,7.9595986210251075
2266,de_eerste_opiumoorlog,25,en,0.008209837600588799,4.8024221363969
2267,de_eerste_opiumoorlog,25,verkreeg,0.008382463827729225,4.781613394845939
2268,de_eerste_opiumoorlog,25,het,9.109258826356381e-05,9.3036341152566
2269,de_eerste_opiumoorlog,25,hof,4.349881419329904e-05,10.042776880165354
2270,de_eerste_opiumoorlog,25,inkomsten,0.00024381572438869625,8.319097845914522
2271,de_eerste_opiumoorlog,25,uit,0.001088877790607512,6.822607662992996
2272,de_eerste_opiumoorlog,25,deze,0.0077895307913422585,4.854974653090371
2273,de_eerste_opiumoorlog,25,handel,0.00257550785318017,5.961708539776652
2274,de_eerste_opiumoorlog,25,.,0.027776235714554787,3.583574454273112
2275,de_eerste_opiumoorlog,26,andere,0.00011206291674170643,9.096450087772986
2276,de_eerste_opiumoorlog,26,partij,3.291444591013715e-05,10.321598911148238
2277,de_eerste_opiumoorlog,26,wilde,0.00016798905562609434,8.69161172576582
2278,de_eerste_opiumoorlog,26,het,5.8939316659234464e-05,9.73900217455915
2279,de_eerste_opiumoorlog,26,verbod,4.6100605686660856e-05,9.9846844695087
2280,de_eerste_opiumoorlog,26,met,0.00021795256179757416,8.431233125288045
2281,de_eerste_opiumoorlog,26,kracht,5.4652089602313936e-05,9.81452310798279
2282,de_eerste_opiumoorlog,26,handhaven,0.00029312341939657927,8.134916811028745
2283,de_eerste_opiumoorlog,26,.,0.05070393159985542,2.981751825043329
2284,de_eerste_opiumoorlog,28,besloot,4.2215674511680845e-06,12.375304064954772
2285,de_eerste_opiumoorlog,28,tot,1.4183077837515157e-05,11.163461005581468
2286,de_eerste_opiumoorlog,28,het,1.3392660548561253e-05,11.220803721317566
2287,de_eerste_opiumoorlog,28,laatste,0.0011232787510380149,6.791503414046891
2288,de_eerste_opiumoorlog,28,en,0.013891047798097134,4.276510689632834
2289,de_eerste_opiumoorlog,28,de,0.0009420735295861959,6.967427229548633
2290,de_eerste_opiumoorlog,28,hoge,0.00180070532951504,6.319576841102497
2291,de_eerste_opiumoorlog,28,ambtenaar,0.0005870381137356162,7.440420810541096
2292,de_eerste_opiumoorlog,28,Lin,1.8776096055717062e-07,15.488096169539169
2293,de_eerste_opiumoorlog,28,Zexu,0.00017988320905715227,8.623202756232281
2294,de_eerste_opiumoorlog,28,werd,0.0009494689875282347,6.9596076901429385
2295,de_eerste_opiumoorlog,28,naar,0.0008857916691340506,7.0290287714256445
2296,de_eerste_opiumoorlog,28,Kanton,0.014871454797685146,4.208311688884979
2297,de_eerste_opiumoorlog,28,gestuurd,4.117494245292619e-05,10.097680679523254
2298,de_eerste_opiumoorlog,28,om,0.0017701066099107265,6.336715502622267
2299,de_eerste_opiumoorlog,28,dit,0.00012927206989843398,8.953591305586245
2300,de_eerste_opiumoorlog,28,te,0.035352807492017746,3.3423774699340862
2301,de_eerste_opiumoorlog,28,realiseren,6.955941898922902e-06,11.875914314163403
2302,de_eerste_opiumoorlog,28,.,0.014473173767328262,4.235458428088494
2303,de_eerste_opiumoorlog,28,"

",0.0003029144718311727,8.102060063485162
2304,de_eerste_opiumoorlog,29,oorlog,0.0009135398431681097,6.998183567149786
2305,de_eerste_opiumoorlog,29,"

",0.0036225873045623302,5.620566783421528
2306,de_eerste_opiumoorlog,30,maart,0.00013483133807312697,8.911485908217665
2307,de_eerste_opiumoorlog,30,1839,5.4508600442204624e-05,9.817152062466192
2308,de_eerste_opiumoorlog,30,arriveerde,2.908170131377119e-07,15.050571588398265
2309,de_eerste_opiumoorlog,30,Lin,3.1470372050534934e-05,10.366464024570332
2310,de_eerste_opiumoorlog,30,Zexu,0.00027436111122369766,8.201065395101898
2311,de_eerste_opiumoorlog,30,.,0.0735926702618599,2.609209847040029
2312,de_eerste_opiumoorlog,31,liet,2.978512020490598e-05,10.421501611138671
2313,de_eerste_opiumoorlog,31,verslaafden,1.0600819223327562e-05,11.45457927461302
2314,de_eerste_opiumoorlog,31,oppakken,7.521480711147888e-06,11.797747536307217
2315,de_eerste_opiumoorlog,31,",",0.08393574506044388,2.4777037126111425
2316,de_eerste_opiumoorlog,31,sloot,8.292349957628176e-05,9.397592067038817
2317,de_eerste_opiumoorlog,31,plaatsen,0.0011102375574409962,6.803181270843381
2318,de_eerste_opiumoorlog,31,waar,0.00016908430552575737,8.685113118160295
2319,de_eerste_opiumoorlog,31,opium,0.0011672807158902287,6.753078409710919
2320,de_eerste_opiumoorlog,31,werd,0.0033044065348803997,5.712498387647932
2321,de_eerste_opiumoorlog,31,gebruikt,0.0005031174514442682,7.5946869132445824
2322,de_eerste_opiumoorlog,31,en,3.969200770370662e-05,10.134360707825161
2323,de_eerste_opiumoorlog,31,nam,1.99252554011764e-05,10.82352251524335
2324,de_eerste_opiumoorlog,31,opiumpijpen,1.6325086107826792e-05,11.022807608216805
2325,de_eerste_opiumoorlog,31,in,0.0019879138562828302,6.220669503536289
2326,de_eerste_opiumoorlog,31,beslag,5.2119892643531784e-05,9.861963865503846
2327,de_eerste_opiumoorlog,31,.,0.06256571412086487,2.7715378486670468
2328,de_eerste_opiumoorlog,32,eiste,3.7671237805625424e-05,10.186613677611819
2329,de_eerste_opiumoorlog,32,hij,3.216678692297137e-07,14.949746285744553
2330,de_eerste_opiumoorlog,32,dat,0.00015390568296425045,8.779170591457794
2331,de_eerste_opiumoorlog,32,de,0.003430084092542529,5.675170501328572
2332,de_eerste_opiumoorlog,32,Britse,4.529505531536415e-06,12.304897778613306
2333,de_eerste_opiumoorlog,32,handelaren,0.0005987309850752354,7.4206981674465915
2334,de_eerste_opiumoorlog,32,hun,1.8117626723324065e-06,13.221210334455522
2335,de_eerste_opiumoorlog,32,hele,1.198546578962123e-05,11.33181582645088
2336,de_eerste_opiumoorlog,32,opiumvoorraad,0.0030896055977791548,5.779711834478112
2337,de_eerste_opiumoorlog,32,zonder,0.0018993105040863156,6.266264351257341
2338,de_eerste_opiumoorlog,32,vergoeding,0.0015464040916413069,6.4718229841597195
2339,de_eerste_opiumoorlog,32,zouden,0.0006391392089426517,7.35538827294321
2340,de_eerste_opiumoorlog,32,inleveren,0.0019461257616057992,6.241914671609763
2341,de_eerste_opiumoorlog,32,en,0.0012078055879101157,6.718950129581788
2342,de_eerste_opiumoorlog,32,dat,0.0006636177422478795,7.317804263646324
2343,de_eerste_opiumoorlog,32,zij,0.0012600352056324482,6.676615617430959
2344,de_eerste_opiumoorlog,32,zouden,0.004096000920981169,5.497744166396037
2345,de_eerste_opiumoorlog,32,beloven,0.0003602204960770905,7.928794224905984
2346,de_eerste_opiumoorlog,32,nooit,0.0008513625361956656,7.068672508127435
2347,de_eerste_opiumoorlog,32,meer,0.0039187888614833355,5.54197263682626
2348,de_eerste_opiumoorlog,32,opium,0.005875282920897007,5.137001063362987
2349,de_eerste_opiumoorlog,32,te,0.0004411409026943147,7.726146226305653
2350,de_eerste_opiumoorlog,32,smokkelen.^([1,1.4155627923173597e-06,13.467983372857438
2351,de_eerste_opiumoorlog,32,],0.0002780929207801819,8.187555252711132
2352,de_eerste_opiumoorlog,32,),0.2730734944343567,1.298014309645531
2353,de_eerste_opiumoorlog,33,Britse,2.565875547588803e-07,15.175795886491025
2354,de_eerste_opiumoorlog,33,kooplieden,1.8511291273171082e-05,10.897129672970816
2355,de_eerste_opiumoorlog,33,dachten,4.231195634929463e-05,10.070440855840033
2356,de_eerste_opiumoorlog,33,aanvankelijk,7.021876081125811e-05,9.563895034613282
2357,de_eerste_opiumoorlog,33,dat,0.0011784316739067435,6.743570814437481
2358,de_eerste_opiumoorlog,33,Lin,6.108020897954702e-07,14.308492842200664
2359,de_eerste_opiumoorlog,33,opnieuw,0.001019082497805357,6.888852568445137
2360,de_eerste_opiumoorlog,33,over,9.807667083805427e-06,11.532346122677927
2361,de_eerste_opiumoorlog,33,het,0.00018865460879169405,8.575592681469685
2362,de_eerste_opiumoorlog,33,"""",0.007116831839084625,4.945292619005886
2363,de_eerste_opiumoorlog,33,baksjisj,5.843767212354578e-07,14.352719991478137
2364,de_eerste_opiumoorlog,33,"""",0.0011871440801769495,6.736204788937333
2365,de_eerste_opiumoorlog,33,wilde,2.2478323444374837e-05,10.702959115596565
2366,de_eerste_opiumoorlog,33,onderhandelen,0.0002559418499004096,8.270560288113439
2367,de_eerste_opiumoorlog,33,",",0.0587005577981472,2.8353060496694327
2368,de_eerste_opiumoorlog,33,maar,0.0007846023072488606,7.150333583524192
2369,de_eerste_opiumoorlog,33,het,2.7757369025493972e-05,10.492009202555865
2370,de_eerste_opiumoorlog,33,was,8.377012272831053e-05,9.387434144736831
2371,de_eerste_opiumoorlog,33,dit,0.00046585735981352627,7.671631065515969
2372,de_eerste_opiumoorlog,33,keer,0.0026687898207455873,5.92613015997619
2373,de_eerste_opiumoorlog,33,menens,0.0009473402751609683,6.961852210246062
2374,de_eerste_opiumoorlog,33,.,0.01647210121154785,4.10608716481536
2375,de_eerste_opiumoorlog,34,hele,2.359391373829567e-06,12.957106864631829
2376,de_eerste_opiumoorlog,34,voorraad,0.001460674568079412,6.528856917035137
2377,de_eerste_opiumoorlog,34,opium,0.0009063035831786692,7.00613622727716
2378,de_eerste_opiumoorlog,34,",",0.05392560362815857,2.9201498929233263
2379,de_eerste_opiumoorlog,34,circa,1.601081748958677e-06,13.344831064067343
2380,de_eerste_opiumoorlog,34,3,0.0032472258899360895,5.72995421946814
2381,de_eerste_opiumoorlog,34,miljoen,0.0009723250987008214,6.935820345740372
2382,de_eerste_opiumoorlog,34,pond,9.199621899824706e-07,13.898933265593005
2383,de_eerste_opiumoorlog,34,ter,1.9679388060467318e-05,10.83593876131206
2384,de_eerste_opiumoorlog,34,waarde,0.00019412573601584882,8.54700448504943
2385,de_eerste_opiumoorlog,34,van,0.0017482900293543935,6.3491170948288165
2386,de_eerste_opiumoorlog,34,zo'n,0.001640947419218719,6.412481509301784
2387,de_eerste_opiumoorlog,34,6,0.0002889432362280786,8.149280303579397
2388,de_eerste_opiumoorlog,34,miljoen,0.0006219008937478065,7.382729812730835
2389,de_eerste_opiumoorlog,34,dollar,0.0016300075221806765,6.4191706493393434
2390,de_eerste_opiumoorlog,34,",",0.10846565663814545,2.2213216847880863
2391,de_eerste_opiumoorlog,34,werd,0.005396484397351742,5.22200757495632
2392,de_eerste_opiumoorlog,34,in,0.004029309377074242,5.514160288162181
2393,de_eerste_opiumoorlog,34,beslag,5.098721157992259e-05,9.883935710018674
2394,de_eerste_opiumoorlog,34,genomen,0.0014085827860981226,6.565171196302588
2395,de_eerste_opiumoorlog,34,en,0.01163437683135271,4.45379104349443
2396,de_eerste_opiumoorlog,34,vernietigd,1.442427219444653e-05,11.14659820130076
2397,de_eerste_opiumoorlog,34,te,0.00024529374786652625,8.313054094727354
2398,de_eerste_opiumoorlog,34,Humen,0.00010666645539458841,9.145803831516307
2399,de_eerste_opiumoorlog,34,.,0.034781306982040405,3.3586751922100033
2400,de_eerste_opiumoorlog,34,"

",0.00023283460177481174,8.365182220098474
2401,de_eerste_opiumoorlog,35,strikte,5.360780778573826e-05,9.833815832851649
2402,de_eerste_opiumoorlog,35,handelsvoorwaarden,3.5795437725028023e-06,12.540275203520936
2403,de_eerste_opiumoorlog,35,die,4.357993475423427e-06,12.343498818592249
2404,de_eerste_opiumoorlog,35,de,0.00141514977440238,6.5605199058542105
2405,de_eerste_opiumoorlog,35,Chinezen,7.616497168783098e-05,9.482608890097191
2406,de_eerste_opiumoorlog,35,hanteerden,0.009301579557359219,4.6775710483676
2407,de_eerste_opiumoorlog,35,waren,0.002141551347449422,6.146224783867595
2408,de_eerste_opiumoorlog,35,al,0.00029819601331837475,8.117759524876677
2409,de_eerste_opiumoorlog,35,geruime,0.012446797452867031,4.3862919218628695
2410,de_eerste_opiumoorlog,35,tijd,6.517369001812767e-06,11.941039790794104
2411,de_eerste_opiumoorlog,35,moeilijk,1.324846834904747e-06,13.53421370150616
2412,de_eerste_opiumoorlog,35,aanvaardbaar,9.461604349780828e-05,9.26568350328562
2413,de_eerste_opiumoorlog,35,geweest,0.002482328098267317,5.99855840985347
2414,de_eerste_opiumoorlog,35,voor,0.013992915861308575,4.2692040873396255
2415,de_eerste_opiumoorlog,35,Engeland,3.147452662233263e-05,10.366332017945766
2416,de_eerste_opiumoorlog,35,",",0.018550293520092964,3.9872696668682734
2417,de_eerste_opiumoorlog,35,dat,0.00017513074271846563,8.6499777617336
2418,de_eerste_opiumoorlog,35,een,8.045101822062861e-06,11.73044712103534
2419,de_eerste_opiumoorlog,35,open,0.00022697303211316466,8.390679348803893
2420,de_eerste_opiumoorlog,35,en,0.09077022969722748,2.3994239139055726
2421,de_eerste_opiumoorlog,35,vrije,0.002807087730616331,5.875607727863388
2422,de_eerste_opiumoorlog,35,handel,0.002545609837397933,5.973385035917
2423,de_eerste_opiumoorlog,35,met,0.003731632139533758,5.590909570112072
2424,de_eerste_opiumoorlog,35,China,6.080949788156431e-08,16.6155198450173
2425,de_eerste_opiumoorlog,35,ambieerde,2.651221166161122e-06,12.84049020669059
2426,de_eerste_opiumoorlog,35,.,0.003448306815698743,5.669871946468174
2427,de_eerste_opiumoorlog,36,de,5.6626311561558396e-05,9.77903681219429
2428,de_eerste_opiumoorlog,36,Engelsen,9.141393093159422e-06,11.602697766917851
2429,de_eerste_opiumoorlog,36,in,0.00028548340196721256,8.161326667275508
2430,de_eerste_opiumoorlog,36,Kanton,0.0034823992755264044,5.660033775764801
2431,de_eerste_opiumoorlog,36,werden,0.00021023776207584888,8.467271467341078
2432,de_eerste_opiumoorlog,36,gedwongen,1.2925870578328613e-06,13.558864876675198
2433,de_eerste_opiumoorlog,36,hun,7.873453569118283e-07,14.054598857705619
2434,de_eerste_opiumoorlog,36,opiumvoorraad,0.00048640972818247974,7.628459227137157
2435,de_eerste_opiumoorlog,36,af,9.58456439548172e-05,9.252771535986124
2436,de_eerste_opiumoorlog,36,te,0.012125353328883648,4.412456702056681
2437,de_eerste_opiumoorlog,36,staan,6.937804300832795e-06,11.878525216670576
2438,de_eerste_opiumoorlog,36,en,0.01701432093977928,4.0736998813302705
2439,de_eerste_opiumoorlog,36,geen,0.0007592126494273543,7.183228649285553
2440,de_eerste_opiumoorlog,36,opium,0.008346782997250557,4.785879084145199
2441,de_eerste_opiumoorlog,36,meer,0.0006151646375656128,7.393620622625186
2442,de_eerste_opiumoorlog,36,te,0.002024451969191432,6.202456247549276
2443,de_eerste_opiumoorlog,36,smokkelen,9.274486387766956e-07,13.890828419980126
2444,de_eerste_opiumoorlog,36,",",0.026747779920697212,3.6213038027030784
2445,de_eerste_opiumoorlog,36,werd,0.0021455760579556227,6.144347204170062
2446,de_eerste_opiumoorlog,36,dat,2.9511156753869727e-05,10.430742171069788
2447,de_eerste_opiumoorlog,36,door,3.909376755473204e-05,10.149547501255284
2448,de_eerste_opiumoorlog,36,de,0.028582127764821053,3.5549736598177306
2449,de_eerste_opiumoorlog,36,Britse,4.74162925456767e-06,12.259129756724718
2450,de_eerste_opiumoorlog,36,regering,0.00020127133757341653,8.510856622076354
2451,de_eerste_opiumoorlog,36,beschouwd,0.000185480312211439,8.592561815180414
2452,de_eerste_opiumoorlog,36,als,0.0007577589713037014,7.185145202698623
2453,de_eerste_opiumoorlog,36,een,3.98438423871994e-05,10.130542684436609
2454,de_eerste_opiumoorlog,36,casus,1.647809995120042e-06,13.31606342734716
2455,de_eerste_opiumoorlog,36,belli,0.005950387567281723,5.124298924187672
2456,de_eerste_opiumoorlog,36,.,0.047474928200244904,3.047553534654707
2457,de_eerste_opiumoorlog,36,"

",0.0002487180463504046,8.299190647059659
2458,de_eerste_opiumoorlog,37,de,6.649830902460963e-05,9.618334038827127
2459,de_eerste_opiumoorlog,37,zomer,0.00026171968784183264,8.248236520681495
2460,de_eerste_opiumoorlog,37,van,2.8243562155694235e-06,12.777230107630363
2461,de_eerste_opiumoorlog,37,1839,6.85831400915049e-05,9.587463824700002
2462,de_eerste_opiumoorlog,37,had,2.0874920210189885e-06,13.079547202495059
2463,de_eerste_opiumoorlog,37,de,0.00206419313326478,6.18301586342223
2464,de_eerste_opiumoorlog,37,Britse,2.7446135391073767e-06,12.805870280124656
2465,de_eerste_opiumoorlog,37,afgevaardigde,0.0004128374275751412,7.792456680331538
2466,de_eerste_opiumoorlog,37,in,0.0021428854670375586,6.145602009071736
2467,de_eerste_opiumoorlog,37,Kanton,0.001801215810701251,6.319293391704379
2468,de_eerste_opiumoorlog,37,",",0.06252464652061462,2.772194455643237
2469,de_eerste_opiumoorlog,37,Charles,2.2418398657464422e-05,10.705628567605096
2470,de_eerste_opiumoorlog,37,Elliot,0.000540714303497225,7.522619508260172
2471,de_eerste_opiumoorlog,37,",",0.11090143024921417,2.1991134879622316
2472,de_eerste_opiumoorlog,37,een,5.040484211349394e-06,12.198008406815342
2473,de_eerste_opiumoorlog,37,brief,1.300965595874004e-05,11.24981871016
2474,de_eerste_opiumoorlog,37,gestuurd,7.161981920944527e-05,9.54413871769981
2475,de_eerste_opiumoorlog,37,naar,0.0006402843864634633,7.353598126457331
2476,de_eerste_opiumoorlog,37,de,0.042759113013744354,3.1521729364046966
2477,de_eerste_opiumoorlog,37,regering,0.0001248969347216189,8.988021682994436
2478,de_eerste_opiumoorlog,37,in,0.0031169881112873554,5.770888092356487
2479,de_eerste_opiumoorlog,37,Londen,0.006971161346882582,4.965973447302809
2480,de_eerste_opiumoorlog,37,om,0.00019483428332023323,8.543361189837025
2481,de_eerste_opiumoorlog,37,versterking.^([2,9.963686898117885e-05,9.213978291376153
2482,de_eerste_opiumoorlog,37,],0.0031709398608654737,5.753727248958823
2483,de_eerste_opiumoorlog,37,),0.2598925828933716,1.347486876051377
2484,de_eerste_opiumoorlog,38,Palmerston,8.951420568337198e-06,11.623698315553389
2485,de_eerste_opiumoorlog,38,",",0.17299403250217438,1.7544981792863814
2486,de_eerste_opiumoorlog,38,de,5.185469126445241e-05,9.867065149764379
2487,de_eerste_opiumoorlog,38,minister,1.955024089284052e-07,15.447693135712479
2488,de_eerste_opiumoorlog,38,van,4.0904204070102423e-05,10.104277711197886
2489,de_eerste_opiumoorlog,38,Buitenlandse,0.001325859921053052,6.625694033030273
2490,de_eerste_opiumoorlog,38,Zaken,3.4639026125660166e-05,10.270529588820557
2491,de_eerste_opiumoorlog,38,",",0.11397118121385574,2.1718096589157163
2492,de_eerste_opiumoorlog,38,was,0.00018281200027558953,8.607052254077072
2493,de_eerste_opiumoorlog,38,niet,0.004639738239347935,5.373097328268933
2494,de_eerste_opiumoorlog,38,genegen,0.00019013573182746768,8.567772362811017
2495,de_eerste_opiumoorlog,38,de,0.0026657707057893276,5.927262067755129
2496,de_eerste_opiumoorlog,38,Britse,0.0001761923631420359,8.64393418738766
2497,de_eerste_opiumoorlog,38,handelaren,0.00226872181519866,6.088538683081212
2498,de_eerste_opiumoorlog,38,",",0.1070956215262413,2.2340331844720547
2499,de_eerste_opiumoorlog,38,die,0.0074324291199445724,4.901902539640075
2500,de_eerste_opiumoorlog,38,met,6.649765418842435e-05,9.618343886286695
2501,de_eerste_opiumoorlog,38,smokkel,1.1663145414786413e-05,11.359076652290009
2502,de_eerste_opiumoorlog,38,hun,3.6226197153155226e-06,12.528313115591489
2503,de_eerste_opiumoorlog,38,geld,0.0015428076731041074,6.474151358150148
2504,de_eerste_opiumoorlog,38,verdienden,0.00021674649906344712,8.436782094390482
2505,de_eerste_opiumoorlog,38,",",0.24077974259853363,1.4238726945075848
2506,de_eerste_opiumoorlog,38,te,0.0014584900345653296,6.530353601339882
2507,de_eerste_opiumoorlog,38,helpen,0.0002738203329499811,8.203038385814692
2508,de_eerste_opiumoorlog,38,.,0.040904778987169266,3.196508377107242
2509,de_eerste_opiumoorlog,39,Schotse,1.4630533769377507e-05,11.132399859019694
2510,de_eerste_opiumoorlog,39,handelaar,1.928725941979792e-05,10.856065813726843
2511,de_eerste_opiumoorlog,39,William,7.331109827646287e-06,11.823383644571056
2512,de_eerste_opiumoorlog,39,Jardine,0.0033515729010105133,5.698325520646744
2513,de_eerste_opiumoorlog,39,",",0.053402308374643326,2.929901305960715
2514,de_eerste_opiumoorlog,39,directeur,7.183553407230647e-06,11.843716393814477
2515,de_eerste_opiumoorlog,39,en,0.00013838564336765558,8.885466253053995
2516,de_eerste_opiumoorlog,39,mede-eigenaar,0.0001848090614657849,8.59618736605305
2517,de_eerste_opiumoorlog,39,van,0.002401903970167041,6.031493535238003
2518,de_eerste_opiumoorlog,39,het,6.709142326144502e-05,9.609454342403064
2519,de_eerste_opiumoorlog,39,grote,0.005092881619930267,5.2799114750312794
2520,de_eerste_opiumoorlog,39,handelshuis,0.007127616088837385,4.943778449854824
2521,de_eerste_opiumoorlog,39,Jardine,0.001195285003632307,6.729370625271058
2522,de_eerste_opiumoorlog,39,Matheson,0.0008765332750044763,7.039535890827315
2523,de_eerste_opiumoorlog,39,",",0.4716073274612427,0.7516085729900022
2524,de_eerste_opiumoorlog,39,lobbyde,1.6655125364195555e-05,11.002792559226242
2525,de_eerste_opiumoorlog,39,voor,0.008658800274133682,4.749179102479028
2526,de_eerste_opiumoorlog,39,een,1.932421582750976e-05,10.854151542450726
2527,de_eerste_opiumoorlog,39,oorlog,0.00012840706040151417,8.96030518066944
2528,de_eerste_opiumoorlog,39,en,0.02641526609659195,3.6338131747239246
2529,de_eerste_opiumoorlog,39,slaagde,3.4898428566521034e-05,10.263068756516875
2530,de_eerste_opiumoorlog,39,hier,3.543567072483711e-05,10.247791597566332
2531,de_eerste_opiumoorlog,39,uiteindelijk,1.292361685045762e-05,11.25645415680038
2532,de_eerste_opiumoorlog,39,in,0.000796989887021482,7.134668568060733
2533,de_eerste_opiumoorlog,39,.,0.028246646746993065,3.5667805276564817
2534,de_eerste_opiumoorlog,40,zwichtte,1.275467366212979e-05,11.26961279179151
2535,de_eerste_opiumoorlog,40,en,0.00023907180002424866,8.338746632637868
2536,de_eerste_opiumoorlog,40,stuurde,0.0010778200812637806,6.83281472092219
2537,de_eerste_opiumoorlog,40,de,0.0005394722102209926,7.524919284841175
2538,de_eerste_opiumoorlog,40,vloot,0.0019974044989794493,6.215906691739908
2539,de_eerste_opiumoorlog,40,.,0.08416636288166046,2.4749599282681523
2540,de_eerste_opiumoorlog,41,George,1.2189730114187114e-06,13.617501847645661
2541,de_eerste_opiumoorlog,41,Elliot,0.0018745107809081674,6.279407570453463
2542,de_eerste_opiumoorlog,41,",",0.048576708883047104,3.024611104037968
2543,de_eerste_opiumoorlog,41,een,1.3713740827370202e-06,13.499697340672697
2544,de_eerste_opiumoorlog,41,neef,0.0010211487533524632,6.886827056628897
2545,de_eerste_opiumoorlog,41,van,3.678724533529021e-05,10.210359367016746
2546,de_eerste_opiumoorlog,41,Charles,0.0001009082916425541,9.201298457147008
2547,de_eerste_opiumoorlog,41,Elliot,0.00827892404049635,4.794042265828743
2548,de_eerste_opiumoorlog,41,",",0.5811384916305542,0.5427661828407054
2549,de_eerste_opiumoorlog,41,arriveerde,7.572747108497424e-06,11.79095466222387
2550,de_eerste_opiumoorlog,41,in,0.00028536043828353286,8.16175748101794
2551,de_eerste_opiumoorlog,41,juni,0.0007766583585180342,7.160509997316933
2552,de_eerste_opiumoorlog,41,1840,1.253127379641228e-07,15.892453320481758
2553,de_eerste_opiumoorlog,41,voor,0.00024949380895122886,8.296076456903299
2554,de_eerste_opiumoorlog,41,de,0.021921353414654732,3.8202940754390804
2555,de_eerste_opiumoorlog,41,kust,0.001401569345034659,6.57016270942925
2556,de_eerste_opiumoorlog,41,van,0.00211498886346817,6.158705731997442
2557,de_eerste_opiumoorlog,41,Kanton,0.010456807911396027,4.560502037914148
2558,de_eerste_opiumoorlog,41,.,0.01879609189927578,3.974106308453894
2559,de_eerste_opiumoorlog,42,vloot,0.0005986848846077919,7.4207751673739075
2560,de_eerste_opiumoorlog,42,telde,1.3735852007812355e-05,11.195501208465263
2561,de_eerste_opiumoorlog,42,16,8.046092989388853e-05,9.427738834289823
2562,de_eerste_opiumoorlog,42,oorlogsschepen,0.0006137436139397323,7.395933283895856
2563,de_eerste_opiumoorlog,42,",",0.05430984869599342,2.913049692871994
2564,de_eerste_opiumoorlog,42,vier,2.2859151158627355e-06,12.988744125449603
2565,de_eerste_opiumoorlog,42,bewapende,0.008683460764586926,4.746335124174262
2566,de_eerste_opiumoorlog,42,stoomschepen,7.540461410826538e-06,11.795227182746919
2567,de_eerste_opiumoorlog,42,",",0.5237497091293335,0.6467413631075982
2568,de_eerste_opiumoorlog,42,waaronder,0.0016626163851469755,6.399362781781134
2569,de_eerste_opiumoorlog,42,de,0.062011998146772385,2.7804273941630058
2570,de_eerste_opiumoorlog,42,Nemesis,3.993808945779165e-07,14.733350252417011
2571,de_eerste_opiumoorlog,42,",",0.1032659262418747,2.2704478097202196
2572,de_eerste_opiumoorlog,42,transportschepen,0.00011677760630846024,9.05523923276321
2573,de_eerste_opiumoorlog,42,en,0.0006231245934031904,7.380764069760817
2574,de_eerste_opiumoorlog,42,naast,0.0009548855014145374,6.953919118478148
2575,de_eerste_opiumoorlog,42,de,0.008679386228322983,4.746804463832718
2576,de_eerste_opiumoorlog,42,bemanning,2.4674833184690215e-05,10.609726733166458
2577,de_eerste_opiumoorlog,42,van,0.0020514321513473988,6.189217119333115
2578,de_eerste_opiumoorlog,42,de,0.004074344877153635,5.503045311556271
2579,de_eerste_opiumoorlog,42,schepen,9.6965603006538e-05,9.24115425052926
2580,de_eerste_opiumoorlog,42,nog,0.00016312344814650714,8.721003293210686
2581,de_eerste_opiumoorlog,42,eens,0.0006718357326462865,7.305496692789623
2582,de_eerste_opiumoorlog,42,4000,1.4242159522837028e-06,13.461889104587852
2583,de_eerste_opiumoorlog,42,man.^([2,0.0010340516455471516,6.8742705568055555
2584,de_eerste_opiumoorlog,42,],0.0008960644481703639,7.017498218814526
2585,de_eerste_opiumoorlog,42,),0.1455862671136856,1.9269864669420311
2586,de_eerste_opiumoorlog,42,"

",3.440824366407469e-05,10.277214380896815
2587,de_eerste_opiumoorlog,42,China,5.412373411672888e-06,12.126822853052749
2588,de_eerste_opiumoorlog,42,had,1.096088089980185e-05,11.421177905604715
2589,de_eerste_opiumoorlog,42,zich,0.007306305225938559,4.9190175740469115
2590,de_eerste_opiumoorlog,42,ook,1.1995927707175724e-05,11.330943323506498
2591,de_eerste_opiumoorlog,42,voorbereid,0.00023625412723049521,8.350602521984307
2592,de_eerste_opiumoorlog,42,;,2.395609590166714e-05,10.639287740327996
2593,de_eerste_opiumoorlog,42,langs,0.00028284371364861727,8.170616061457913
2594,de_eerste_opiumoorlog,42,de,0.018165932968258858,4.008207253864947
2595,de_eerste_opiumoorlog,42,kust,0.0003618369810283184,7.924316776217956
2596,de_eerste_opiumoorlog,42,lagen,0.0012688299175351858,6.669660127967618
2597,de_eerste_opiumoorlog,42,forten,9.322350524598733e-05,9.280510665860195
2598,de_eerste_opiumoorlog,42,en,0.0013108554994687438,6.637075301885839
2599,de_eerste_opiumoorlog,42,een,1.63904969667783e-05,11.01880884432726
2600,de_eerste_opiumoorlog,42,deel,0.013551962561905384,4.30122390362751
2601,de_eerste_opiumoorlog,42,van,0.01004883460700512,4.600298610702853
2602,de_eerste_opiumoorlog,42,de,0.021536897867918015,3.8379876348993793
2603,de_eerste_opiumoorlog,42,Chinese,2.7666482438348794e-08,17.403044176694955
2604,de_eerste_opiumoorlog,42,vloot,0.001396405161358416,6.5738540865511546
2605,de_eerste_opiumoorlog,42,was,6.533015493914718e-06,11.938641930469913
2606,de_eerste_opiumoorlog,42,samengetrokken,3.296589056844823e-05,10.320037150188368
2607,de_eerste_opiumoorlog,42,.,0.04158962890505791,3.1799044479634957
2608,de_eerste_opiumoorlog,43,Britten,0.0006011286750435829,7.416701544775515
2609,de_eerste_opiumoorlog,43,waren,1.5099541087693069e-05,11.100846206148733
2610,de_eerste_opiumoorlog,43,in,0.0002715677546802908,8.211298892890927
2611,de_eerste_opiumoorlog,43,een,8.522713557113093e-08,16.277945961200242
2612,de_eerste_opiumoorlog,43,minderheid,0.004861431196331978,5.326422399579914
2613,de_eerste_opiumoorlog,43,",",0.07078246027231216,2.6481440452409384
2614,de_eerste_opiumoorlog,43,maar,8.720215555513278e-05,9.347281507685912
2615,de_eerste_opiumoorlog,43,waren,0.004763241857290268,5.346826780100655
2616,de_eerste_opiumoorlog,43,technologisch,1.4916290638211649e-05,11.113056610840772
2617,de_eerste_opiumoorlog,43,veel,0.0005700175534002483,7.469843402170816
2618,de_eerste_opiumoorlog,43,beter,0.0018424267182126641,6.296671707710657
2619,de_eerste_opiumoorlog,43,uitgerust,0.00023449503351002932,8.358076149363928
2620,de_eerste_opiumoorlog,43,.,0.08325987309217453,2.485788561451702
2621,de_eerste_opiumoorlog,44,liet,2.0699976630567107e-06,13.087963079645744
2622,de_eerste_opiumoorlog,44,een,4.556869953376008e-06,12.298874583861078
2623,de_eerste_opiumoorlog,44,paar,1.0942133485514205e-05,11.422889763026351
2624,de_eerste_opiumoorlog,44,schepen,4.3846659536939114e-05,10.034812021365111
2625,de_eerste_opiumoorlog,44,achter,0.00021594532881863415,8.44048528963831
2626,de_eerste_opiumoorlog,44,en,0.007825573906302452,4.850358202586901
2627,de_eerste_opiumoorlog,44,deze,0.0021660637576133013,6.134843695188682
2628,de_eerste_opiumoorlog,44,blokkeerden,3.328246020828374e-05,10.310480020215794
2629,de_eerste_opiumoorlog,44,de,0.007288735825568438,4.921425160129722
2630,de_eerste_opiumoorlog,44,haven,0.0018165282672271132,6.3108281450549155
2631,de_eerste_opiumoorlog,44,van,0.0006700489320792258,7.308159815291971
2632,de_eerste_opiumoorlog,44,Kanton,0.0025280180852860212,5.980319648733392
2633,de_eerste_opiumoorlog,44,.,0.05210476741194725,2.954498829381367
2634,de_eerste_opiumoorlog,45,rest,1.5990719475666992e-05,11.04350203677939
2635,de_eerste_opiumoorlog,45,van,1.009428956422198e-06,13.806125776685114
2636,de_eerste_opiumoorlog,45,de,0.00016908640100155026,8.68510072515432
2637,de_eerste_opiumoorlog,45,vloot,0.0006254903855733573,7.376974598961439
2638,de_eerste_opiumoorlog,45,vertrok,7.0616465563944075e-06,11.860832310366119
2639,de_eerste_opiumoorlog,45,naar,0.00046807105536572635,7.666890445866743
2640,de_eerste_opiumoorlog,45,het,3.8088750443421304e-05,10.175591583382799
2641,de_eerste_opiumoorlog,45,noorden,0.00016356274136342108,8.718313902010216
2642,de_eerste_opiumoorlog,45,;,0.010461637750267982,4.56004025991822
2643,de_eerste_opiumoorlog,45,de,0.001104016904719174,6.808800018998836
2644,de_eerste_opiumoorlog,45,havenstad,0.0010620055254548788,6.847596153299391
2645,de_eerste_opiumoorlog,45,Ningbo,6.646755679184935e-08,16.526551876122554
2646,de_eerste_opiumoorlog,45,werd,0.00017610543000046164,8.644427708181892
2647,de_eerste_opiumoorlog,45,afgesloten,2.996900184371043e-05,10.415346982371833
2648,de_eerste_opiumoorlog,45,en,0.0005321757053025067,7.53853685002578
2649,de_eerste_opiumoorlog,45,toen,0.00017357658362016082,8.658891651816731
2650,de_eerste_opiumoorlog,45,de,0.005178943742066622,5.263154154301328
2651,de_eerste_opiumoorlog,45,Engelsen,6.345750080072321e-06,11.967725247855432
2652,de_eerste_opiumoorlog,45,bij,0.0017595005920156837,6.342725264734556
2653,de_eerste_opiumoorlog,45,Tianjin,5.942800271441229e-06,12.033330109507569
2654,de_eerste_opiumoorlog,45,",",0.047302499413490295,3.0511921431574853
2655,de_eerste_opiumoorlog,45,aan,9.931856766343117e-06,11.519763111853766
2656,de_eerste_opiumoorlog,45,de,0.010207031853497028,4.584678398815471
2657,de_eerste_opiumoorlog,45,kust,0.00026655508554540575,8.229929635735113
2658,de_eerste_opiumoorlog,45,bij,0.001047887490130961,6.8609790555917005
2659,de_eerste_opiumoorlog,45,Peking,3.594069539758493e-07,14.838810513936478
2660,de_eerste_opiumoorlog,45,waren,0.0004444447986315936,7.7186846982776975
2661,de_eerste_opiumoorlog,45,aangekomen,0.0010546449339017272,6.854551124245021
2662,de_eerste_opiumoorlog,45,",",0.049831490963697433,2.999108146131081
2663,de_eerste_opiumoorlog,45,besloten,0.00034713014611043036,7.965810787498174
2664,de_eerste_opiumoorlog,45,de,0.0012135386932641268,6.714214647633003
2665,de_eerste_opiumoorlog,45,Chinezen,0.0016651166370138526,6.397860105742703
2666,de_eerste_opiumoorlog,45,te,0.0002777608169708401,8.188750185213348
2667,de_eerste_opiumoorlog,45,onderhandelen.^([2,0.0002818228676915169,8.17423181313516
2668,de_eerste_opiumoorlog,45,],0.0015061491867527366,6.498199092921908
2669,de_eerste_opiumoorlog,45,),0.1998090296983719,1.6103932201033428
2670,de_eerste_opiumoorlog,46,",",0.16510049998760223,1.8012008996681375
2671,de_eerste_opiumoorlog,46,de,4.2564184695947915e-05,10.064497393141597
2672,de_eerste_opiumoorlog,46,gouverneur-generaal,0.000496884633321315,7.607152684927136
2673,de_eerste_opiumoorlog,46,van,4.384684143587947e-05,10.034807872849239
2674,de_eerste_opiumoorlog,46,de,0.0017334375297650695,6.357648830543597
2675,de_eerste_opiumoorlog,46,regio,1.7085363651858643e-05,10.977288387762043
2676,de_eerste_opiumoorlog,46,",",0.1451527327299118,1.9299687617516796
2677,de_eerste_opiumoorlog,46,haalde,0.0009944536723196507,6.913317044647064
2678,de_eerste_opiumoorlog,46,de,0.00496595399454236,5.305149856026396
2679,de_eerste_opiumoorlog,46,Britten,0.0002602710446808487,8.25378699041147
2680,de_eerste_opiumoorlog,46,over,1.2904422874271404e-05,11.257940446888531
2681,de_eerste_opiumoorlog,46,om,2.3734424758004025e-05,10.648584042277271
2682,de_eerste_opiumoorlog,46,terug,0.00010216850932920352,9.188887055570113
2683,de_eerste_opiumoorlog,46,te,0.0007837978773750365,7.151359380323058
2684,de_eerste_opiumoorlog,46,keren,7.184868445619941e-05,9.54094825519351
2685,de_eerste_opiumoorlog,46,naar,0.0009935072157531977,6.9142692330363245
2686,de_eerste_opiumoorlog,46,Kanton,0.0004221666604280472,7.770110391968276
2687,de_eerste_opiumoorlog,46,.,0.05574458837509155,2.8869749428585423
2688,de_eerste_opiumoorlog,47,januari,9.497608516539913e-06,11.56447052614944
2689,de_eerste_opiumoorlog,47,1841,9.878941636998206e-05,9.222520080709712
2690,de_eerste_opiumoorlog,47,kwamen,3.3681596960377647e-06,12.60114404702011
2691,de_eerste_opiumoorlog,47,ze,0.00041501986561343074,7.787184169931232
2692,de_eerste_opiumoorlog,47,tot,1.0343654821554082e-06,13.781722379964917
2693,de_eerste_opiumoorlog,47,overeenstemming,0.0010259967530146241,6.882090696941662
2694,de_eerste_opiumoorlog,47,.,0.09057251363992691,2.401604493420428
2695,de_eerste_opiumoorlog,48,zou,0.00025916623417288065,8.258040871366699
2696,de_eerste_opiumoorlog,48,Hongkong,8.236655446580698e-08,16.31208637483286
2697,de_eerste_opiumoorlog,48,afstaan,2.2065916027713683e-07,15.326646587127081
2698,de_eerste_opiumoorlog,48,en,0.0010003065690398216,6.907448756925001
2699,de_eerste_opiumoorlog,48,een,6.265282991080312e-06,11.980486800471928
2700,de_eerste_opiumoorlog,48,schadevergoeding,2.099428638757672e-05,10.771260234042515
2701,de_eerste_opiumoorlog,48,van,0.0007905756938271224,7.142749151531893
2702,de_eerste_opiumoorlog,48,6,0.0001175116776721552,9.048972844874493
2703,de_eerste_opiumoorlog,48,miljoen,6.275513442233205e-05,9.676270159836278
2704,de_eerste_opiumoorlog,48,dollar,0.0018266544211655855,6.3052691704542605
2705,de_eerste_opiumoorlog,48,betalen.^([2,0.0005167476483620703,7.567955910236031
2706,de_eerste_opiumoorlog,48,],0.0012970373500138521,6.647672576827419
2707,de_eerste_opiumoorlog,48,),0.2324458509683609,1.4590979801407373
2708,de_eerste_opiumoorlog,50,was,4.546739728539251e-05,9.998515032025317
2709,de_eerste_opiumoorlog,50,woedend,0.0001244981394847855,8.991219786068479
2710,de_eerste_opiumoorlog,50,",",0.033431243151426315,3.3982643925401823
2711,de_eerste_opiumoorlog,50,hij,4.320757852838142e-06,12.352079742196388
2712,de_eerste_opiumoorlog,50,ontsloeg,6.452178240579087e-06,11.951092772450671
2713,de_eerste_opiumoorlog,50,Qishan,2.9840042770956643e-05,10.41965934928669
2714,de_eerste_opiumoorlog,50,en,0.00023940663959365338,8.33734703091566
2715,de_eerste_opiumoorlog,50,gaf,0.0002175895351683721,8.43290013619606
2716,de_eerste_opiumoorlog,50,hem,5.397068889578804e-06,12.12965454998848
2717,de_eerste_opiumoorlog,50,de,0.00247487286105752,6.001566253550618
2718,de_eerste_opiumoorlog,50,doodstraf,0.00023867044365033507,8.340426854446392
2719,de_eerste_opiumoorlog,50,",",0.02133813314139843,3.8472595185942033
2720,de_eerste_opiumoorlog,50,later,3.9098217712307815e-06,12.452018767811355
2721,de_eerste_opiumoorlog,50,omgezet,0.0006481086020357907,7.34145227992035
2722,de_eerste_opiumoorlog,50,in,0.001505075371824205,6.498912301088991
2723,de_eerste_opiumoorlog,50,verbanning,1.175919078377774e-05,11.350875428764626
2724,de_eerste_opiumoorlog,50,.,0.03176318481564522,3.449447370059968
2725,de_eerste_opiumoorlog,51,was,9.77848458205699e-07,13.837911129627615
2726,de_eerste_opiumoorlog,51,eveneens,9.605059312889352e-05,9.250635493559056
2727,de_eerste_opiumoorlog,51,zeer,5.9226473240414634e-05,9.734141932915772
2728,de_eerste_opiumoorlog,51,ontevreden,4.7717621782794595e-06,12.252794891877574
2729,de_eerste_opiumoorlog,51,.,0.07970784604549408,2.529387253294895
2730,de_eerste_opiumoorlog,52,Elliot,3.3602704206714407e-05,10.300904011890955
2731,de_eerste_opiumoorlog,52,had,1.1380700016161427e-05,11.383591618314217
2732,de_eerste_opiumoorlog,52,te,0.0013673020293936133,6.594915802416
2733,de_eerste_opiumoorlog,52,weinig,0.000350503803929314,7.956138998683146
2734,de_eerste_opiumoorlog,52,concessies,1.8746015484794043e-05,10.884529335608418
2735,de_eerste_opiumoorlog,52,gerealiseerd,0.0013836038997396827,6.583063662359639
2736,de_eerste_opiumoorlog,52,",",0.00915771909058094,4.693158138882133
2737,de_eerste_opiumoorlog,52,hij,2.3392130970023572e-06,12.96569596848291
2738,de_eerste_opiumoorlog,52,werd,0.0012308323057368398,6.700064667105865
2739,de_eerste_opiumoorlog,52,vervangen,0.0006495187408290803,7.339278868029587
2740,de_eerste_opiumoorlog,52,door,0.0002733314177021384,8.204825514805455
2741,de_eerste_opiumoorlog,52,Sir,3.3578362490516156e-06,12.604213764925698
2742,de_eerste_opiumoorlog,52,Henry,0.00011638122668955475,9.05863931841018
2743,de_eerste_opiumoorlog,52,Pottinger,0.00018102912872564048,8.616852607460784
2744,de_eerste_opiumoorlog,52,die,0.0004279983986634761,7.756391103829953
2745,de_eerste_opiumoorlog,52,in,0.005142670124769211,5.270182854870758
2746,de_eerste_opiumoorlog,52,augustus,6.475886948464904e-06,11.947424979301738
2747,de_eerste_opiumoorlog,52,1841,0.0003038507711607963,8.0989738614207
2748,de_eerste_opiumoorlog,52,in,0.0010790943633764982,6.831633142056937
2749,de_eerste_opiumoorlog,52,Kanton,0.013254653662443161,4.323406568406114
2750,de_eerste_opiumoorlog,52,aankwam.^([1,8.484543286613189e-06,11.67726448670045
2751,de_eerste_opiumoorlog,52,],0.0013585322303697467,6.601350404410775
2752,de_eerste_opiumoorlog,52,),0.2556644678115845,1.3638893667961764
2753,de_eerste_opiumoorlog,52,"

",0.0002138213167199865,8.450369860321057
2754,de_eerste_opiumoorlog,53,Pottinger,1.36973494591075e-06,13.50089330698014
2755,de_eerste_opiumoorlog,53,begon,1.899726811416258e-07,15.476385558588886
2756,de_eerste_opiumoorlog,53,de,0.001795279560610652,6.322594525095957
2757,de_eerste_opiumoorlog,53,tweede,0.00015467139019165188,8.774207754840234
2758,de_eerste_opiumoorlog,53,fase,4.797397537004144e-07,14.550022059867889
2759,de_eerste_opiumoorlog,53,van,1.5822850400581956e-05,11.054055434826761
2760,de_eerste_opiumoorlog,53,de,0.005572473630309105,5.1899162248268675
2761,de_eerste_opiumoorlog,53,oorlog,0.0004059640341438353,7.809245988139122
2762,de_eerste_opiumoorlog,53,",",0.00369267794303596,5.601403354324203
2763,de_eerste_opiumoorlog,53,hij,9.810462415771326e-07,13.834646241308349
2764,de_eerste_opiumoorlog,53,voer,0.0007994782645255327,7.131551212394363
2765,de_eerste_opiumoorlog,53,met,0.002451186068356037,6.01118326203564
2766,de_eerste_opiumoorlog,53,de,0.01615436188876629,4.125565179788406
2767,de_eerste_opiumoorlog,53,vloot,0.0031676371581852436,5.754769344990531
2768,de_eerste_opiumoorlog,53,uit,0.001367271994240582,6.594937769386191
2769,de_eerste_opiumoorlog,53,weer,0.0071516442112624645,4.940412989095753
2770,de_eerste_opiumoorlog,53,naar,0.0002900289255194366,8.145529896787302
2771,de_eerste_opiumoorlog,53,het,0.00010890110570471734,9.125070374681888
2772,de_eerste_opiumoorlog,53,noorden,0.00037748648901470006,7.881975780605233
2773,de_eerste_opiumoorlog,53,.,0.057781536132097244,2.851085998418297
2774,de_eerste_opiumoorlog,54,veroverden,0.00010781996388686821,9.13504772287989
2775,de_eerste_opiumoorlog,54,Xiamen,0.00015208493277896196,8.791071424888221
2776,de_eerste_opiumoorlog,54,(,0.0032508233562111855,5.728846974353072
2777,de_eerste_opiumoorlog,54,Amoy,0.0015191527782008052,6.489602482282098
2778,de_eerste_opiumoorlog,54,),0.08810170739889145,2.429263365990664
2779,de_eerste_opiumoorlog,54,",",7.252555224113166e-05,9.531571613492426
2780,de_eerste_opiumoorlog,54,Ningpo,1.2395778867357876e-05,11.298154557230006
2781,de_eerste_opiumoorlog,54,en,0.0008138283155858517,7.113761128721023
2782,de_eerste_opiumoorlog,54,Zhoushan,0.02367262728512287,3.743435865201743
2783,de_eerste_opiumoorlog,54,.,0.0048211198300123215,5.33474904802596
2784,de_eerste_opiumoorlog,55,het,5.422154572443105e-06,12.125017298912912
2785,de_eerste_opiumoorlog,55,voorjaar,8.717484161024913e-05,9.347594782321341
2786,de_eerste_opiumoorlog,55,van,0.0022830436937510967,6.082245772874259
2787,de_eerste_opiumoorlog,55,1842,9.260871593141928e-05,9.28712729621221
2788,de_eerste_opiumoorlog,55,arriveerden,1.999778476147185e-08,17.727644331453384
2789,de_eerste_opiumoorlog,55,versterkingen,0.00023770213010720909,8.3444922223122
2790,de_eerste_opiumoorlog,55,uit,0.0027398578822612762,5.899849227715194
2791,de_eerste_opiumoorlog,55,Brits-Indië,7.527168781962246e-05,9.494406485632338
2792,de_eerste_opiumoorlog,55,en,0.021599212661385536,3.8350984158181474
2793,de_eerste_opiumoorlog,55,de,0.002228122903034091,6.106595795496826
2794,de_eerste_opiumoorlog,55,Britten,0.004575437866151333,5.387052876386035
2795,de_eerste_opiumoorlog,55,rukten,1.034360707308224e-06,13.78172699618451
2796,de_eerste_opiumoorlog,55,op,0.001109717763029039,6.803649563530772
2797,de_eerste_opiumoorlog,55,naar,0.0016070326091721654,6.433365900477342
2798,de_eerste_opiumoorlog,55,het,1.1146244105475489e-05,11.404407968332228
2799,de_eerste_opiumoorlog,55,Keizerskanaal,8.39137501316145e-05,9.38572107077237
2800,de_eerste_opiumoorlog,55,en,0.0018911183578893542,6.2705869011590725
2801,de_eerste_opiumoorlog,55,de,0.003769111819565296,5.580915896905527
2802,de_eerste_opiumoorlog,55,oude,6.917689461261034e-05,9.578843643976644
2803,de_eerste_opiumoorlog,55,hoofdstad,0.004371262155473232,5.43270348881315
2804,de_eerste_opiumoorlog,55,Nanking.^([2,0.004863082431256771,5.3260827970036
2805,de_eerste_opiumoorlog,55,],0.0003176255850121379,8.054637274492858
2806,de_eerste_opiumoorlog,55,),0.25061503052711487,1.3838372601579136
2807,de_eerste_opiumoorlog,56,militaire,2.044127768385806e-06,13.10053937858141
2808,de_eerste_opiumoorlog,56,situatie,1.0200086819622811e-07,16.09828451197064
2809,de_eerste_opiumoorlog,56,werd,0.0005660950555466115,7.476748551200023
2810,de_eerste_opiumoorlog,56,hopeloos,1.9929186692024814e-06,13.12591032579385
2811,de_eerste_opiumoorlog,56,en,0.0009195373859256506,6.991639855773477
2812,de_eerste_opiumoorlog,56,de,0.0018653529696166515,6.284304983945673
2813,de_eerste_opiumoorlog,56,Chinezen,3.2136074878508225e-05,10.345531330859341
2814,de_eerste_opiumoorlog,56,keerden,0.0007669114274904132,7.173139242417252
2815,de_eerste_opiumoorlog,56,terug,3.93991285818629e-05,10.141766859116577
2816,de_eerste_opiumoorlog,56,naar,0.00042307068360969424,7.7679712921456305
2817,de_eerste_opiumoorlog,56,de,0.0350036658346653,3.3523024848440843
2818,de_eerste_opiumoorlog,56,onderhandelingstafel,0.0003902815515175462,7.8486421523364385
2819,de_eerste_opiumoorlog,56,.,0.04690521955490112,3.0596263185730264
2820,de_eerste_opiumoorlog,56,"
",1.3399645695244544e-06,13.522867385004407
2821,de_zilveren_schaatsen,1,gij,2.5873860067804344e-06,12.864862455693808
2822,de_zilveren_schaatsen,1,",",0.05165079981088638,2.963249598330452
2823,de_zilveren_schaatsen,1,mijn,6.833396037109196e-05,9.591103691373755
2824,de_zilveren_schaatsen,1,lieve,0.00026231378433294594,8.245969120688232
2825,de_zilveren_schaatsen,1,lezeressen,7.824434078429476e-07,14.060844239392917
2826,de_zilveren_schaatsen,1,en,0.0008675619610585272,7.049823623842565
2827,de_zilveren_schaatsen,1,lezers,2.952660054234002e-07,15.035389173606141
2828,de_zilveren_schaatsen,1,",",0.039004359394311905,3.244081859758005
2829,de_zilveren_schaatsen,1,eenige,0.00013686064630746841,8.896547330052503
2830,de_zilveren_schaatsen,1,jaren,6.480744559667073e-06,11.946675153017535
2831,de_zilveren_schaatsen,1,geleden,1.068815080884633e-07,16.0515450171485
2832,de_zilveren_schaatsen,1,op,0.0014079968677833676,6.565587245834437
2833,de_zilveren_schaatsen,1,"
",0.0008977427496574819,7.015627001017141
2834,de_zilveren_schaatsen,1,een,1.6538238924113102e-05,11.009835347791205
2835,de_zilveren_schaatsen,1,helderen,6.81940605318232e-07,14.198323271871613
2836,de_zilveren_schaatsen,1,December-ochtend,4.548027376927166e-08,16.905987148529167
2837,de_zilveren_schaatsen,1,de,0.0008043345296755433,7.1254952936372895
2838,de_zilveren_schaatsen,1,vaart,0.0001491854345658794,8.81032049851319
2839,de_zilveren_schaatsen,1,van,0.0002935826778411865,8.133351262142954
2840,de_zilveren_schaatsen,1,’t,1.9905446606571786e-05,10.824517164859815
2841,de_zilveren_schaatsen,1,Schouw,5.380109723773785e-05,9.830216696251014
2842,de_zilveren_schaatsen,1,naar,0.002573203993961215,5.962603466290744
2843,de_zilveren_schaatsen,1,het,5.621242962661199e-05,9.786372657785297
2844,de_zilveren_schaatsen,1,"
",0.0783064216375351,2.547125666097515
2845,de_zilveren_schaatsen,1,Noordhollandsche,0.0006572029669769108,7.327517657239059
2846,de_zilveren_schaatsen,1,dorp,1.7881802705232985e-05,10.931726970860822
2847,de_zilveren_schaatsen,1,Broek,5.076691377325915e-05,9.888265719246217
2848,de_zilveren_schaatsen,1,waart,0.0005603303434327245,7.4869840491700845
2849,de_zilveren_schaatsen,1,opgewandeld,0.0006644455133937299,7.31655767957056
2850,de_zilveren_schaatsen,1,",",0.016895759850740433,4.080692584938769
2851,de_zilveren_schaatsen,1,dan,0.002016998128965497,6.206144947642869
2852,de_zilveren_schaatsen,1,zoudt,0.003348269499838352,5.699311633824402
2853,de_zilveren_schaatsen,1,gij,0.0001090711957658641,9.123509716795335
2854,de_zilveren_schaatsen,1,aan,0.00011426232231315225,9.077013680061338
2855,de_zilveren_schaatsen,1,den,0.002208986086770892,6.115221652992742
2856,de_zilveren_schaatsen,1,"
",0.2520699203014374,1.3780487684424005
2857,de_zilveren_schaatsen,1,kant,0.004127155523747206,5.49016684446639
2858,de_zilveren_schaatsen,1,van,0.00017520847904961556,8.649533984231136
2859,de_zilveren_schaatsen,1,het,0.00012446493201423436,8.991486552304515
2860,de_zilveren_schaatsen,1,bevroren,0.0009387385798618197,6.970973520220306
2861,de_zilveren_schaatsen,1,water,1.1826057743746787e-05,11.34520517779836
2862,de_zilveren_schaatsen,1,twee,0.005176865961402655,5.263555432569536
2863,de_zilveren_schaatsen,1,dun,9.612896292310324e-07,13.854990090208053
2864,de_zilveren_schaatsen,1,gekleede,0.0009354024659842253,6.974533676387503
2865,de_zilveren_schaatsen,1,kinderen,0.00012800061085727066,8.963475521733617
2866,de_zilveren_schaatsen,1,op,0.005156021565198898,5.267590011369548
2867,de_zilveren_schaatsen,1,hun,1.24206587770459e-06,13.59873453422954
2868,de_zilveren_schaatsen,1,knieën,0.00010487347753951326,9.16275591018799
2869,de_zilveren_schaatsen,1,"
",0.5302091836929321,0.6344836640910051
2870,de_zilveren_schaatsen,1,hebben,0.002143287565559149,6.145414383178095
2871,de_zilveren_schaatsen,1,zien,0.0014437776990234852,6.540492198407397
2872,de_zilveren_schaatsen,1,liggen,0.00032842246582731605,8.02120977277666
2873,de_zilveren_schaatsen,1,.,0.0364137664437294,3.3128083768351035
2874,de_zilveren_schaatsen,1,"

",0.0006052550161257386,7.409860674488192
2875,de_zilveren_schaatsen,2,Was,7.991303618837264e-08,16.34232684118269
2876,de_zilveren_schaatsen,2,heel,6.622742603212828e-07,14.22758607628849
2877,de_zilveren_schaatsen,2,vroeg,0.0001700790598988533,8.679247170791525
2878,de_zilveren_schaatsen,2,in,0.0003827681939583272,7.868080989720622
2879,de_zilveren_schaatsen,2,den,3.339198156027123e-05,10.307194759849537
2880,de_zilveren_schaatsen,2,morgen,0.0012123860651627183,6.715164906443908
2881,de_zilveren_schaatsen,2,:,0.0005972831277176738,7.423119306209659
2882,de_zilveren_schaatsen,3,zon,9.841998689807951e-06,11.528851748643037
2883,de_zilveren_schaatsen,3,was,6.940559160284465e-06,11.878128216045024
2884,de_zilveren_schaatsen,3,zooeven,6.762716657249257e-05,9.60150078327028
2885,de_zilveren_schaatsen,3,eerst,0.0027268806006759405,5.904596960207807
2886,de_zilveren_schaatsen,3,opgegaan,0.002751845633611083,5.895483452922113
2887,de_zilveren_schaatsen,3,en,0.020044449716806412,3.9098029856562886
2888,de_zilveren_schaatsen,3,de,0.002162971068173647,6.136272507887243
2889,de_zilveren_schaatsen,3,"
",0.0023083840496838093,6.071207544836048
2890,de_zilveren_schaatsen,3,horizon,1.9402473299123812e-06,13.152695103369593
2891,de_zilveren_schaatsen,3,zag,4.130742752295191e-07,14.699638416984474
2892,de_zilveren_schaatsen,3,rood,0.004425892606377602,5.420283301909387
2893,de_zilveren_schaatsen,3,door,0.0004971921443939209,7.606533998142959
2894,de_zilveren_schaatsen,3,den,0.006137137766927481,5.093396807248443
2895,de_zilveren_schaatsen,3,nevel,0.004647111985832453,5.3715093306475055
2896,de_zilveren_schaatsen,3,",",0.002653989940881729,5.9316911332519755
2897,de_zilveren_schaatsen,3,die,0.003420806722715497,5.6778788718889
2898,de_zilveren_schaatsen,3,nog,0.0004985509440302849,7.603804779139395
2899,de_zilveren_schaatsen,3,moest,0.0021687932312488556,6.133584380750727
2900,de_zilveren_schaatsen,3,optrekken,0.042412105947732925,3.1603214398614177
2901,de_zilveren_schaatsen,3,voor,0.004297264851629734,5.449776539684318
2902,de_zilveren_schaatsen,3,den,0.007621099706739187,4.876834601226781
2903,de_zilveren_schaatsen,3,gloed,0.00045705423690378666,7.6907084937973895
2904,de_zilveren_schaatsen,3,"
",0.00951290875673294,4.6551055862331285
2905,de_zilveren_schaatsen,3,van,0.005229794420301914,5.2533833094595375
2906,de_zilveren_schaatsen,3,haar,0.000781093374826014,7.154815857235211
2907,de_zilveren_schaatsen,3,stralen,0.0017513908678665757,6.347345025080348
2908,de_zilveren_schaatsen,3,.,0.14409945905208588,1.937251529959516
2909,de_zilveren_schaatsen,4,meeste,0.00014793913578614593,8.81870961347265
2910,de_zilveren_schaatsen,4,bewoners,4.6491088141920045e-05,9.976249916600654
2911,de_zilveren_schaatsen,4,van,3.7806934415129945e-05,10.183018022027937
2912,de_zilveren_schaatsen,4,Broek,5.703977876692079e-06,12.074346753420096
2913,de_zilveren_schaatsen,4,en,0.016948623582720757,4.077568653012194
2914,de_zilveren_schaatsen,4,zijn,0.0008296284941025078,7.094532554842136
2915,de_zilveren_schaatsen,4,omtrek,0.0001558184012537822,8.766819323326095
2916,de_zilveren_schaatsen,4,waren,0.00022178237850312144,8.4138139338907
2917,de_zilveren_schaatsen,4,nog,0.003979718778282404,5.52654412090525
2918,de_zilveren_schaatsen,4,"
",0.0015881244326010346,6.445201561165921
2919,de_zilveren_schaatsen,4,warm,0.0011868916917592287,6.7364174128764125
2920,de_zilveren_schaatsen,4,in,0.0015906026819720864,6.443642289304043
2921,de_zilveren_schaatsen,4,het,0.0003316064830869436,8.011561583968607
2922,de_zilveren_schaatsen,4,dons,0.0023780411574989557,6.041478173252323
2923,de_zilveren_schaatsen,4,hunner,5.934519867878407e-05,9.732139338600865
2924,de_zilveren_schaatsen,4,bedden,0.0001140885942731984,9.078535268641488
2925,de_zilveren_schaatsen,4,gedoken,1.2879713722213637e-05,11.259857064071287
2926,de_zilveren_schaatsen,4,en,0.021084336563944817,3.859224857114079
2927,de_zilveren_schaatsen,4,schrikten,4.869534677709453e-05,9.929927081165758
2928,de_zilveren_schaatsen,4,er,0.0011807153932750225,6.741634758721932
2929,de_zilveren_schaatsen,4,voor,0.005084024276584387,5.281652150571054
2930,de_zilveren_schaatsen,4,om,0.0016359060537070036,6.415558466834897
2931,de_zilveren_schaatsen,4,uit,7.973537867655978e-05,9.436797172586932
2932,de_zilveren_schaatsen,4,de,0.006140717770904303,5.092813642856705
2933,de_zilveren_schaatsen,4,"
",0.11835183948278427,2.1340934004071115
2934,de_zilveren_schaatsen,4,veeren,0.002577860839664936,5.960795355881407
2935,de_zilveren_schaatsen,4,te,0.0006656342302449048,7.314770242128032
2936,de_zilveren_schaatsen,4,komen,0.006579771172255278,5.023755310502616
2937,de_zilveren_schaatsen,4,:,0.001103995367884636,6.808819526892706
2938,de_zilveren_schaatsen,5,het,5.437137133412762e-06,12.1222578978613
2939,de_zilveren_schaatsen,5,was,0.00018937488493975252,8.571781989279689
2940,de_zilveren_schaatsen,5,aardig,0.0046281651593744755,5.375594783300766
2941,de_zilveren_schaatsen,5,koud,0.0021459890995174646,6.144154714228533
2942,de_zilveren_schaatsen,5,en,0.00441689882427454,5.4223174526127655
2943,de_zilveren_schaatsen,5,had,2.8717016903101467e-05,10.458020687455345
2944,de_zilveren_schaatsen,5,dien,0.0009128536912612617,6.998934940746105
2945,de_zilveren_schaatsen,5,nacht,0.006041107699275017,5.109167889930318
2946,de_zilveren_schaatsen,5,geducht,2.6738336600828916e-05,10.529412194626687
2947,de_zilveren_schaatsen,5,"
",0.01037533674389124,4.568323756149571
2948,de_zilveren_schaatsen,5,gevroren,0.00019833713304251432,8.525542283072719
2949,de_zilveren_schaatsen,5,.,0.03122388757765293,3.4665718496210363
2950,de_zilveren_schaatsen,6,een,1.1467573131085373e-06,13.678572326241992
2951,de_zilveren_schaatsen,6,enkele,1.300467465625843e-05,11.25020167619639
2952,de_zilveren_schaatsen,6,boer,0.0002839809749275446,8.166603311738722
2953,de_zilveren_schaatsen,6,of,6.131884583737701e-05,9.69942332609838
2954,de_zilveren_schaatsen,6,boerin,0.0005952889914624393,7.426463570395807
2955,de_zilveren_schaatsen,6,",",0.07470200955867767,2.5942482854826174
2956,de_zilveren_schaatsen,6,die,0.0001265145547222346,8.975153199322495
2957,de_zilveren_schaatsen,6,naar,7.027428364381194e-05,9.563104634837124
2958,de_zilveren_schaatsen,6,de,0.03179795667529106,3.44835324675447
2959,de_zilveren_schaatsen,6,stad,7.506655947508989e-06,11.799720471313647
2960,de_zilveren_schaatsen,6,ging,8.584646820963826e-06,11.665535203545074
2961,de_zilveren_schaatsen,6,",",0.018427781760692596,3.9938958747888496
2962,de_zilveren_schaatsen,6,of,0.0008890523458831012,7.025354442425563
2963,de_zilveren_schaatsen,6,"
",0.0021758275106549263,6.130346222130887
2964,de_zilveren_schaatsen,6,een,5.7734996516956016e-05,9.759647042888576
2965,de_zilveren_schaatsen,6,werkman,0.0012948992662131786,6.649322373564149
2966,de_zilveren_schaatsen,6,",",0.06914281100034714,2.6715811886713925
2967,de_zilveren_schaatsen,6,die,0.0024969689548015594,5.992677700760766
2968,de_zilveren_schaatsen,6,wat,1.139851792686386e-05,11.382027217430842
2969,de_zilveren_schaatsen,6,ver,0.0022987457923591137,6.075391612451284
2970,de_zilveren_schaatsen,6,van,0.00014762934006284922,8.820805884638597
2971,de_zilveren_schaatsen,6,huis,0.0012736619682982564,6.665859088044742
2972,de_zilveren_schaatsen,6,op,0.0005350435967557132,7.533162325125322
2973,de_zilveren_schaatsen,6,karwei,9.024611063068733e-05,9.31297005718477
2974,de_zilveren_schaatsen,6,moest,3.1191729021884385e-07,14.980527779733363
2975,de_zilveren_schaatsen,6,zijn,0.0003632856532931328,7.9203211094889765
2976,de_zilveren_schaatsen,6,",",0.30646616220474243,1.1826479303375255
2977,de_zilveren_schaatsen,6,reed,0.001711976365186274,6.370106806739731
2978,de_zilveren_schaatsen,6,op,0.0015878366539254785,6.445382784215261
2979,de_zilveren_schaatsen,6,de,0.0010750574292615056,6.835381196260603
2980,de_zilveren_schaatsen,6,"
",0.011706334538757801,4.447625170120831
2981,de_zilveren_schaatsen,6,gladde,0.0002065155713353306,8.485134742423844
2982,de_zilveren_schaatsen,6,spiegelvlakte,2.2330066713038832e-05,10.709576504519768
2983,de_zilveren_schaatsen,6,en,0.007616737391799688,4.877407164777693
2984,de_zilveren_schaatsen,6,wierp,0.006351334974169731,5.0590902560205055
2985,de_zilveren_schaatsen,6,een,1.6094769534902298e-06,13.339601305359318
2986,de_zilveren_schaatsen,6,vriendelijken,0.0032570045441389084,5.726947357497455
2987,de_zilveren_schaatsen,6,blik,0.00018817301315721124,8.57814873558375
2988,de_zilveren_schaatsen,6,op,0.005553398281335831,5.193345235661363
2989,de_zilveren_schaatsen,6,het,7.163787086028606e-05,9.54388670119825
2990,de_zilveren_schaatsen,6,tweetal,0.00028431095415726304,8.165442009774308
2991,de_zilveren_schaatsen,6,",",0.058918315917253494,2.831603270327535
2992,de_zilveren_schaatsen,6,dat,0.0015847472241148353,6.4473303644249205
2993,de_zilveren_schaatsen,6,"
",0.7157431244850159,0.3344339410786699
2994,de_zilveren_schaatsen,6,daar,0.00393265625461936,5.538440189652282
2995,de_zilveren_schaatsen,6,aan,4.122632890357636e-05,10.09643345465729
2996,de_zilveren_schaatsen,6,den,0.0018568424275144935,6.288877853461947
2997,de_zilveren_schaatsen,6,kant,0.013225330971181393,4.325621275374637
2998,de_zilveren_schaatsen,6,geknield,0.0014895008644089103,6.509314205476154
2999,de_zilveren_schaatsen,6,lag,0.00010341745655750856,9.176736784631547
3000,de_zilveren_schaatsen,6,en,0.002798166126012802,5.878791031373127
3001,de_zilveren_schaatsen,6,zich,0.0026391688734292984,5.937291232061063
3002,de_zilveren_schaatsen,6,bezighield,0.0025309850461781025,5.9791467057028616
3003,de_zilveren_schaatsen,6,met,0.0017198084387928247,6.365542367154055
3004,de_zilveren_schaatsen,6,iets,0.0007253654766827822,7.228834924358872
3005,de_zilveren_schaatsen,6,aan,0.0002768305130302906,8.192105105360163
3006,de_zilveren_schaatsen,6,te,4.888224430033006e-05,9.926096329663768
3007,de_zilveren_schaatsen,6,"
",0.08267837017774582,2.492797256775225
3008,de_zilveren_schaatsen,6,binden,2.43331742240116e-05,10.62366994424462
3009,de_zilveren_schaatsen,6,",",0.1800476312637329,1.7145338449652798
3010,de_zilveren_schaatsen,6,hetwelk,0.0004071689327247441,7.806282390518858
3011,de_zilveren_schaatsen,6,schaatsen,1.9091191916231764e-06,13.168868578489198
3012,de_zilveren_schaatsen,6,moesten,0.00045694876462221146,7.690939285779182
3013,de_zilveren_schaatsen,6,verbeelden,4.356404133432079e-06,12.343863580927021
3014,de_zilveren_schaatsen,6,en,0.016651662066578865,4.0952452437192
3015,de_zilveren_schaatsen,6,dat,0.00025840301532298326,8.26099011691732
3016,de_zilveren_schaatsen,6,bestond,0.0007520004292018712,7.192773663267428
3017,de_zilveren_schaatsen,6,uit,0.0022453165147453547,6.098908781202042
3018,de_zilveren_schaatsen,6,stukken,0.0027308384887874126,5.903146578192751
3019,de_zilveren_schaatsen,6,"
",0.5422331690788269,0.6120591688000705
3020,de_zilveren_schaatsen,6,hard,8.813964086584747e-05,9.336588173146351
3021,de_zilveren_schaatsen,6,hout,1.1398637980164494e-05,11.382016685125748
3022,de_zilveren_schaatsen,6,",",0.08170709013938904,2.504614498269712
3023,de_zilveren_schaatsen,6,die,0.007771516218781471,4.857289996087124
3024,de_zilveren_schaatsen,6,naar,0.0002004216512432322,8.51508715445359
3025,de_zilveren_schaatsen,6,onderen,0.0023738164454698563,6.043256304457089
3026,de_zilveren_schaatsen,6,spits,0.0010605743154883385,6.848944710518143
3027,de_zilveren_schaatsen,6,toeliepen,0.0011435009073466063,6.773660751019806
3028,de_zilveren_schaatsen,6,en,0.014533893205225468,4.231271894741931
3029,de_zilveren_schaatsen,6,waarin,0.0009065113263204694,7.005907033285407
3030,de_zilveren_schaatsen,6,gaten,0.0003534482966642827,7.947773344529152
3031,de_zilveren_schaatsen,6,waren,0.014809121377766132,4.212511978744131
3032,de_zilveren_schaatsen,6,"
",0.14326874911785126,1.9430330480575881
3033,de_zilveren_schaatsen,6,geboord,0.01646736077964306,4.106374991734864
3034,de_zilveren_schaatsen,6,",",0.10165945440530777,2.2861267338348767
3035,de_zilveren_schaatsen,6,om,0.0009283879189752042,6.982060896385406
3036,de_zilveren_schaatsen,6,ze,0.0003007685299962759,8.109169592384768
3037,de_zilveren_schaatsen,6,met,8.324174132212647e-07,13.99893182335061
3038,de_zilveren_schaatsen,6,touwen,3.6346944398246706e-05,10.222400418088963
3039,de_zilveren_schaatsen,6,aan,0.00013562569802161306,8.905611686979656
3040,de_zilveren_schaatsen,6,de,0.0006473943940363824,7.342554875705818
3041,de_zilveren_schaatsen,6,voeten,0.006001132540404797,5.11580707083226
3042,de_zilveren_schaatsen,6,te,0.0010110805742442608,6.896735644548506
3043,de_zilveren_schaatsen,6,bevestigen,0.00021546646894421428,8.44270525707344
3044,de_zilveren_schaatsen,6,.,0.01248316653072834,4.383374219800723
3045,de_zilveren_schaatsen,6,"

",0.001230100286193192,6.700659579431085
3046,de_zilveren_schaatsen,7,schaatsen,9.777543891686946e-05,9.232837148282714
3047,de_zilveren_schaatsen,7,waren,0.0001309430372202769,8.940748159708832
3048,de_zilveren_schaatsen,7,het,8.142526894516777e-06,11.718409996821217
3049,de_zilveren_schaatsen,7,fabrikaat,0.00013022265920881182,8.9462648094701
3050,de_zilveren_schaatsen,7,van,6.626781396334991e-05,9.621806239229555
3051,de_zilveren_schaatsen,7,Hans,1.0595912272037822e-06,13.7576273589299
3052,de_zilveren_schaatsen,7,",",0.009435598738491535,4.6632656428754995
3053,de_zilveren_schaatsen,7,den,5.731456622015685e-05,9.76695575677355
3054,de_zilveren_schaatsen,7,oudste,2.011238939303439e-05,10.814174545074971
3055,de_zilveren_schaatsen,7,der,3.53709256160073e-05,10.249620385566901
3056,de_zilveren_schaatsen,7,twee,0.0005192322423681617,7.563159294409764
3057,de_zilveren_schaatsen,7,:,7.502575317630544e-05,9.49767912768383
3058,de_zilveren_schaatsen,7,want,8.765669008425903e-06,11.644667715244765
3059,de_zilveren_schaatsen,7,"
",0.0019378296565264463,6.246186665905871
3060,de_zilveren_schaatsen,7,zijn,0.000312995194690302,8.06932271996912
3061,de_zilveren_schaatsen,7,moeder,6.667801062576473e-05,9.615635335173343
3062,de_zilveren_schaatsen,7,was,1.2421841347531881e-05,11.296054235802792
3063,de_zilveren_schaatsen,7,een,1.7710381143842824e-05,10.94135958500965
3064,de_zilveren_schaatsen,7,arme,2.6224802240903955e-07,15.15397513056006
3065,de_zilveren_schaatsen,7,boerenvrouw,3.635293296611053e-06,12.524820763408199
3066,de_zilveren_schaatsen,7,",",0.06357188522815704,2.755583962532742
3067,de_zilveren_schaatsen,7,die,0.009098164737224579,4.699682563026988
3068,de_zilveren_schaatsen,7,geen,0.0024451445788145065,6.0136510253640845
3069,de_zilveren_schaatsen,7,schaatsen,3.21855150104966e-05,10.34399405101877
3070,de_zilveren_schaatsen,7,bekostigen,2.151909029635135e-05,10.746570096038576
3071,de_zilveren_schaatsen,7,kon,1.9524206436472014e-05,10.843855506523031
3072,de_zilveren_schaatsen,7,;,5.530763519345783e-05,9.802599590368786
3073,de_zilveren_schaatsen,7,"
",0.3612554669380188,1.0181699062775642
3074,de_zilveren_schaatsen,7,en,0.006842515431344509,4.98459986183174
3075,de_zilveren_schaatsen,7,daarom,0.0012969610979780555,6.647731367946494
3076,de_zilveren_schaatsen,7,had,2.5481458578724414e-05,10.577559484835723
3077,de_zilveren_schaatsen,7,onze,0.009020574390888214,4.708247267235712
3078,de_zilveren_schaatsen,7,knaap,3.354861109983176e-05,10.302515093322077
3079,de_zilveren_schaatsen,7,",",0.03400000184774399,3.3813947000205657
3080,de_zilveren_schaatsen,7,die,0.019752688705921173,3.924465659892141
3081,de_zilveren_schaatsen,7,zeer,0.0012839238625019789,6.65783437258935
3082,de_zilveren_schaatsen,7,behendig,5.6878594477893785e-05,9.774591483078853
3083,de_zilveren_schaatsen,7,in,0.0007971574668772519,7.134458324188387
3084,de_zilveren_schaatsen,7,het,4.2547861085040495e-05,10.06488097248005
3085,de_zilveren_schaatsen,7,snijden,3.328112870804034e-05,10.310520027080365
3086,de_zilveren_schaatsen,7,van,0.0003751252079382539,7.888250699886659
3087,de_zilveren_schaatsen,7,hout,5.359989881981164e-05,9.83396337757938
3088,de_zilveren_schaatsen,7,was,2.0426563423825428e-05,10.798674375529462
3089,de_zilveren_schaatsen,7,",",0.10775800049304962,2.2278673022391713
3090,de_zilveren_schaatsen,7,"
",0.0005056990776211023,7.589568773844599
3091,de_zilveren_schaatsen,7,er,0.0063130841590464115,5.065130948615269
3092,de_zilveren_schaatsen,7,een,1.673590850259643e-05,10.99795393719778
3093,de_zilveren_schaatsen,7,paar,0.0008338674088008702,7.089436150497699
3094,de_zilveren_schaatsen,7,voor,0.013413939625024796,4.31146084220746
3095,de_zilveren_schaatsen,7,zich,0.01851499453186989,3.989174359951744
3096,de_zilveren_schaatsen,7,en,0.04032459110021591,3.210793795128515
3097,de_zilveren_schaatsen,7,zijn,0.0026561724953353405,5.930869103943936
3098,de_zilveren_schaatsen,7,zuster,0.008978824131190777,4.712886348316346
3099,de_zilveren_schaatsen,7,Griete,6.954900891287252e-05,9.573478889690998
3100,de_zilveren_schaatsen,7,vervaardigd,0.0026456082705408335,5.934854270152185
3101,de_zilveren_schaatsen,7,",",0.018060777336359024,4.014012690039229
3102,de_zilveren_schaatsen,7,op,0.00586736248806119,5.138350066719745
3103,de_zilveren_schaatsen,7,welke,0.0028254003264009953,5.869105215962899
3104,de_zilveren_schaatsen,7,zij,0.0014871875755488873,6.510868475849006
3105,de_zilveren_schaatsen,7,"
",0.04448751360177994,3.1125467224020134
3106,de_zilveren_schaatsen,7,reeds,0.003270909655839205,5.722687150544648
3107,de_zilveren_schaatsen,7,menig,0.0033105569891631603,5.7106388290781105
3108,de_zilveren_schaatsen,7,gelukkig,0.00042086298344656825,7.773203232250139
3109,de_zilveren_schaatsen,7,uurtje,3.9040885894792154e-05,10.150901104699583
3110,de_zilveren_schaatsen,7,op,0.006746172439306974,4.998779980957696
3111,de_zilveren_schaatsen,7,het,0.000166187877766788,8.702391615827626
3112,de_zilveren_schaatsen,7,ijs,5.328396218828857e-05,9.839875169101303
3113,de_zilveren_schaatsen,7,hadden,5.285167208057828e-05,9.848021207916183
3114,de_zilveren_schaatsen,7,gesleten,0.00011686664947774261,9.054477021226756
3115,de_zilveren_schaatsen,7,.,0.09026804566383362,2.4049717498030394
3116,de_zilveren_schaatsen,8,hun,5.0353005320857847e-08,16.804207530966156
3117,de_zilveren_schaatsen,8,van,1.3173786101106089e-05,11.237281604320117
3118,de_zilveren_schaatsen,8,de,0.00015971959510352463,8.742090810811757
3119,de_zilveren_schaatsen,8,"
",0.03459082916378975,3.364166685120892
3120,de_zilveren_schaatsen,8,kou,0.0005134872044436634,7.574285447224213
3121,de_zilveren_schaatsen,8,roode,7.301391451619565e-05,9.524860525168725
3122,de_zilveren_schaatsen,8,vingers,1.1932677807635628e-05,11.336229887055602
3123,de_zilveren_schaatsen,8,trokken,0.0001486817782279104,8.813702252505113
3124,de_zilveren_schaatsen,8,zij,0.0006930789677426219,7.27436661469969
3125,de_zilveren_schaatsen,8,aan,1.1401100891816895e-05,11.381800637768732
3126,de_zilveren_schaatsen,8,de,0.0026332074776291847,5.93955260262478
3127,de_zilveren_schaatsen,8,touwen,8.073798767327389e-07,14.029471552379487
3128,de_zilveren_schaatsen,8,",",0.01074379961937666,4.533426470402671
3129,de_zilveren_schaatsen,8,terwijl,0.00013965865946374834,8.876309259162204
3130,de_zilveren_schaatsen,8,hun,1.569959863445547e-06,13.364460503615204
3131,de_zilveren_schaatsen,8,gezichten,0.0005383100942708552,7.527075780444526
3132,de_zilveren_schaatsen,8,zoo,0.0007954422035254538,7.136612367099353
3133,de_zilveren_schaatsen,8,"
",0.13848747313022614,1.976975404158463
3134,de_zilveren_schaatsen,8,ernstig,6.62441598251462e-05,9.622163250566397
3135,de_zilveren_schaatsen,8,stonden,0.007041026838123798,4.956001261760345
3136,de_zilveren_schaatsen,8,",",0.16777420043945312,1.7851362486207552
3137,de_zilveren_schaatsen,8,als,0.00018785666907206178,8.579831284460765
3138,de_zilveren_schaatsen,8,moesten,0.0011915458599105477,6.732503772942041
3139,de_zilveren_schaatsen,8,zij,0.0030666962265968323,5.787154444534045
3140,de_zilveren_schaatsen,8,zich,0.005211514420807362,5.256884789676117
3141,de_zilveren_schaatsen,8,het,0.00018168168026022613,8.613254411749665
3142,de_zilveren_schaatsen,8,beste,1.1983336207777029e-06,13.634578615589275
3143,de_zilveren_schaatsen,8,paar,1.1130035090900492e-05,11.405863239860542
3144,de_zilveren_schaatsen,8,Friesche,3.079822636209428e-05,10.388053455289151
3145,de_zilveren_schaatsen,8,schaatsen,3.13593445753213e-05,10.369998262722117
3146,de_zilveren_schaatsen,8,"
",0.3214181363582611,1.1350123980291609
3147,de_zilveren_schaatsen,8,aanbinden,0.00015293549222406,8.785494344928898
3148,de_zilveren_schaatsen,8,.,0.08223876357078552,2.498128511790227
3149,de_zilveren_schaatsen,8,"

",0.0004114933544769883,7.795717687486696
3150,de_zilveren_schaatsen,9,Kom,3.7822046579094604e-06,12.485203475519583
3151,de_zilveren_schaatsen,9,",",0.002748168772086501,5.896820490173696
3152,de_zilveren_schaatsen,9,Griete,8.422695827903226e-05,9.38199551837463
3153,de_zilveren_schaatsen,9,",",0.18672730028629303,1.678106013702325
3154,de_zilveren_schaatsen,9,”,0.0012695271288976073,6.6691107872978845
3155,de_zilveren_schaatsen,9,zei,9.639227300795028e-07,13.852254701067679
3156,de_zilveren_schaatsen,9,Hans,7.619323838525816e-08,16.3899931132926
3157,de_zilveren_schaatsen,9,",",0.2842298746109009,1.257971950578717
3158,de_zilveren_schaatsen,9,toen,0.0003241522645112127,8.034297200369792
3159,de_zilveren_schaatsen,9,hij,4.459194315131754e-06,12.32054245508235
3160,de_zilveren_schaatsen,9,opstond,0.0015313578769564629,6.481600435895458
3161,de_zilveren_schaatsen,9,en,0.02859121561050415,3.5546557548213418
3162,de_zilveren_schaatsen,9,een,4.082156010554172e-06,12.408885275160905
3163,de_zilveren_schaatsen,9,prachtige,0.00023387152759823948,8.360738620735232
3164,de_zilveren_schaatsen,9,streek,1.0102087799168658e-05,11.502768442690229
3165,de_zilveren_schaatsen,9,op,0.002796496730297804,5.879387812915614
3166,de_zilveren_schaatsen,9,de,0.0013324253959581256,6.620754391515583
3167,de_zilveren_schaatsen,9,"
",0.0005653159460052848,7.478125786640386
3168,de_zilveren_schaatsen,9,vaart,6.013935126247816e-05,9.718846167584152
3169,de_zilveren_schaatsen,9,maakte,0.002083477331325412,6.173716987254349
3170,de_zilveren_schaatsen,9,",",0.0314151905477047,3.4604637276449153
3171,de_zilveren_schaatsen,9,niet,0.006485287565737963,5.038219118983606
3172,de_zilveren_schaatsen,9,zonder,0.006444914732128382,5.044463872759438
3173,de_zilveren_schaatsen,9,beide,0.007853465154767036,4.8468004235959725
3174,de_zilveren_schaatsen,9,armen,0.0004561292298603803,7.692734389783124
3175,de_zilveren_schaatsen,9,geducht,3.5442235457594506e-06,12.550191449964831
3176,de_zilveren_schaatsen,9,te,0.011599586345255375,4.4567858413974255
3177,de_zilveren_schaatsen,9,bewegen,0.0007136047934181988,7.245181259487012
3178,de_zilveren_schaatsen,9,.,0.10028241574764252,2.2997649159578475
3179,de_zilveren_schaatsen,9,"

",0.0007025326485745609,7.260818682997063
3180,de_zilveren_schaatsen,10,Ach,4.5366377889877185e-06,12.303324395385069
3181,de_zilveren_schaatsen,10,",",0.04395819455385208,3.124516220493667
3182,de_zilveren_schaatsen,10,Hans,3.6614292042713714e-08,17.122827179791308
3183,de_zilveren_schaatsen,10,!,0.03481167182326317,3.3578025512145766
3184,de_zilveren_schaatsen,11,riep,9.251200339122079e-08,16.195927434455385
3185,de_zilveren_schaatsen,11,Griete,8.839602378429845e-05,9.333683569147928
3186,de_zilveren_schaatsen,11,op,0.00011816085316240788,9.043463699367692
3187,de_zilveren_schaatsen,11,verdrietigen,2.1295279566402314e-06,13.059610219404359
3188,de_zilveren_schaatsen,11,toon,0.0001864762307377532,8.587206776130063
3189,de_zilveren_schaatsen,11,.,0.050982821732759476,2.9762665317667847
3190,de_zilveren_schaatsen,12,De,0.0002504521398805082,8.292242714054574
3191,de_zilveren_schaatsen,12,touwen,1.0682273199336123e-07,16.052095086689107
3192,de_zilveren_schaatsen,12,hebben,0.0027375707868486643,5.900684325964278
3193,de_zilveren_schaatsen,12,mij,0.0007915156311355531,7.1415609300883025
3194,de_zilveren_schaatsen,12,"
",0.00035853104782290757,7.9334952968687
3195,de_zilveren_schaatsen,12,gisteren,0.0004887266550213099,7.623707212467748
3196,de_zilveren_schaatsen,12,zoo,5.9360645536798984e-05,9.731879084218207
3197,de_zilveren_schaatsen,12,geducht,2.504170595329924e-07,15.200138070915783
3198,de_zilveren_schaatsen,12,gekneld,0.0004975248593837023,7.60586503400356
3199,de_zilveren_schaatsen,12,",",0.008762351237237453,4.737291003970969
3200,de_zilveren_schaatsen,12,en,0.0026151195634156466,5.946445460363002
3201,de_zilveren_schaatsen,12,nu,8.241211617132649e-05,9.403778090944147
3202,de_zilveren_schaatsen,12,kan,3.108060127487988e-06,12.6815117796074
3203,de_zilveren_schaatsen,12,ik,0.0007994689512997866,7.131562861591603
3204,de_zilveren_schaatsen,12,ze,0.00017784227384254336,8.634613502500827
3205,de_zilveren_schaatsen,12,niet,1.0335368642699905e-05,11.479938696119808
3206,de_zilveren_schaatsen,12,op,0.0032636679243296385,5.724903585925622
3207,de_zilveren_schaatsen,12,dezelfde,1.4799044038227294e-05,11.120947971292027
3208,de_zilveren_schaatsen,12,plaats,0.00015768884622957557,8.754886794273554
3209,de_zilveren_schaatsen,12,"
",0.06782619655132294,2.6908067788482226
3210,de_zilveren_schaatsen,12,velen,0.00016898407193366438,8.685706096396137
3211,de_zilveren_schaatsen,12,.,0.023405879735946655,3.7547680174147424
3212,de_zilveren_schaatsen,13,"

",0.007147142197936773,4.941042694770853
3213,de_zilveren_schaatsen,13,„,4.050871211802587e-05,10.113993492960155
3214,de_zilveren_schaatsen,13,Bind,1.8332188119529746e-05,10.906852129558477
3215,de_zilveren_schaatsen,13,ze,0.00011737897148123011,9.05010278517244
3216,de_zilveren_schaatsen,13,dan,7.028448578694224e-08,16.470714748303234
3217,de_zilveren_schaatsen,13,wat,1.770170712234176e-07,15.547019661433422
3218,de_zilveren_schaatsen,13,hooger,0.00026128458557650447,8.249900378465536
3219,de_zilveren_schaatsen,13,",",0.1137923076748848,2.1733803546985953
3220,de_zilveren_schaatsen,13,”,0.17188750207424164,1.7609150738656367
3221,de_zilveren_schaatsen,13,gaf,3.2324305720976554e-07,14.944861297607806
3222,de_zilveren_schaatsen,13,Hans,1.5688382291045855e-06,13.365175193987527
3223,de_zilveren_schaatsen,13,ten,0.0006095138378441334,7.40284890570078
3224,de_zilveren_schaatsen,13,antwoord,6.548517558258027e-05,9.633686767922391
3225,de_zilveren_schaatsen,13,",",0.1979495882987976,1.6197428852563704
3226,de_zilveren_schaatsen,13,terwijl,4.829137833439745e-05,9.938257515632623
3227,de_zilveren_schaatsen,13,hij,2.4069033315754496e-05,10.634584468348676
3228,de_zilveren_schaatsen,13,op,0.0010766611667349935,6.8338905387244
3229,de_zilveren_schaatsen,13,zijn,0.002075969474390149,6.177327017837588
3230,de_zilveren_schaatsen,13,"
",0.0012082220055162907,6.718605416953976
3231,de_zilveren_schaatsen,13,manier,0.0008785249083302915,7.037266297488879
3232,de_zilveren_schaatsen,13,een,5.884706843062304e-05,9.74056853976175
3233,de_zilveren_schaatsen,13,sierlijken,1.0029016266344115e-06,13.81261313292275
3234,de_zilveren_schaatsen,13,zwaai,1.9504794579461304e-07,15.450020432735371
3235,de_zilveren_schaatsen,13,maakte,6.985651998547837e-05,9.569067133947762
3236,de_zilveren_schaatsen,13,.,0.06703676283359528,2.7025141110625444
3237,de_zilveren_schaatsen,13,"

",0.0009069204679690301,7.005455798607828
3238,de_zilveren_schaatsen,15,kan,2.768042031675577e-05,10.494785242476201
3239,de_zilveren_schaatsen,15,ik,3.796292730839923e-06,12.481485564583968
3240,de_zilveren_schaatsen,15,niet,0.0023790826089680195,6.041040324023744
3241,de_zilveren_schaatsen,15,doen,5.421719833975658e-05,9.822512387310017
3242,de_zilveren_schaatsen,15,:,0.00021975736308377236,8.422986515321995
3243,de_zilveren_schaatsen,15,want,1.4213537902207918e-08,18.069070953116046
3244,de_zilveren_schaatsen,15,het,1.682107540545985e-05,10.992877969347969
3245,de_zilveren_schaatsen,15,touw,4.987157808500342e-06,12.208644387926547
3246,de_zilveren_schaatsen,15,is,0.00014280874165706336,8.85400429384654
3247,de_zilveren_schaatsen,15,te,0.002422440331429243,6.022979845491661
3248,de_zilveren_schaatsen,15,kort,0.002331902040168643,6.061071018164948
3249,de_zilveren_schaatsen,15,.,0.05093502625823021,2.9772044534159403
3250,de_zilveren_schaatsen,16,"

",0.007147142197936773,4.941042694770853
3251,de_zilveren_schaatsen,16,Hans,5.1540187996579334e-05,9.873148705160768
3252,de_zilveren_schaatsen,16,had,2.897890590247698e-05,10.448942375322137
3253,de_zilveren_schaatsen,16,toch,0.0001621232950128615,8.72715343188035
3254,de_zilveren_schaatsen,16,deernis,0.000663857557810843,7.317442952870053
3255,de_zilveren_schaatsen,16,met,1.689976670604665e-05,10.988210740506466
3256,de_zilveren_schaatsen,16,zijn,0.0017983968136832118,6.320859670017355
3257,de_zilveren_schaatsen,16,zusje,0.0009453828097321093,6.96392062283359
3258,de_zilveren_schaatsen,16,en,0.0014059414388611913,6.567048137342173
3259,de_zilveren_schaatsen,16,reed,0.00026161494315601885,8.248636817856603
3260,de_zilveren_schaatsen,16,naar,0.00036720166099257767,7.909599375827903
3261,de_zilveren_schaatsen,16,haar,0.00039412968908436596,7.8388305427150415
3262,de_zilveren_schaatsen,16,toe,7.5104703682882246e-06,11.799212461887468
3263,de_zilveren_schaatsen,16,.,0.02452724426984787,3.7079707682435274
3264,de_zilveren_schaatsen,19,heb,1.987553105209372e-06,13.128606271172687
3265,de_zilveren_schaatsen,19,je,0.00016275193775072694,8.723283370644005
3266,de_zilveren_schaatsen,19,ook,1.627510982871172e-06,13.328458714578517
3267,de_zilveren_schaatsen,19,die,3.0567853173124604e-06,12.698146744112204
3268,de_zilveren_schaatsen,19,dunne,6.42235704617633e-07,14.258310459487308
3269,de_zilveren_schaatsen,19,schoenen,1.0254006156174e-05,11.487842084234893
3270,de_zilveren_schaatsen,19,aan,9.116728324443102e-05,9.30281446160019
3271,de_zilveren_schaatsen,19,je,0.0021906679030507803,6.1235488030882355
3272,de_zilveren_schaatsen,19,voeten,0.0006817386019974947,7.290864255120551
3273,de_zilveren_schaatsen,19,",",0.0475916862487793,3.0450971916384493
3274,de_zilveren_schaatsen,19,malle,0.0003372224164195359,7.994767855933643
3275,de_zilveren_schaatsen,19,meid,0.0016468520043417811,6.40888968954006
3276,de_zilveren_schaatsen,19,?,0.001772383227944374,6.335430181590295
3277,de_zilveren_schaatsen,20,zeide,2.222309944954759e-07,15.319548480290033
3278,de_zilveren_schaatsen,20,"
",0.008618283085525036,4.753869392158447
3279,de_zilveren_schaatsen,20,hij,7.424229806929361e-06,11.810761608362291
3280,de_zilveren_schaatsen,20,.,0.008139661513268948,4.811006682968784
3281,de_zilveren_schaatsen,22,trekt,1.8895405446528457e-05,10.87659176351908
3282,de_zilveren_schaatsen,22,zulk,0.000792778329923749,7.139966908919758
3283,de_zilveren_schaatsen,22,dun,5.183064786251634e-07,14.47269911206973
3284,de_zilveren_schaatsen,22,schoeisel,2.510327976779081e-05,10.592512052323386
3285,de_zilveren_schaatsen,22,aan,4.110625013709068e-05,10.099350376561718
3286,de_zilveren_schaatsen,22,",",0.07545427232980728,2.584228470721861
3287,de_zilveren_schaatsen,22,als,2.1356900106184185e-06,13.056720773513112
3288,de_zilveren_schaatsen,22,hij,1.6101220126074622e-06,13.339200597611145
3289,de_zilveren_schaatsen,22,er,1.1971425806223124e-07,15.938158116503416
3290,de_zilveren_schaatsen,22,dikker,4.614667341229506e-05,9.98368568168723
3291,de_zilveren_schaatsen,22,heeft,4.146871106058825e-06,12.393156458432442
3292,de_zilveren_schaatsen,22,?,0.0018567469669505954,6.288929264942205
3293,de_zilveren_schaatsen,23,dan,5.53824138478376e-05,9.80124845417536
3294,de_zilveren_schaatsen,23,"
",0.004496126435697079,5.404539044967413
3295,de_zilveren_schaatsen,23,liever,6.365143690345576e-06,11.964673751135786
3296,de_zilveren_schaatsen,23,je,0.00010804471094161272,9.132965426310236
3297,de_zilveren_schaatsen,23,klompen,3.2524444577575196e-06,12.636103703490337
3298,de_zilveren_schaatsen,23,aangehouden,4.1859161683532875e-06,12.383784960812457
3299,de_zilveren_schaatsen,23,.,0.07777684926986694,2.553911459305063
3300,de_zilveren_schaatsen,24,"

",0.007147142197936773,4.941042694770853
3301,de_zilveren_schaatsen,24,„,4.050871211802587e-05,10.113993492960155
3302,de_zilveren_schaatsen,24,Maar,0.00146093696821481,6.528677290049931
3303,de_zilveren_schaatsen,24,",",0.2297804057598114,1.4706311836962989
3304,de_zilveren_schaatsen,24,Hans,2.210527094703707e-09,19.93003484546358
3305,de_zilveren_schaatsen,24,!,0.2586319148540497,1.3523494062838146
3306,de_zilveren_schaatsen,25,je,0.00013170740567147732,8.934927719425596
3307,de_zilveren_schaatsen,25,dan,1.5826275330255157e-06,13.356424096585663
3308,de_zilveren_schaatsen,25,niet,4.485012323129922e-05,10.012184221831154
3309,de_zilveren_schaatsen,25,",",0.059897564351558685,2.815119436597991
3310,de_zilveren_schaatsen,25,dat,2.550632189013413e-06,12.879169312260183
3311,de_zilveren_schaatsen,25,vader,0.00030972459353506565,8.079827063304714
3312,de_zilveren_schaatsen,25,mijn,0.002641425235196948,5.9364366456798505
3313,de_zilveren_schaatsen,25,beste,9.544974091113545e-07,13.862080908177845
3314,de_zilveren_schaatsen,25,schoenen,1.7434788333048346e-06,13.259628111251498
3315,de_zilveren_schaatsen,25,in,0.0011462176917120814,6.771287720865354
3316,de_zilveren_schaatsen,25,’t,2.412718822597526e-05,10.632171211185184
3317,de_zilveren_schaatsen,25,vuur,1.4030257261765655e-05,11.174294327470216
3318,de_zilveren_schaatsen,25,"
",0.0019628466106951237,6.233359506987929
3319,de_zilveren_schaatsen,25,heeft,3.794963504333282e-06,12.481835763939396
3320,de_zilveren_schaatsen,25,gegooid,0.005174814257770777,5.263951832693053
3321,de_zilveren_schaatsen,25,?,0.005873553454875946,5.137295469715792
3322,de_zilveren_schaatsen,26,ik,0.0004729543870780617,7.656511607361095
3323,de_zilveren_schaatsen,26,nog,0.00017561926506459713,8.64719217284589
3324,de_zilveren_schaatsen,26,wist,0.0008087889873422682,7.119972506396374
3325,de_zilveren_schaatsen,26,",",0.08706147968769073,2.4411407468194333
3326,de_zilveren_schaatsen,26,wat,1.034828400747756e-07,16.083860034365706
3327,de_zilveren_schaatsen,26,hij,1.1837043984996853e-06,13.646861716102883
3328,de_zilveren_schaatsen,26,gedaan,0.01285207737237215,4.354249817487376
3329,de_zilveren_schaatsen,26,had,2.3703792976448312e-05,10.649875481428065
3330,de_zilveren_schaatsen,26,",",0.06717750430107117,2.7004168449213437
3331,de_zilveren_schaatsen,26,waren,0.07741730660200119,2.5585449238720406
3332,de_zilveren_schaatsen,26,ze,8.678986341692507e-05,9.352020724028392
3333,de_zilveren_schaatsen,26,al,0.005270792171359062,5.245574610579424
3334,de_zilveren_schaatsen,26,"
",0.0020231688395142555,6.203090264311617
3335,de_zilveren_schaatsen,26,heelemaal,6.300473614828661e-05,9.672300657441458
3336,de_zilveren_schaatsen,26,omgekruld,0.0008771727443672717,7.038806613076001
3337,de_zilveren_schaatsen,26,en,0.007268219254910946,4.924243961744324
3338,de_zilveren_schaatsen,26,bedorven,0.0013865750515833497,6.580918564129399
3339,de_zilveren_schaatsen,26,.,0.010974204167723656,4.512207835841577
3340,de_zilveren_schaatsen,27,die,3.1031797789182747e-06,12.68308323704507
3341,de_zilveren_schaatsen,27,schoenen,3.176306108798599e-06,12.65979163736028
3342,de_zilveren_schaatsen,27,kon,6.527627192554064e-06,11.939467050917001
3343,de_zilveren_schaatsen,27,ik,0.0011841226369142532,6.738753169409327
3344,de_zilveren_schaatsen,27,wel,2.740268200795981e-06,12.80745475885239
3345,de_zilveren_schaatsen,27,rijden,0.0001758850849000737,8.645679702879718
3346,de_zilveren_schaatsen,27,",",0.059915680438280106,2.8148170311854463
3347,de_zilveren_schaatsen,27,"
",1.2667554074141663e-05,11.276466630875111
3348,de_zilveren_schaatsen,27,maar,0.00023041506938170642,8.375628225978826
3349,de_zilveren_schaatsen,27,niet,0.00015226233517751098,8.789905635427832
3350,de_zilveren_schaatsen,27,met,0.0001280164869967848,8.963351497676884
3351,de_zilveren_schaatsen,27,mijn,0.001569437445141375,6.457038039028726
3352,de_zilveren_schaatsen,27,klompen,0.00010166676656808704,9.193810087388533
3353,de_zilveren_schaatsen,27,.,0.03365130349993706,3.3917034866450146
3354,de_zilveren_schaatsen,28,"

",0.007147142197936773,4.941042694770853
3355,de_zilveren_schaatsen,28,Hans,5.1540187996579334e-05,9.873148705160768
3356,de_zilveren_schaatsen,28,had,2.897890590247698e-05,10.448942375322137
3357,de_zilveren_schaatsen,28,intusschen,3.713203841471113e-05,10.201030391882496
3358,de_zilveren_schaatsen,28,een,4.797273618351028e-07,14.55004789059228
3359,de_zilveren_schaatsen,28,touw,1.187319327300429e-07,15.946397551038169
3360,de_zilveren_schaatsen,28,uit,1.940797574206954e-06,13.152411548650774
3361,de_zilveren_schaatsen,28,zijn,0.004171444568783045,5.479492883788331
3362,de_zilveren_schaatsen,28,zak,1.1177183978361427e-06,13.70422109524821
3363,de_zilveren_schaatsen,28,gehaald,7.610770353494445e-06,11.78594616210829
3364,de_zilveren_schaatsen,28,en,0.062454354017972946,2.773319324777263
3365,de_zilveren_schaatsen,28,knielde,4.003543290309608e-05,10.125745673382212
3366,de_zilveren_schaatsen,28,voor,0.0015229517593979836,6.487104880293036
3367,de_zilveren_schaatsen,28,"
",0.021583514288067818,3.835825483102603
3368,de_zilveren_schaatsen,28,Griete,0.01584530621767044,4.144881960202678
3369,de_zilveren_schaatsen,28,",",0.03721241280436516,3.2911128958243068
3370,de_zilveren_schaatsen,28,terwijl,2.5787319827941246e-05,10.565627666389519
3371,de_zilveren_schaatsen,28,hij,4.882608209300088e-06,12.229831011758096
3372,de_zilveren_schaatsen,28,zijn,0.0020366015378385782,6.196472773126052
3373,de_zilveren_schaatsen,28,best,0.0003541760961525142,7.945716321757607
3374,de_zilveren_schaatsen,28,deed,2.1821683731104713e-06,13.035191508951844
3375,de_zilveren_schaatsen,28,om,0.0007402147748507559,7.208570177591656
3376,de_zilveren_schaatsen,28,haar,0.00030797443469054997,8.085493782687204
3377,de_zilveren_schaatsen,28,schaats,2.8618803753488464e-06,12.76403167527559
3378,de_zilveren_schaatsen,28,vast,0.00326131796464324,5.7256238816712335
3379,de_zilveren_schaatsen,28,te,0.00580104673281312,5.149716906538051
3380,de_zilveren_schaatsen,28,maken,5.84492772759404e-05,9.747351234948297
3381,de_zilveren_schaatsen,28,.,0.029566504061222076,3.5211131779702844
3382,de_zilveren_schaatsen,28,"

",0.0038692874368280172,5.55468491374415
3383,de_zilveren_schaatsen,29,O,0.0010693925432860851,6.840664508275444
3384,de_zilveren_schaatsen,29,",",0.02245764434337616,3.7961242174797576
3385,de_zilveren_schaatsen,29,je,5.469636744237505e-05,9.813713259473214
3386,de_zilveren_schaatsen,29,doet,2.617130974158499e-07,15.156016981219578
3387,de_zilveren_schaatsen,29,me,0.0010167394066229463,6.891154432092347
3388,de_zilveren_schaatsen,29,zeer,0.0001463888620492071,8.829244038230067
3389,de_zilveren_schaatsen,29,!,0.005619244184345007,5.181558110892045
3390,de_zilveren_schaatsen,30,riep,9.251200339122079e-08,16.195927434455385
3391,de_zilveren_schaatsen,30,zij,0.0005315164453350008,7.539776419296881
3392,de_zilveren_schaatsen,30,uit,0.0001083018651115708,9.130588182392133
3393,de_zilveren_schaatsen,30,.,0.02522348240017891,3.679979877082375
3394,de_zilveren_schaatsen,30,"

",1.4647200259787496e-05,11.131261349311691
3395,de_zilveren_schaatsen,31,werd,0.0005258285091258585,7.550535426663173
3396,de_zilveren_schaatsen,31,bijna,1.1953792409258313e-06,13.637047066504408
3397,de_zilveren_schaatsen,31,boos,4.419714230152749e-07,14.632020610770455
3398,de_zilveren_schaatsen,31,",",0.13931481540203094,1.9710190477711598
3399,de_zilveren_schaatsen,31,maar,1.794670788513031e-05,10.928103864578807
3400,de_zilveren_schaatsen,31,hij,3.315406047477154e-06,12.61693045390074
3401,de_zilveren_schaatsen,31,zag,1.491474222348188e-06,13.415745516179387
3402,de_zilveren_schaatsen,31,een,7.4194058470311575e-06,11.811411578515223
3403,de_zilveren_schaatsen,31,traan,4.401948899612762e-05,10.030878090381142
3404,de_zilveren_schaatsen,31,in,0.0002330028364667669,8.364459930795562
3405,de_zilveren_schaatsen,31,Griete,6.271892925724387e-05,9.676847253859238
3406,de_zilveren_schaatsen,31,’s,0.0001653024519328028,8.70773372001801
3407,de_zilveren_schaatsen,31,oog,0.0018276604823768139,6.304718554941804
3408,de_zilveren_schaatsen,31,en,0.0023872668389230967,6.037606149468151
3409,de_zilveren_schaatsen,31,bedwong,8.064053690759465e-05,9.42550909558309
3410,de_zilveren_schaatsen,31,"
",0.011292523704469204,4.48361439130385
3411,de_zilveren_schaatsen,31,zijn,0.0004473961307667196,7.712066157209567
3412,de_zilveren_schaatsen,31,toorn,0.00018514940165914595,8.594347482264501
3413,de_zilveren_schaatsen,31,.,0.04339328035712242,3.1374506803443043
3414,de_zilveren_schaatsen,32,hernam,0.0004928163252770901,7.615374018702173
3415,de_zilveren_schaatsen,32,hij,3.905933226633351e-06,12.453013820731856
3416,de_zilveren_schaatsen,32,op,0.0006336604128591716,7.363997373431206
3417,de_zilveren_schaatsen,32,vriendelijken,0.001130858901888132,6.784777844813636
3418,de_zilveren_schaatsen,32,toon,6.782044511055574e-05,9.598646858171897
3419,de_zilveren_schaatsen,32,:,0.00025004512281157076,8.293869165142329
3420,de_zilveren_schaatsen,32,"

",0.006796949543058872,4.991281364058626
3421,de_zilveren_schaatsen,34,kan,2.712892455747351e-05,10.514910072422904
3422,de_zilveren_schaatsen,34,’t,6.495531124528497e-05,9.641811043821724
3423,de_zilveren_schaatsen,34,niet,0.000500733032822609,7.599437467521894
3424,de_zilveren_schaatsen,34,helpen,5.045284524385352e-06,12.197056508447611
3425,de_zilveren_schaatsen,34,",",0.06723784655332565,2.699518997228732
3426,de_zilveren_schaatsen,34,Griete,8.03693474153988e-05,9.428877705526267
3427,de_zilveren_schaatsen,34,.,0.045643437653779984,3.0868954357515705
3428,de_zilveren_schaatsen,35,ik,0.00034244818380102515,7.9793901998793935
3429,de_zilveren_schaatsen,35,moet,4.199384056846611e-05,10.077987603567287
3430,de_zilveren_schaatsen,35,de,0.0001020214258460328,9.190327709424905
3431,de_zilveren_schaatsen,35,schaats,1.6857321725183283e-06,13.293310564788305
3432,de_zilveren_schaatsen,35,toch,0.0007131299935281277,7.245846835054304
3433,de_zilveren_schaatsen,35,vastmaken,0.0004283212183509022,7.755637133708739
3434,de_zilveren_schaatsen,35,.,0.05255112424492836,2.9459687880739707
3435,de_zilveren_schaatsen,35,"
",2.3864299691922497e-06,12.945712045497435
3436,de_zilveren_schaatsen,36,je,0.0005194107070565224,7.562815644669079
3437,de_zilveren_schaatsen,36,weet,1.7595760404276461e-09,20.158192943034727
3438,de_zilveren_schaatsen,36,zelf,0.0024239295162260532,6.022365288662326
3439,de_zilveren_schaatsen,36,",",0.019929148256778717,3.915571882410327
3440,de_zilveren_schaatsen,36,dat,1.2145858363510342e-06,13.621107414714245
3441,de_zilveren_schaatsen,36,we,0.00045021408004686236,7.705787354887712
3442,de_zilveren_schaatsen,36,weinig,0.001975633902475238,6.226865968848145
3443,de_zilveren_schaatsen,36,tijd,0.00019545281247701496,8.54019157607691
3444,de_zilveren_schaatsen,36,hebben,0.0005966357421129942,7.424203778001648
3445,de_zilveren_schaatsen,36,:,4.734726098831743e-05,9.958001586080997
3446,de_zilveren_schaatsen,37,moeder,4.403247658046894e-05,10.030583092209314
3447,de_zilveren_schaatsen,37,zal,2.7489195417729206e-06,12.804302617389581
3448,de_zilveren_schaatsen,37,ons,0.00024395273067057133,8.318536078198479
3449,de_zilveren_schaatsen,37,wel,3.0792091365583474e-06,12.690837767795532
3450,de_zilveren_schaatsen,37,gauw,0.004071684088557959,5.503698584138901
3451,de_zilveren_schaatsen,37,"
",0.003292070236057043,5.716238661019137
3452,de_zilveren_schaatsen,37,roepen,9.756176950759254e-06,11.537609940140886
3453,de_zilveren_schaatsen,37,.,0.06855461746454239,2.680124516168047
3454,de_zilveren_schaatsen,38,"

",0.007147142197936773,4.941042694770853
3455,de_zilveren_schaatsen,38,Hierop,1.455178062315099e-05,11.137797192236539
3456,de_zilveren_schaatsen,38,keek,0.0003023320168722421,8.103984750863303
3457,de_zilveren_schaatsen,38,hij,1.6178036332803458e-07,15.637026203543607
3458,de_zilveren_schaatsen,38,rond,0.0012201541103422642,6.708778108261989
3459,de_zilveren_schaatsen,38,of,9.158127795672044e-05,9.298283696293264
3460,de_zilveren_schaatsen,38,hij,3.098114757449366e-05,10.38213168123121
3461,de_zilveren_schaatsen,38,niets,0.0007618775125592947,7.179724759871279
3462,de_zilveren_schaatsen,38,zag,3.4268960007466376e-06,12.5838556625569
3463,de_zilveren_schaatsen,38,",",0.026074182242155075,3.646809640345286
3464,de_zilveren_schaatsen,38,waarmede,1.0798587027238682e-05,11.43609526320443
3465,de_zilveren_schaatsen,38,hij,0.00041283192695118487,7.7924700043671855
3466,de_zilveren_schaatsen,38,zijn,0.0015482119051739573,6.470654623535875
3467,de_zilveren_schaatsen,38,zuster,0.002668485976755619,5.926244017307842
3468,de_zilveren_schaatsen,38,kon,1.1570703463803511e-05,11.367034217932515
3469,de_zilveren_schaatsen,38,"
",0.0005008465959690511,7.599210699437432
3470,de_zilveren_schaatsen,38,helpen,0.00029370831907726824,8.132923395076515
3471,de_zilveren_schaatsen,38,",",0.07529164105653763,2.586386158883511
3472,de_zilveren_schaatsen,38,bedacht,0.0002354032185394317,8.354210690591671
3473,de_zilveren_schaatsen,38,zich,0.006389631889760494,5.053078619488284
3474,de_zilveren_schaatsen,38,even,3.240551086491905e-05,10.337182061205958
3475,de_zilveren_schaatsen,38,",",0.12147822976112366,2.1080202111767874
3476,de_zilveren_schaatsen,38,nam,7.175779319368303e-05,9.542214093282995
3477,de_zilveren_schaatsen,38,zijn,0.007934197783470154,4.836573028606035
3478,de_zilveren_schaatsen,38,pet,2.409164335404057e-05,10.633645526393925
3479,de_zilveren_schaatsen,38,af,2.3488568331231363e-05,10.658996709161443
3480,de_zilveren_schaatsen,38,",",0.07960493862628937,2.5306791450125536
3481,de_zilveren_schaatsen,38,haalde,0.0026089756283909082,5.948797614231503
3482,de_zilveren_schaatsen,38,uit,0.00020357889297883958,8.499456947724589
3483,de_zilveren_schaatsen,38,de,0.004004438873380423,5.520351814799392
3484,de_zilveren_schaatsen,38,gescheurde,0.0010897250613197684,6.821829851879581
3485,de_zilveren_schaatsen,38,"
",0.23697401583194733,1.4398047816975579
3486,de_zilveren_schaatsen,38,voering,0.006785443983972073,4.992975551731205
3487,de_zilveren_schaatsen,38,een,0.00033427574089728296,8.003544334035569
3488,de_zilveren_schaatsen,38,dotje,5.015703663957538e-06,12.202936834537223
3489,de_zilveren_schaatsen,38,watten,2.580299951659981e-05,10.565019812461085
3490,de_zilveren_schaatsen,38,",",0.41637122631073,0.8761780457078513
3491,de_zilveren_schaatsen,38,legde,0.0004465400706976652,7.713981417670743
3492,de_zilveren_schaatsen,38,dat,0.00027233536820858717,8.20847627979814
3493,de_zilveren_schaatsen,38,op,0.01036469079554081,4.569350365132148
3494,de_zilveren_schaatsen,38,de,0.001643040799535811,6.411206607894599
3495,de_zilveren_schaatsen,38,plaats,0.0006061772583052516,7.408338109212129
3496,de_zilveren_schaatsen,38,",",0.16068130731582642,1.8283323333788564
3497,de_zilveren_schaatsen,38,waar,0.01095558237284422,4.5139061468872255
3498,de_zilveren_schaatsen,38,hij,0.00012236667680554092,9.008488473273093
3499,de_zilveren_schaatsen,38,het,0.00022574677132070065,8.396096667781855
3500,de_zilveren_schaatsen,38,touw,9.81825651251711e-05,9.228681902916946
3501,de_zilveren_schaatsen,38,"
",0.21981298923492432,1.5149781430584055
3502,de_zilveren_schaatsen,38,moest,0.002056962577626109,6.18652486117194
3503,de_zilveren_schaatsen,38,binden,4.1174330362991896e-06,12.400280638220746
3504,de_zilveren_schaatsen,38,",",0.6787821650505066,0.3874550202004355
3505,de_zilveren_schaatsen,38,en,0.002712177811190486,5.910003346454991
3506,de_zilveren_schaatsen,38,bond,0.00041762206819839776,7.780933677489433
3507,de_zilveren_schaatsen,38,toen,0.0004937945050187409,7.613391109064198
3508,de_zilveren_schaatsen,38,de,0.011145390570163727,4.49672926832912
3509,de_zilveren_schaatsen,38,schaats,8.135888492688537e-06,11.719225604733698
3510,de_zilveren_schaatsen,38,vast,0.003248704131692648,5.729499090863874
3511,de_zilveren_schaatsen,38,",",0.3518088161945343,1.0446673867467062
3512,de_zilveren_schaatsen,38,zoo,0.0023080497048795223,6.071352394658507
3513,de_zilveren_schaatsen,38,schielijk,6.445554390666075e-06,11.95211990655009
3514,de_zilveren_schaatsen,38,als,0.0002877146180253476,8.153541478738056
3515,de_zilveren_schaatsen,38,hij,1.3318787750904448e-05,11.226334906685523
3516,de_zilveren_schaatsen,38,’t,1.5915161384327803e-06,13.350823449884361
3517,de_zilveren_schaatsen,38,met,6.119334284448996e-05,9.701472151413464
3518,de_zilveren_schaatsen,38,"
",0.3765466809272766,0.9767132529012518
3519,de_zilveren_schaatsen,38,zijn,0.01948508992791176,3.9381057249641493
3520,de_zilveren_schaatsen,38,van,0.00105540850199759,6.853827381313963
3521,de_zilveren_schaatsen,38,kou,0.0034851660020649433,5.659239602599936
3522,de_zilveren_schaatsen,38,verstijfde,0.00015050747606437653,8.801497800162743
3523,de_zilveren_schaatsen,38,vingers,0.00022375107801053673,8.404976382896729
3524,de_zilveren_schaatsen,38,doen,0.00028369363280944526,8.167615659794187
3525,de_zilveren_schaatsen,38,kon.,1.0946442671411205e-05,11.422496024674274
3526,de_zilveren_schaatsen,38,"

",0.005006774328649044,5.296963417820617
3527,de_zilveren_schaatsen,38,„,0.0005353469168767333,7.532595578456184
3528,de_zilveren_schaatsen,38,Kijk,0.01484720129519701,4.209943896465081
3529,de_zilveren_schaatsen,38,",",0.017394883558154106,4.051579164384304
3530,de_zilveren_schaatsen,38,nu,2.9939044907223433e-05,10.416347079707952
3531,de_zilveren_schaatsen,38,zal,1.4755538302324567e-07,15.729062253517107
3532,de_zilveren_schaatsen,38,’t,0.00010227849270449951,9.187811144602366
3533,de_zilveren_schaatsen,38,je,0.015930870547890663,4.139496508223737
3534,de_zilveren_schaatsen,38,geen,0.00022808667563367635,8.385784844962872
3535,de_zilveren_schaatsen,38,pijn,0.00033969501964747906,7.9874623439370644
3536,de_zilveren_schaatsen,38,meer,0.0033504136372357607,5.698671466965704
3537,de_zilveren_schaatsen,38,doen,0.0020560903940349817,6.186948966385372
3538,de_zilveren_schaatsen,38,",",0.27646687626838684,1.2856642616936178
3539,de_zilveren_schaatsen,38,Griete,0.00023253589461091906,8.366465959429759
3540,de_zilveren_schaatsen,38,",",0.20456057786941528,1.586891123064717
3541,de_zilveren_schaatsen,38,”,0.0007178179803304374,7.239294530344046
3542,de_zilveren_schaatsen,38,zeide,0.00022049271501600742,8.419645902099314
3543,de_zilveren_schaatsen,38,hij,0.0002123860758729279,8.457104826899212
3544,de_zilveren_schaatsen,38,",",0.020864341408014297,3.8697137298741575
3545,de_zilveren_schaatsen,38,„,0.0014984923182055354,6.503295797543328
3546,de_zilveren_schaatsen,38,want,3.278312215115875e-05,10.325596743572245
3547,de_zilveren_schaatsen,38,nu,8.979621634352952e-05,9.31796771780293
3548,de_zilveren_schaatsen,38,"
",0.5776700377464294,0.5487524422682936
3549,de_zilveren_schaatsen,38,zal,3.888460560119711e-05,10.154912128566577
3550,de_zilveren_schaatsen,38,je,0.001092863385565579,6.818954067933092
3551,de_zilveren_schaatsen,38,wel,0.000690662651322782,7.27785905699175
3552,de_zilveren_schaatsen,38,eenige,2.7784200938185677e-05,10.491043010393971
3553,de_zilveren_schaatsen,38,drukking,2.83848221442895e-05,10.469655987195653
3554,de_zilveren_schaatsen,38,kunnen,3.135975930490531e-05,10.369985037737756
3555,de_zilveren_schaatsen,38,velen,0.000988603918813169,6.919216793096471
3556,de_zilveren_schaatsen,38,.,0.13758344948291779,1.9835246406377591
3557,de_zilveren_schaatsen,39,"

",0.007147142197936773,4.941042694770853
3558,de_zilveren_schaatsen,39,Griete,0.001474119839258492,6.519694186444866
3559,de_zilveren_schaatsen,39,beet,9.120638424064964e-06,11.604970753689402
3560,de_zilveren_schaatsen,39,zich,0.00027150323148816824,8.21153651631059
3561,de_zilveren_schaatsen,39,op,2.4807870886434102e-06,12.906934673687013
3562,de_zilveren_schaatsen,39,de,0.000181772920768708,8.61275233798232
3563,de_zilveren_schaatsen,39,lippen,4.6306934109452413e-07,14.585389029290813
3564,de_zilveren_schaatsen,39,",",0.10538014024496078,2.2501810833519986
3565,de_zilveren_schaatsen,39,als,3.722890369317611e-07,14.80359530336738
3566,de_zilveren_schaatsen,39,wilde,0.0038014943711459637,5.572361033989773
3567,de_zilveren_schaatsen,39,zij,0.0006883000605739653,7.281285680554779
3568,de_zilveren_schaatsen,39,zeggen,2.2457106751971878e-05,10.703903434762395
3569,de_zilveren_schaatsen,39,:,0.013191408477723598,4.328189534199261
3570,de_zilveren_schaatsen,40,’t,3.9493199437856674e-05,10.139382067009699
3571,de_zilveren_schaatsen,40,doet,9.945862257154658e-05,9.215768853843091
3572,de_zilveren_schaatsen,40,mij,0.0008181821322068572,7.108425590635981
3573,de_zilveren_schaatsen,40,toch,0.00027811736799776554,8.187467346327189
3574,de_zilveren_schaatsen,40,"
",0.0007230333285406232,7.232055239301409
3575,de_zilveren_schaatsen,40,nog,0.0011915104696527123,6.732533474512582
3576,de_zilveren_schaatsen,40,zeer,3.1735660741105676e-05,10.358069564842605
3577,de_zilveren_schaatsen,40,",",0.016121068969368935,4.127628230865994
3578,de_zilveren_schaatsen,40,”,0.05561549589037895,2.889293413491715
3579,de_zilveren_schaatsen,40,maar,4.99019370181486e-05,9.90545073796123
3580,de_zilveren_schaatsen,40,zij,0.0036020318511873484,5.626257189628005
3581,de_zilveren_schaatsen,40,zweeg,4.465236088435631e-06,12.31918846968414
3582,de_zilveren_schaatsen,40,en,0.001684263115748763,6.386427130860512
3583,de_zilveren_schaatsen,40,liet,9.405475429957733e-05,9.271633452728508
3584,de_zilveren_schaatsen,40,hem,3.544413630152121e-06,12.550137819234974
3585,de_zilveren_schaatsen,40,begaan,1.4990228919486981e-05,11.108111974486256
3586,de_zilveren_schaatsen,40,.,0.11772263050079346,2.139424010463925
3587,de_zilveren_schaatsen,42,oogenblikken,0.00011067699233535677,9.108894577833313
3588,de_zilveren_schaatsen,42,later,1.2834918834414566e-06,13.565926160425015
3589,de_zilveren_schaatsen,42,reden,2.3027510906104e-05,10.678820930471973
3590,de_zilveren_schaatsen,42,zij,0.0002323921216884628,8.367084433352597
3591,de_zilveren_schaatsen,42,lachend,0.009192858822643757,4.6893283112679605
3592,de_zilveren_schaatsen,42,en,0.002068474655970931,6.180943824508702
3593,de_zilveren_schaatsen,42,vroolijk,0.005975257605314255,5.120128068233812
3594,de_zilveren_schaatsen,42,",",0.048718225210905075,3.0217020845916207
3595,de_zilveren_schaatsen,42,hand,8.64764951984398e-05,9.355637912762163
3596,de_zilveren_schaatsen,42,aan,5.879667878616601e-05,9.741425187883399
3597,de_zilveren_schaatsen,42,hand,0.0003713229962158948,7.898438264371338
3598,de_zilveren_schaatsen,42,"
",0.0007093360763974488,7.2511811290766595
3599,de_zilveren_schaatsen,42,over,2.7675067030941136e-05,10.494978657296945
3600,de_zilveren_schaatsen,42,de,0.005604614038020372,5.184165085128659
3601,de_zilveren_schaatsen,42,vaart,0.0007300458382815123,7.222403233626728
3602,de_zilveren_schaatsen,42,",",0.10401565581560135,2.2632138544818003
3603,de_zilveren_schaatsen,42,zonder,0.00426657497882843,5.456943886292661
3604,de_zilveren_schaatsen,42,zich,0.009354930371046066,4.671851762250532
3605,de_zilveren_schaatsen,42,er,0.002659497782588005,5.929617977552505
3606,de_zilveren_schaatsen,42,over,0.0001972843601834029,8.530864417295096
3607,de_zilveren_schaatsen,42,te,0.0007309994543902576,7.221097844602931
3608,de_zilveren_schaatsen,42,bekommeren,2.493660940672271e-05,10.599173576965542
3609,de_zilveren_schaatsen,42,",",0.2613030672073364,1.3420743682644691
3610,de_zilveren_schaatsen,42,of,0.0010862647322937846,6.825010318950719
3611,de_zilveren_schaatsen,42,hun,6.019153261149768e-06,12.020563962830346
3612,de_zilveren_schaatsen,42,schaatsen,0.00032139086397364736,8.042852530784709
3613,de_zilveren_schaatsen,42,al,0.00013124148244969547,8.93847155421972
3614,de_zilveren_schaatsen,42,"
",0.0047030518762767315,5.359543645615096
3615,de_zilveren_schaatsen,42,dan,0.002648774767294526,5.933658097865963
3616,de_zilveren_schaatsen,42,niet,0.001864648307673633,6.284682818642778
3617,de_zilveren_schaatsen,42,met,0.0002613601100165397,8.249611369732843
3618,de_zilveren_schaatsen,42,ijzer,0.004402901977300644,5.425491415163437
3619,de_zilveren_schaatsen,42,beslagen,0.0001287792547373101,8.957410822970608
3620,de_zilveren_schaatsen,42,waren,0.0018725605914369226,6.280448484518631
3621,de_zilveren_schaatsen,42,.,0.10285745561122894,2.2744111753672462
3622,de_zilveren_schaatsen,43,eensklaps,3.4692093322519213e-06,12.571583848109773
3623,de_zilveren_schaatsen,43,begonnen,9.18725345400162e-06,11.597693528723982
3624,de_zilveren_schaatsen,43,de,0.0002232541737612337,8.40719964292337
3625,de_zilveren_schaatsen,43,schaatsen,7.299452136066975e-06,11.827711262480149
3626,de_zilveren_schaatsen,43,"
",0.00858539342880249,4.757692958215943
3627,de_zilveren_schaatsen,43,van,0.00022572583111468703,8.39618943179861
3628,de_zilveren_schaatsen,43,Hans,1.6467576813283813e-07,15.619287337892272
3629,de_zilveren_schaatsen,43,een,6.496777587017277e-06,11.944204259833736
3630,de_zilveren_schaatsen,43,raar,0.0002618156431708485,8.247869953902116
3631,de_zilveren_schaatsen,43,soort,8.161939331330359e-05,9.413443661078396
3632,de_zilveren_schaatsen,43,van,0.00037650440935976803,7.8845807993459776
3633,de_zilveren_schaatsen,43,geluid,4.438476025825366e-06,12.325199477866308
3634,de_zilveren_schaatsen,43,te,0.0004386044747661799,7.731912519647259
3635,de_zilveren_schaatsen,43,geven,0.0003796421515289694,7.876281455430692
3636,de_zilveren_schaatsen,43,",",0.007671686355024576,4.870218824011372
3637,de_zilveren_schaatsen,43,zijn,0.0001062045557773672,9.150143551984563
3638,de_zilveren_schaatsen,43,streken,0.0002543252194300294,8.276896718491049
3639,de_zilveren_schaatsen,43,werden,0.0005309767439030111,7.540792334474266
3640,de_zilveren_schaatsen,43,al,6.321338150883093e-05,9.668994546489008
3641,de_zilveren_schaatsen,43,"
",0.06683702766895294,2.7054980455891426
3642,de_zilveren_schaatsen,43,korter,0.007470737677067518,4.896761532762928
3643,de_zilveren_schaatsen,43,en,0.04944288358092308,3.0069371426766716
3644,de_zilveren_schaatsen,43,korter,0.0029343622736632824,5.8312651325608105
3645,de_zilveren_schaatsen,43,",",0.03242805600166321,3.4287313049042014
3646,de_zilveren_schaatsen,43,flap,0.00017343602667097002,8.659701748929685
3647,de_zilveren_schaatsen,43,!,0.00035649887286126614,7.939179479794399
3648,de_zilveren_schaatsen,44,lag,2.1214771095401375e-06,13.06339796211471
3649,de_zilveren_schaatsen,44,hij,4.703931335825473e-05,9.964526851456316
3650,de_zilveren_schaatsen,44,zoo,8.307353709824383e-06,11.698369446282955
3651,de_zilveren_schaatsen,44,lang,4.760752744914498e-06,12.255104762535789
3652,de_zilveren_schaatsen,44,als,0.0003904588520526886,7.848187966700907
3653,de_zilveren_schaatsen,44,hij,0.00015489883662667125,8.772738321049506
3654,de_zilveren_schaatsen,44,was,3.634305903688073e-05,10.222507320308967
3655,de_zilveren_schaatsen,44,op,0.0004123375110793859,7.793668342328283
3656,de_zilveren_schaatsen,44,het,5.520121703739278e-05,9.804525557145418
3657,de_zilveren_schaatsen,44,ijs,4.934052867611172e-06,12.219349824954811
3658,de_zilveren_schaatsen,44,te,0.0009316179202869534,6.97858778410759
3659,de_zilveren_schaatsen,44,"
",0.00046921183820813894,7.6644562108806085
3660,de_zilveren_schaatsen,44,spartelen,0.00032776358420960605,8.023217989315576
3661,de_zilveren_schaatsen,44,.,0.026496686041355133,3.630735608853197
3662,de_zilveren_schaatsen,44,"

",7.56742010707967e-05,9.489073260485242
3663,de_zilveren_schaatsen,45,Ha,6.429769564419985e-05,9.651986764933646
3664,de_zilveren_schaatsen,45,",",0.018437175080180168,3.9933862678072707
3665,de_zilveren_schaatsen,45,ha,0.007570600137114525,4.883482936324478
3666,de_zilveren_schaatsen,45,",",0.3174368143081665,1.1474764905075379
3667,de_zilveren_schaatsen,45,”,0.002632137853652239,5.939958890882952
3668,de_zilveren_schaatsen,45,riep,1.4088552688917844e-06,13.472733049350104
3669,de_zilveren_schaatsen,45,Griete,6.024707545293495e-05,9.717056526971874
3670,de_zilveren_schaatsen,45,lachend,2.314155426574871e-05,10.673880670530954
3671,de_zilveren_schaatsen,45,.,0.04784195125102997,3.0398523831516715
3672,de_zilveren_schaatsen,46,Daar,4.435362643562257e-05,10.023316083991855
3673,de_zilveren_schaatsen,46,ben,0.00023427359701599926,8.359020907592534
3674,de_zilveren_schaatsen,46,je,0.001527720713056624,6.483978384357205
3675,de_zilveren_schaatsen,46,mooi,1.972030986507889e-06,13.136446588667987
3676,de_zilveren_schaatsen,46,te,1.918334783113096e-05,10.861467955715119
3677,de_zilveren_schaatsen,46,land,1.7191650840686634e-05,10.97108670823662
3678,de_zilveren_schaatsen,46,gekomen,0.001438038656488061,6.544475137924947
3679,de_zilveren_schaatsen,46,.,0.029888177290558815,3.5102922851225027
3680,de_zilveren_schaatsen,48,"
",0.0018498455174267292,6.292653147472224
3681,de_zilveren_schaatsen,48,even,6.44145839032717e-05,9.6501704923664
3682,de_zilveren_schaatsen,48,snel,0.000282174238236621,8.172985811739514
3683,de_zilveren_schaatsen,48,kwam,0.00010466675303177908,9.164729035580084
3684,de_zilveren_schaatsen,48,het,3.3487547625554726e-05,10.304336900905541
3685,de_zilveren_schaatsen,48,liefderijke,0.001970824785530567,6.22930315099311
3686,de_zilveren_schaatsen,48,zusterhart,0.00013536088226828724,8.907566144188129
3687,de_zilveren_schaatsen,48,weer,0.0004138099611736834,7.790103720507374
3688,de_zilveren_schaatsen,48,boven,0.0005589158390648663,7.489511652378488
3689,de_zilveren_schaatsen,48,",",0.022319601848721504,3.8022899799470604
3690,de_zilveren_schaatsen,48,en,0.001166372443549335,6.753856822203865
3691,de_zilveren_schaatsen,48,met,9.800311090657488e-05,9.230511335852889
3692,de_zilveren_schaatsen,48,een,0.0002811559534166008,8.176601048217814
3693,de_zilveren_schaatsen,48,"
",0.11227566748857498,2.186798114903986
3694,de_zilveren_schaatsen,48,fikschen,0.0025034502614289522,5.990085394005398
3695,de_zilveren_schaatsen,48,omzwaai,0.0005078777903690934,7.58526970946701
3696,de_zilveren_schaatsen,48,stond,0.0003797436656896025,7.87601409683922
3697,de_zilveren_schaatsen,48,zij,0.0038624347653239965,5.556457526137404
3698,de_zilveren_schaatsen,48,",",0.015205688774585724,4.186085659662364
3699,de_zilveren_schaatsen,48,ofschoon,0.0006501140887849033,7.3383626892690925
3700,de_zilveren_schaatsen,48,nog,0.0012632717844098806,6.674050269207218
3701,de_zilveren_schaatsen,48,altijd,0.0005580682191066444,7.491029346592155
3702,de_zilveren_schaatsen,48,lachend,0.00011783726222347468,9.046206019078138
3703,de_zilveren_schaatsen,48,",",0.0885813757777214,2.4238336491364687
3704,de_zilveren_schaatsen,48,vóór,0.011724643409252167,4.446062377969232
3705,de_zilveren_schaatsen,48,haar,0.00018244664533995092,8.609052781987216
3706,de_zilveren_schaatsen,48,"
",0.20835116505622864,1.5685303293067572
3707,de_zilveren_schaatsen,48,gevallen,0.0028078516479581594,5.87533562613796
3708,de_zilveren_schaatsen,48,broeder,0.00021833565551787615,8.429476975093955
3709,de_zilveren_schaatsen,48,.,0.012570691294968128,4.376387262270217
3710,de_zilveren_schaatsen,51,hebt,5.523984327737708e-06,12.106411159543319
3711,de_zilveren_schaatsen,51,je,0.008697306737303734,4.7447418716732725
3712,de_zilveren_schaatsen,51,toch,2.0390289137139916e-06,13.103036886132138
3713,de_zilveren_schaatsen,51,niet,0.006413267459720373,5.049386393818809
3714,de_zilveren_schaatsen,51,bezeerd,0.0010851984843611717,6.825992373825173
3715,de_zilveren_schaatsen,51,",",0.049538396298885345,3.005007227288154
3716,de_zilveren_schaatsen,51,Hans,2.104708158867652e-07,15.373918835303746
3717,de_zilveren_schaatsen,51,?,0.0006272505270317197,7.374164532492157
3718,de_zilveren_schaatsen,52,vroeg,1.373290524497861e-05,11.195715762244884
3719,de_zilveren_schaatsen,52,zij,0.0008855885826051235,7.029258068923591
3720,de_zilveren_schaatsen,52,medelijdend,0.0001589014136698097,8.74722658786074
3721,de_zilveren_schaatsen,52,.,0.026689229533076286,3.623495183233166
3722,de_zilveren_schaatsen,53,O,0.0010693925432860851,6.840664508275444
3723,de_zilveren_schaatsen,53,",",0.02245764434337616,3.7961242174797576
3724,de_zilveren_schaatsen,53,je,5.469636744237505e-05,9.813713259473214
3725,de_zilveren_schaatsen,53,"
",0.005579758435487747,5.188609794657234
3726,de_zilveren_schaatsen,53,lacht,0.004448435734957457,5.415202764835987
3727,de_zilveren_schaatsen,53,.,0.01736599951982498,4.053241034993979
3728,de_zilveren_schaatsen,54,is,0.0029437013436108828,5.828087529045826
3729,de_zilveren_schaatsen,54,’t,9.557476005284116e-06,11.558186881943042
3730,de_zilveren_schaatsen,54,niets,9.907759704219643e-06,11.522192299334165
3731,de_zilveren_schaatsen,54,.,0.019136570394039154,3.9561540942773386
3732,de_zilveren_schaatsen,56,terwijl,0.0001552762696519494,8.770304642756656
3733,de_zilveren_schaatsen,56,zij,0.0004473387962207198,7.71219431705747
3734,de_zilveren_schaatsen,56,weer,5.263283310341649e-05,9.85217042946757
3735,de_zilveren_schaatsen,56,voortreed,0.0001391550322296098,8.87992190658153
3736,de_zilveren_schaatsen,56,met,0.0001275658287340775,8.966878022808054
3737,de_zilveren_schaatsen,56,wangen,5.703274382540258e-06,12.074470094981539
3738,de_zilveren_schaatsen,56,",",0.02949928119778633,3.5233893821099573
3739,de_zilveren_schaatsen,56,"
",2.383127502980642e-05,10.644511763047612
3740,de_zilveren_schaatsen,56,gloeiend,0.0022910486441105604,6.078745643038433
3741,de_zilveren_schaatsen,56,van,7.592794281663373e-05,9.485725788262569
3742,de_zilveren_schaatsen,56,de,0.0033099008724093437,5.710837037954199
3743,de_zilveren_schaatsen,56,warmte,0.005938387010246515,5.126317729579719
3744,de_zilveren_schaatsen,56,",",0.03662283346056938,3.3070833680548333
3745,de_zilveren_schaatsen,56,die,0.00023950361355673522,8.336942053307563
3746,de_zilveren_schaatsen,56,de,0.0023051798343658447,6.0725965863292135
3747,de_zilveren_schaatsen,56,beweging,2.489382677595131e-05,10.60089070587554
3748,de_zilveren_schaatsen,56,haar,8.81324740475975e-05,9.336669488540535
3749,de_zilveren_schaatsen,56,had,2.608697468531318e-05,10.554074422407181
3750,de_zilveren_schaatsen,56,gegeven,2.9474567782017402e-05,10.431982775532413
3751,de_zilveren_schaatsen,56,",",0.23753225803375244,1.4374518414305801
3752,de_zilveren_schaatsen,56,en,0.00358380819670856,5.631329301844885
3753,de_zilveren_schaatsen,56,oogen,4.928774797008373e-05,9.917835027678409
3754,de_zilveren_schaatsen,56,",",0.05669112876057625,2.870137539738552
3755,de_zilveren_schaatsen,56,"
",0.00029532014741562307,8.127450544600933
3756,de_zilveren_schaatsen,56,schitterend,0.0006388542242348194,7.355834260700513
3757,de_zilveren_schaatsen,56,van,0.003451371332630515,5.668983639197195
3758,de_zilveren_schaatsen,56,genoegen,6.431006113416515e-06,11.95437956019522
3759,de_zilveren_schaatsen,56,",",0.647895872592926,0.43402528598497025
3760,de_zilveren_schaatsen,56,riep,2.373114512010943e-05,10.648722232460523
3761,de_zilveren_schaatsen,56,zij,0.006306273862719536,5.066210289890202
3762,de_zilveren_schaatsen,56,:,0.00018838219693861902,8.577037696366563
3763,de_zilveren_schaatsen,57,Hans,1.0970405810439843e-06,13.722894384607917
3764,de_zilveren_schaatsen,57,je,6.749080057488754e-05,9.603519257153257
3765,de_zilveren_schaatsen,57,kunt,7.162237307056785e-05,9.544103059754587
3766,de_zilveren_schaatsen,57,mij,0.00023851175501476973,8.341091961576788
3767,de_zilveren_schaatsen,57,niet,0.007275126408785582,4.923294090297451
3768,de_zilveren_schaatsen,57,krijgen,0.0010292972438037395,6.878878997173867
3769,de_zilveren_schaatsen,57,!,0.004894362762570381,5.3196711927670615
3770,de_zilveren_schaatsen,58,"

",0.007147142197936773,4.941042694770853
3771,de_zilveren_schaatsen,58,Hans,5.1540187996579334e-05,9.873148705160768
3772,de_zilveren_schaatsen,58,sprong,4.413244823808782e-06,12.330900351352849
3773,de_zilveren_schaatsen,58,weer,3.221127599317697e-06,12.645779073585299
3774,de_zilveren_schaatsen,58,op,0.00035778945311903954,7.935565864353068
3775,de_zilveren_schaatsen,58,de,7.227734749903902e-05,9.53499979049194
3776,de_zilveren_schaatsen,58,beenen,0.0003194280725438148,8.048978434549618
3777,de_zilveren_schaatsen,58,",",0.07988885790109634,2.5271188864835223
3778,de_zilveren_schaatsen,58,maar,4.183516011835309e-06,12.384358513840215
3779,de_zilveren_schaatsen,58,’t,9.326036524726078e-05,9.280115350151057
3780,de_zilveren_schaatsen,58,was,9.835483797360212e-05,9.226928822945041
3781,de_zilveren_schaatsen,58,geen,0.0015347469598054886,6.479389758563997
3782,de_zilveren_schaatsen,58,gemakkelijke,2.099328594340477e-05,10.771307888341946
3783,de_zilveren_schaatsen,58,zaak,5.895402136957273e-05,9.738752716690533
3784,de_zilveren_schaatsen,58,om,0.010473928414285183,4.558866117759121
3785,de_zilveren_schaatsen,58,"
",0.01735164225101471,4.05406812283154
3786,de_zilveren_schaatsen,58,Griete,0.01785040646791458,4.02572899970401
3787,de_zilveren_schaatsen,58,in,0.002649814821779728,5.933265519999315
3788,de_zilveren_schaatsen,58,te,0.00046220418880693614,7.679503797406652
3789,de_zilveren_schaatsen,58,halen,8.337595500051975e-05,9.392150599514988
3790,de_zilveren_schaatsen,58,:,0.0002932542411144823,8.134470608081791
3791,de_zilveren_schaatsen,59,zij,0.00023153187066782266,8.370793023642296
3792,de_zilveren_schaatsen,59,was,1.6479558325954713e-05,11.013389834451635
3793,de_zilveren_schaatsen,59,hem,4.524852556642145e-06,12.305925565510742
3794,de_zilveren_schaatsen,59,reeds,0.0005250325775705278,7.552050244782537
3795,de_zilveren_schaatsen,59,een,8.960623745224439e-06,11.622670718978036
3796,de_zilveren_schaatsen,59,heel,3.878465577145107e-06,12.460070952355862
3797,de_zilveren_schaatsen,59,eind,2.1301662854966708e-05,10.75672541998777
3798,de_zilveren_schaatsen,59,vooruit,0.00038210992352105677,7.869802232843539
3799,de_zilveren_schaatsen,59,.,0.03246016055345535,3.4277417707139826
3800,de_zilveren_schaatsen,60,"
",0.0007363391341641545,7.213819765247615
3801,de_zilveren_schaatsen,60,was,0.00022065320808906108,8.41891828308833
3802,de_zilveren_schaatsen,60,zij,2.7234736990067177e-06,12.813602397225777
3803,de_zilveren_schaatsen,60,nog,0.0031045416835695505,5.774889180427255
3804,de_zilveren_schaatsen,60,niet,0.0015318861696869135,6.481255512195195
3805,de_zilveren_schaatsen,60,ver,3.364072836120613e-05,10.299773071452835
3806,de_zilveren_schaatsen,60,",",0.0013059572083875537,6.64081901406473
3807,de_zilveren_schaatsen,60,toen,0.00011999349226243794,9.02807304779914
3808,de_zilveren_schaatsen,60,zij,0.0020942736882716417,6.168548473894102
3809,de_zilveren_schaatsen,60,voelde,0.002057574922218919,6.186227211874854
3810,de_zilveren_schaatsen,60,",",0.042548779398202896,3.1571041106679174
3811,de_zilveren_schaatsen,60,dat,0.0009617566829547286,6.946749067611818
3812,de_zilveren_schaatsen,60,ook,1.788897634469322e-06,13.233910974488245
3813,de_zilveren_schaatsen,60,haar,0.00010652650234987959,9.147116755416734
3814,de_zilveren_schaatsen,60,schaatsen,2.0211030005157227e-06,13.111867155717409
3815,de_zilveren_schaatsen,60,begonnen,8.912758858059533e-06,11.628026728263084
3816,de_zilveren_schaatsen,60,"
",0.20615604519844055,1.5791218959883027
3817,de_zilveren_schaatsen,60,te,0.0010759010910987854,6.834596744238347
3818,de_zilveren_schaatsen,60,krassen,9.864169987849891e-05,9.224016466100766
3819,de_zilveren_schaatsen,60,.,0.06300369650125504,2.764561879688797
3820,de_zilveren_schaatsen,61,zij,0.0017078975215554237,6.372492184505107
3821,de_zilveren_schaatsen,61,nu,2.176219095417764e-05,10.735336453812723
3822,de_zilveren_schaatsen,61,de,1.2512861758295912e-05,11.288753501988952
3823,de_zilveren_schaatsen,61,eer,0.004502514377236366,5.403119287751828
3824,de_zilveren_schaatsen,61,aan,0.00028664295678026974,8.157273169711436
3825,de_zilveren_schaatsen,61,zich,0.00036807835567742586,7.907214719423752
3826,de_zilveren_schaatsen,61,wilde,0.00032798678148537874,8.022537250741665
3827,de_zilveren_schaatsen,61,houden,0.00013505290553439409,8.909843963448427
3828,de_zilveren_schaatsen,61,",",0.0828278586268425,2.490990817333911
3829,de_zilveren_schaatsen,61,keerde,9.127488010562956e-05,9.301634943974468
3830,de_zilveren_schaatsen,61,zij,0.0005130415665917099,7.575153689581413
3831,de_zilveren_schaatsen,61,zich,0.0033574968110769987,5.696559579358249
3832,de_zilveren_schaatsen,61,om,0.00030260844505392015,8.103070848691715
3833,de_zilveren_schaatsen,61,"
",0.0020588277839124203,6.185618495079328
3834,de_zilveren_schaatsen,61,en,0.0012876704568043351,6.654920540555212
3835,de_zilveren_schaatsen,61,reed,0.0004349024093244225,7.740388898425642
3836,de_zilveren_schaatsen,61,haar,0.00013728458725381643,8.893454507472466
3837,de_zilveren_schaatsen,61,vervolger,0.0014761000638827682,6.518351761143248
3838,de_zilveren_schaatsen,61,in,0.0030518793500959873,5.791997697764647
3839,de_zilveren_schaatsen,61,de,0.05216364935040474,2.9533693992711756
3840,de_zilveren_schaatsen,61,armen,0.000380655110348016,7.873616814982282
3841,de_zilveren_schaatsen,61,.,0.06874541193246841,2.677345280190103
3842,de_zilveren_schaatsen,61,"

",0.0006148510728962719,7.394130477374953
3843,de_zilveren_schaatsen,62,Gevangen,0.0015699650393798947,6.456701927780749
3844,de_zilveren_schaatsen,62,!,0.005172136705368757,5.264469386602668
3845,de_zilveren_schaatsen,63,riep,9.251200339122079e-08,16.195927434455385
3846,de_zilveren_schaatsen,63,Hans,2.2142504008115793e-07,15.32318172423618
3847,de_zilveren_schaatsen,63,",",0.05404997989535332,2.91784610686085
3848,de_zilveren_schaatsen,63,terwijl,1.311511095991591e-05,11.241745484146275
3849,de_zilveren_schaatsen,63,hij,3.138510510325432e-05,10.369177137363225
3850,de_zilveren_schaatsen,63,haar,0.00025480848853476346,8.27499832032054
3851,de_zilveren_schaatsen,63,stevig,5.25721516169142e-05,9.85332401536263
3852,de_zilveren_schaatsen,63,in,0.0007479015621356666,7.19823919007293
3853,de_zilveren_schaatsen,63,zijn,0.0013428860111162066,6.612934241352835
3854,de_zilveren_schaatsen,63,armen,4.9504633352626115e-05,9.913444289686769
3855,de_zilveren_schaatsen,63,pakte,1.9587590941227973e-05,10.840614307473361
3856,de_zilveren_schaatsen,63,.,0.10897036641836166,2.2166793014371744
3857,de_zilveren_schaatsen,63,"

",8.643542969366536e-05,9.356112900309403
3858,de_zilveren_schaatsen,65,heb,1.646342298045056e-07,15.619539612823571
3859,de_zilveren_schaatsen,65,jou,1.2519984693426522e-06,13.590769507856882
3860,de_zilveren_schaatsen,65,gevangen,0.00014375515456777066,8.84739902106694
3861,de_zilveren_schaatsen,65,",",0.1126897782087326,2.183116561173755
3862,de_zilveren_schaatsen,65,”,0.0005113949300721288,7.578368408976962
3863,de_zilveren_schaatsen,65,antwoordde,2.515817504900042e-05,10.590327662586253
3864,de_zilveren_schaatsen,65,Griete,0.0006854285020381212,7.285466364856541
3865,de_zilveren_schaatsen,65,",",0.22222650051116943,1.5040581446613348
3866,de_zilveren_schaatsen,65,die,0.0001471398863941431,8.824126815554084
3867,de_zilveren_schaatsen,65,poogde,3.000555261678528e-05,10.41412810620247
3868,de_zilveren_schaatsen,65,zich,0.0003070176171604544,8.088605427136054
3869,de_zilveren_schaatsen,65,uit,0.00022645998978987336,8.392942274164165
3870,de_zilveren_schaatsen,65,zijn,0.0011126907775178552,6.800974073216513
3871,de_zilveren_schaatsen,65,armen,1.4919747627573088e-05,11.112824878373738
3872,de_zilveren_schaatsen,65,"
",0.0012139505706727505,6.713875303258802
3873,de_zilveren_schaatsen,65,los,2.9373242796282284e-05,10.43542640699025
3874,de_zilveren_schaatsen,65,te,0.010952283628284931,4.514207293934962
3875,de_zilveren_schaatsen,65,maken,4.18495801568497e-05,10.081428793173503
3876,de_zilveren_schaatsen,65,.,0.08702854812145233,2.4415190748264495
3877,de_zilveren_schaatsen,65,"

",0.0001869234984042123,8.58481112425641
3878,de_zilveren_schaatsen,66,op,0.00018062934395857155,8.619063449789136
3879,de_zilveren_schaatsen,66,dit,1.2367103408905677e-05,11.300470561558576
3880,de_zilveren_schaatsen,66,oogenblik,0.00015772382903378457,8.754664971835233
3881,de_zilveren_schaatsen,66,klonk,0.0004950097645632923,7.610933069199657
3882,de_zilveren_schaatsen,66,er,5.295923529047286e-06,12.148573178813105
3883,de_zilveren_schaatsen,66,een,3.3288599752268055e-06,12.612880662368726
3884,de_zilveren_schaatsen,66,luide,5.5640677601331845e-05,9.79659601267025
3885,de_zilveren_schaatsen,66,stem,8.416954528911447e-07,13.987847583035093
3886,de_zilveren_schaatsen,66,over,3.056171044590883e-05,10.39576262514358
3887,de_zilveren_schaatsen,66,de,0.013031543232500553,4.340382457981995
3888,de_zilveren_schaatsen,66,vaart,0.001441389904357493,6.542147419551818
3889,de_zilveren_schaatsen,66,:,0.00122352153994143,6.706022070053493
3890,de_zilveren_schaatsen,67,Hans,1.0970405810439843e-06,13.722894384607917
3891,de_zilveren_schaatsen,67,!,0.0011989345075562596,6.726322026983873
3892,de_zilveren_schaatsen,67,"
",3.586100137908943e-05,10.235860165495371
3893,de_zilveren_schaatsen,67,Griete,0.00672114547342062,5.002496681619024
3894,de_zilveren_schaatsen,67,!,0.004150969907641411,5.484413259361408
3895,de_zilveren_schaatsen,68,"

",0.007147142197936773,4.941042694770853
3896,de_zilveren_schaatsen,68,„,4.050871211802587e-05,10.113993492960155
3897,de_zilveren_schaatsen,68,Moeder,0.00011361073848092929,9.082732527263376
3898,de_zilveren_schaatsen,68,roept,3.0833951313979924e-05,10.38689415969929
3899,de_zilveren_schaatsen,68,ons,8.034551137825474e-05,9.429174330710742
3900,de_zilveren_schaatsen,68,",",0.10230129957199097,2.279832902566722
3901,de_zilveren_schaatsen,68,”,0.1673128455877304,1.787889892181216
3902,de_zilveren_schaatsen,68,zeide,2.4571224344072107e-07,15.219104727807228
3903,de_zilveren_schaatsen,68,Hans,1.052771722243051e-06,13.764084136307654
3904,de_zilveren_schaatsen,68,",",0.11948048323392868,2.124602241166941
3905,de_zilveren_schaatsen,68,terwijl,6.424808088922873e-05,9.652758704063391
3906,de_zilveren_schaatsen,68,hij,1.9379667719476856e-05,10.85128609718647
3907,de_zilveren_schaatsen,68,zijn,0.002195608103647828,6.121296230437349
3908,de_zilveren_schaatsen,68,zusje,0.003026544116437435,5.800333866020637
3909,de_zilveren_schaatsen,68,losliet,1.5860769053688273e-07,15.656832038776994
3910,de_zilveren_schaatsen,68,"
",0.0022965813986957073,6.076333610151761
3911,kieming,1,"

",0.002622399013489485,5.943665726160913
3912,kieming,1,Kieming,0.015742668882012367,4.151380489883002
3913,kieming,1,of,7.046579412417486e-06,11.862968248610736
3914,kieming,1,ontkieming,4.210940460325219e-05,10.07523945497251
3915,kieming,1,is,0.0011061051627621055,6.806910296530474
3916,kieming,1,bij,0.00016346413758583367,8.718916933668606
3917,kieming,1,zaadplanten,0.00011122160503873602,9.103985905102943
3918,kieming,1,het,5.3079183999216184e-05,9.843725721655055
3919,kieming,1,proces,0.0003627274709288031,7.9218587744586255
3920,kieming,1,waarbij,0.00033644496579654515,7.997075971150925
3921,kieming,1,het,0.00010259355622110888,9.1847354320624
3922,kieming,1,in,0.0018773766933009028,6.277879852487593
3923,kieming,1,een,6.470804237324046e-06,11.948210154653347
3924,kieming,1,"
",0.028506021946668625,3.5576399176531295
3925,kieming,1,zaad,8.706687367521226e-05,9.34883407164627
3926,kieming,1,aanwezige,7.982749229995534e-05,9.435642597803156
3927,kieming,1,embryo,1.1965665180468932e-05,11.333469244294731
3928,kieming,1,of,0.004395117051899433,5.427261115230493
3929,kieming,1,kiem,4.5941516873426735e-05,9.988141342671437
3930,kieming,1,door,3.142050530868801e-08,17.27580512185844
3931,kieming,1,de,0.014100938104093075,4.261513951606001
3932,kieming,1,zaadhuid,0.0008533645886927843,7.0663236824551845
3933,kieming,1,heenbreekt,0.0089412871748209,4.717075720874282
3934,kieming,1,en,0.0006312677287496626,7.367780492621105
3935,kieming,1,vervolgens,0.001135923550464213,6.780309258074304
3936,kieming,1,"
",0.17057552933692932,1.7685770930351097
3937,kieming,1,tot,0.00033763397368602455,7.993548167349394
3938,kieming,1,een,8.794638415565714e-05,9.338783200125484
3939,kieming,1,kiemplant,0.00044910458382219076,7.7082547712377645
3940,kieming,1,uitgroeit,0.0020861297380179167,6.1724447296981015
3941,kieming,1,.,0.051091864705085754,2.974129997869668
3942,kieming,1,"

",0.004247069824486971,5.461525986889763
3943,kieming,2,de,5.289203181746416e-05,9.847257857714556
3944,kieming,2,kieming,0.00026265927590429783,8.244652894590555
3945,kieming,2,van,5.2016530389664695e-05,9.863948997790901
3946,kieming,2,de,0.0006745276623405516,7.301497871533175
3947,kieming,2,sporen,2.008689307331224e-06,13.118028134498639
3948,kieming,2,van,7.79412075644359e-05,9.459555764660315
3949,kieming,2,mossen,0.0030783952679485083,5.783346834672957
3950,kieming,2,en,0.00522180600091815,5.254911959736511
3951,kieming,2,varens,0.00027827968006022274,8.186883906614026
3952,kieming,2,groeien,0.00018978271691594273,8.569630735386967
3953,kieming,2,deze,0.003776074852794409,5.579070207591758
3954,kieming,2,uit,1.9524663912307005e-06,13.146417168578823
3955,kieming,2,tot,4.6920111344661564e-05,9.967064161107187
3956,kieming,2,"
",0.0025390025693923235,5.975983964289913
3957,kieming,2,een,7.93474191596033e-06,11.744259729283549
3958,kieming,2,meercellige,0.0020228640642017126,6.203240918209087
3959,kieming,2,voorkiem,0.0009018832934089005,7.011025432737434
3960,kieming,2,:,0.005479208659380674,5.206794593672155
3961,kieming,2,meercellige,0.0007419001776725054,7.206295855285731
3962,kieming,2,protonema's,2.0129791664658114e-05,10.813309667861505
3963,kieming,2,bij,0.004006326664239168,5.519880501318845
3964,kieming,2,mossen,0.0001357551955152303,8.904657327210563
3965,kieming,2,of,0.0005448642186820507,7.514973934374498
3966,kieming,2,"
",0.02469729073345661,3.7010617282688445
3967,kieming,2,meercellige,0.03325468674302101,3.4035595671361274
3968,kieming,2,prothallia,0.00010688068869058043,9.14379740460968
3969,kieming,2,bij,0.0014467108994722366,6.538462644333307
3970,kieming,2,varens,0.00011674102279357612,9.055552556932028
3971,kieming,2,.,0.0020248107612133026,6.202279034043165
3972,kieming,4,zaadplanten,0.00030089495703577995,8.108749334070646
3973,kieming,4,vormen,0.00013869459507986903,8.883236199824774
3974,kieming,4,zaden,0.0002789927239064127,8.184324855671461
3975,kieming,4,die,2.8356789698591456e-06,12.773229153917892
3976,kieming,4,een,3.059461232624017e-05,10.394686632277617
3977,kieming,4,kiemrust,0.00017343588115181774,8.65970258796651
3978,kieming,4,hebben,0.006504978984594345,5.0351873976771
3979,kieming,4,",",0.021373188123106956,3.845618033922603
3980,kieming,4,ze,7.290254870895296e-05,9.526386957846777
3981,kieming,4,gaan,2.9083660137985134e-06,12.747919141770861
3982,kieming,4,pas,5.897547453059815e-05,9.738388886401964
3983,kieming,4,na,0.0012378442334011197,6.694383933798141
3984,kieming,4,"
",0.0014602651353925467,6.5291372601651645
3985,kieming,4,enige,0.0006584655493497849,7.325598355006331
3986,kieming,4,tijd,3.8028413200663636e-06,12.479762054825194
3987,kieming,4,kiemen,3.3452812203904614e-05,10.30537470305827
3988,kieming,4,.,0.01967730186879635,3.9282894969199034
3989,kieming,5,er,0.0002679213066585362,8.22481725244283
3990,kieming,5,geen,5.828188022860559e-06,12.052804408164667
3991,kieming,5,kiemrust,2.6818774131243117e-05,10.526408388416979
3992,kieming,5,is,0.0010245933663100004,6.883459460899417
3993,kieming,5,kan,5.809118374600075e-05,9.753496648374364
3994,kieming,5,het,3.5140662930643884e-06,12.558736702963435
3995,kieming,5,zaad,1.885914934973698e-05,10.878512385183523
3996,kieming,5,al,0.000145836325827986,8.833025621081914
3997,kieming,5,gaan,0.00024281609512399882,8.323206211338436
3998,kieming,5,"
",0.004032629542052746,5.5133366239792805
3999,kieming,5,kiemen,2.5578998247510754e-05,10.573738924131984
4000,kieming,5,als,6.340812979033217e-05,9.665918474610452
4001,kieming,5,het,0.0004192780761513859,7.776976191938757
4002,kieming,5,nog,0.002165494952350855,6.135106328251651
4003,kieming,5,aan,0.005017003510147333,5.294922433829612
4004,kieming,5,de,0.0008553913212381303,7.063951508075016
4005,kieming,5,plant,5.169965334061999e-06,12.17264457467686
4006,kieming,5,vastzit,0.0011178181739524007,6.79637655258094
4007,kieming,5,.,0.029801037162542343,3.513212081964268
4008,kieming,6,granen,7.10249992152967e-08,16.460233920254428
4009,kieming,6,wordt,5.668639460054692e-07,14.383146516147233
4010,kieming,6,dit,7.635195288457908e-06,11.782742041564745
4011,kieming,6,"
",0.006947529036551714,4.969369216931849
4012,kieming,6,verschijnsel,1.6543872334295884e-05,11.009494776405464
4013,kieming,6,schot,0.0008021443500183523,7.1282219787395205
4014,kieming,6,genoemd,9.161711318483867e-07,13.903062664559934
4015,kieming,6,.,0.013464313000440598,4.307712575153461
4016,kieming,7,",",0.16130992770195007,1.824427747685771
4017,kieming,7,waarbij,2.292903218403808e-06,12.985691762391472
4018,kieming,7,dit,4.109073051949963e-05,10.099727996704246
4019,kieming,7,verschijnsel,1.2500335287768394e-05,11.289755090994278
4020,kieming,7,vrijwel,0.0010618639644235373,6.847729458130244
4021,kieming,7,"
",0.016163663938641548,4.124989522711962
4022,kieming,7,altijd,0.00010500849020900205,9.161469351942321
4023,kieming,7,optreedt,0.0004303735913708806,7.750856909338231
4024,kieming,7,",",0.04000384733080864,3.218779646223299
4025,kieming,7,heten,0.0014869061997160316,6.511057693711627
4026,kieming,7,vivipaar,5.3269232012098655e-06,12.142736747026547
4027,kieming,7,of,0.0011119539849460125,6.801636464454174
4028,kieming,7,levendbarend,4.0515857108403e-05,10.113817126940221
4029,kieming,7,.,0.056702133268117905,2.869943445179857
4030,kieming,7,"

",0.0004081485967617482,7.803879242118272
4031,kieming,8,"

",0.0013135256012901664,6.6350404581339415
4032,kieming,8,Tweezaadlobbigen,0.0029169032350182533,5.837232761420777
4033,kieming,8,"

",0.30012059211730957,1.2035709113713642
4034,kieming,8,Als,7.458637992385775e-05,9.503552642170572
4035,kieming,8,voorbeeld,3.5782024497166276e-05,10.238064899674265
4036,kieming,8,van,0.0003466210328042507,7.967278499303347
4037,kieming,8,de,0.0012447098270058632,6.688852846908679
4038,kieming,8,kieming,2.80918789030693e-06,12.782615123397402
4039,kieming,8,van,0.0003289553860668093,8.0195884210542
4040,kieming,8,tweezaadlobbige,5.435449202195741e-05,9.81998329791435
4041,kieming,8,of,2.0878604118479416e-05,10.776785649747815
4042,kieming,8,dicotylen,2.253387719974853e-05,10.700490727791221
4043,kieming,8,zaden,0.00031267403392121196,8.070349335255955
4044,kieming,8,"
",0.05713272467255592,2.862378214882476
4045,kieming,8,wordt,2.2187164177012164e-06,13.01858171952119
4046,kieming,8,de,0.002873827703297138,5.85211044326256
4047,kieming,8,boon,0.0028826810885220766,5.849034484369537
4048,kieming,8,tijdens,0.0001767696812748909,8.640662908467885
4049,kieming,8,het,7.935564644867554e-05,9.441570954750043
4050,kieming,8,kiemen,4.98575100209564e-05,9.9063414205271
4051,kieming,8,gevolgd,0.0003374904044903815,7.993973479195472
4052,kieming,8,.,0.018321702256798744,3.9996690061052282
4053,kieming,10,zaad,0.00010320523142581806,9.178791014090974
4054,kieming,10,wordt,1.006565867101017e-06,13.808966152278009
4055,kieming,10,omgeven,0.0004093088791705668,7.801040481149871
4056,kieming,10,door,7.274551171576604e-05,9.52854334844451
4057,kieming,10,de,0.0027398578822612762,5.899849227715194
4058,kieming,10,zaadhuid,0.0006607021205127239,7.322207469439527
4059,kieming,10,.,0.00656732264906168,5.025649041099362
4060,kieming,11,het,5.422154572443105e-06,12.125017298912912
4061,kieming,11,zaad,0.0002975030511151999,8.12008607718177
4062,kieming,11,zit,0.000716376060154289,7.241305305206134
4063,kieming,11,al,1.538548713142518e-05,11.082085886940455
4064,kieming,11,een,9.563532512402162e-05,9.254968296493304
4065,kieming,11,compleet,9.97608822217444e-08,16.12048969217203
4066,kieming,11,"
",0.013492959551513195,4.305587244276571
4067,kieming,11,plantje,4.543244813248748e-06,12.301869084624663
4068,kieming,11,(,0.0017413938185200095,6.353069441294671
4069,kieming,11,embryo,1.4143705811875407e-05,11.166240851785059
4070,kieming,11,of,0.0005434748018160462,7.517527215281761
4071,kieming,11,kiem,6.6562265601533e-06,11.919957816540093
4072,kieming,11,),0.07908377051353455,2.5372476020802157
4073,kieming,11,",",2.9475575502146967e-05,10.431948586637407
4074,kieming,11,compleet,8.376664482057095e-05,9.387475662879876
4075,kieming,11,met,0.0001436826860299334,8.847903259056078
4076,kieming,11,worteltje,9.687016245152336e-06,11.544724100515927
4077,kieming,11,en,0.0006414468516595662,7.3517842274428435
4078,kieming,11,pluimpje,0.0006308783194981515,7.368397551580974
4079,kieming,11,.,0.011826902627944946,4.437378458777831
4080,kieming,12,"
",0.0024448230396956205,6.013782535077209
4081,kieming,12,pluimpje,6.317259249044582e-05,9.669640013996368
4082,kieming,12,bestaat,0.00012330002209637314,9.000889968585774
4083,kieming,12,uit,0.0006900245207361877,7.2787834237055815
4084,kieming,12,een,2.8558317808347056e-06,12.766147415489586
4085,kieming,12,stengel,0.0007978462381288409,7.133594663129493
4086,kieming,12,met,0.0018590998370200396,6.28766286699416
4087,kieming,12,zaadlobben,1.7117512470576912e-05,10.975408497423524
4088,kieming,12,.,0.04388496279716492,3.1261835506730646
4089,kieming,13,zaad,0.00010320523142581806,9.178791014090974
4090,kieming,13,van,6.388324254658073e-05,9.658453475940448
4091,kieming,13,de,0.00015381317643914372,8.779771832006213
4092,kieming,13,boon,2.0984674847568385e-05,10.771718155815398
4093,kieming,13,"
",0.014741216786205769,4.2171078456818885
4094,kieming,13,bestaat,0.0005732048884965479,7.464267333615801
4095,kieming,13,voor,0.0002262629714095965,8.393812644830554
4096,kieming,13,het,8.875798084773123e-05,9.329597208606904
4097,kieming,13,grootste,9.052915265783668e-05,9.309838630314866
4098,kieming,13,deel,0.0005896477377973497,7.435985253953335
4099,kieming,13,uit,0.0008003483526408672,7.130463484272096
4100,kieming,13,de,0.01612779311835766,4.127211214658236
4101,kieming,13,twee,8.69894847710384e-06,11.65230840430917
4102,kieming,13,zaadlobben,7.942669617477804e-05,9.440676022358058
4103,kieming,13,met,0.00022825882479082793,8.385030376407109
4104,kieming,13,daarin,0.0009664241224527359,6.941907769947963
4105,kieming,13,het,0.00022688874742016196,8.391050760091524
4106,kieming,13,"
",0.3919009864330292,0.936746056726825
4107,kieming,13,reservevoedsel,2.5898636977217393e-06,12.863905309999906
4108,kieming,13,.,0.002134953858330846,6.149310244558115
4109,kieming,14,sommige,0.00012656813487410545,8.974729779192444
4110,kieming,14,tweezaadlobbigen,3.1168160603556316e-06,12.67869857067663
4111,kieming,14,zijn,0.0011821864172816277,6.7403896589974535
4112,kieming,14,de,0.006183316931128502,5.085900431248002
4113,kieming,14,zaadlobben,0.00033343772520311177,8.006054441070157
4114,kieming,14,klein,0.005383423995226622,5.224430676904825
4115,kieming,14,en,0.004211252089589834,5.469995267051332
4116,kieming,14,"
",0.00891990214586258,4.7194703026451705
4117,kieming,14,zit,0.0005949827609583735,7.42697812601758
4118,kieming,14,er,4.2286769712518435e-06,12.373621386583388
4119,kieming,14,nog,0.0006850025383755565,7.286088014051168
4120,kieming,14,veel,0.0002377282944507897,8.344382156391907
4121,kieming,14,reservevoedsel,9.087308967536956e-07,13.911216829773617
4122,kieming,14,in,0.029286053031682968,3.530643882030423
4123,kieming,14,het,4.64772128907498e-05,9.976548410842652
4124,kieming,14,endosperm,4.879261155110726e-07,14.533101845197045
4125,kieming,14,.,0.019233252853155136,3.9511145785562922
4126,kieming,15,reservevoedsel,3.738668965524994e-07,14.799365994447172
4127,kieming,15,"
",0.004911813884973526,5.316111978722088
4128,kieming,15,bestaat,0.0001338212750852108,8.919005416294432
4129,kieming,15,uit,0.0008534232620149851,7.0662549295375925
4130,kieming,15,eiwitten,1.1940041986235883e-06,13.638198026564881
4131,kieming,15,",",0.01922486536204815,3.951550766889431
4132,kieming,15,vetten,4.302878096495988e-06,12.356226434396168
4133,kieming,15,en,0.003730512224137783,5.591209729248589
4134,kieming,15,koolhydraten,0.0005223361076787114,7.557199292844308
4135,kieming,15,",",0.306567519903183,1.1823172545449145
4136,kieming,15,met,0.0057246326468884945,5.16297689808295
4137,kieming,15,name,1.0807956641656347e-05,11.43522796900425
4138,kieming,15,zetmeel,2.910347939177882e-05,10.444652824206564
4139,kieming,15,.,0.020710011944174767,3.8771380268401527
4140,kieming,16,"
",0.0038470053113996983,5.560460274552756
4141,kieming,16,de,0.001098350971005857,6.813945341245785
4142,kieming,16,kieming,3.900845968018984e-06,12.45431711347464
4143,kieming,16,wordt,4.3537551164263277e-07,14.647056933084059
4144,kieming,16,het,4.349171831563581e-07,14.648110207531577
4145,kieming,16,reservevoedsel,2.9727988248851034e-07,15.028591776609934
4146,kieming,16,uit,0.0004023084184154868,7.818291553511621
4147,kieming,16,de,0.010493217967450619,4.5570261383688555
4148,kieming,16,zaadlobben,0.00010592580656521022,9.15277164698727
4149,kieming,16,en,0.007520259823650122,4.890154590599958
4150,kieming,16,het,0.000127917475765571,8.96412522254782
4151,kieming,16,endosperm,1.231814280799881e-06,13.607022450320274
4152,kieming,16,"
",0.07546013593673706,2.5841507630066056
4153,kieming,16,verbruikt,0.00042851053876802325,7.755195225671067
4154,kieming,16,",",0.02328052558004856,3.760138079911177
4155,kieming,16,waarbij,0.001439453917555511,6.543491461237586
4156,kieming,16,het,8.10855271993205e-05,9.420006069003374
4157,kieming,16,zetmeel,1.349928970739711e-05,11.21287348817095
4158,kieming,16,wordt,3.3893942600116134e-05,10.292274243906178
4159,kieming,16,omgezet,9.764835704118013e-05,9.234137725758242
4160,kieming,16,in,0.001005977508611977,6.901795564799072
4161,kieming,16,de,0.07080089300870895,2.6478836652446494
4162,kieming,16,celbrandstof,1.7689693777356297e-05,10.942528360436683
4163,kieming,16,glucose,0.00019402966427151114,8.54749950197424
4164,kieming,16,.,0.04545113816857338,3.0911174164593644
4165,kieming,18,kieming,1.9937851902795956e-05,10.822890527278
4166,kieming,18,begint,1.0442269058330567e-06,13.772233749367372
4167,kieming,18,met,7.371166361735959e-07,14.120519699241113
4168,kieming,18,de,0.00030969787621870637,8.079913328552362
4169,kieming,18,imbibitie,1.1094271940237377e-05,11.40908162426124
4170,kieming,18,:,0.0015249401330947876,6.485800126680362
4171,kieming,19,opname,0.0002557568659540266,8.27128330714284
4172,kieming,19,van,3.873414698318811e-06,12.46137408897861
4173,kieming,19,water,3.338291435284191e-06,12.61005142818222
4174,kieming,19,.,0.07285027951002121,2.619348909560072
4175,kieming,20,"
",0.004881463013589382,5.322310306180805
4176,kieming,20,zwellen,6.086077701183967e-05,9.706921646376166
4177,kieming,20,de,0.0004684265877585858,7.666131164917025
4178,kieming,20,zaadlobben,1.2709446309600025e-05,11.273165037079247
4179,kieming,20,op,0.0014492205809801817,6.536729397429385
4180,kieming,20,.,0.023686205968260765,3.7428624269399795
4181,kieming,21,worteltje,2.7961868909187615e-05,10.484668800586885
4182,kieming,21,groeit,2.5160918539768318e-06,12.892803711852562
4183,kieming,21,naar,0.00010279729758622125,9.182751493360524
4184,kieming,21,buiten,0.00029537102091126144,8.127278293859794
4185,kieming,21,door,3.09795250359457e-05,10.382184054405354
4186,kieming,21,de,0.026048459112644196,3.6477966636783554
4187,kieming,21,"
",0.010971506126224995,4.5124537191122585
4188,kieming,21,kiemopening,1.5338946468546055e-05,11.085115443096429
4189,kieming,21,(,0.012436564080417156,4.387114429144542
4190,kieming,21,micropyle,2.6489773517823778e-05,10.538751804440372
4191,kieming,21,),0.12814049422740936,2.0546280058455846
4192,kieming,21,(,4.4693447307508904e-06,12.318268752757731
4193,kieming,21,op,0.0012790538603439927,6.661634645978895
4194,kieming,21,de,0.00023705411877017468,8.347222093655619
4195,kieming,21,foto,3.0694222914462443e-06,12.694021192755002
4196,kieming,21,zit,0.00018577971786726266,8.590948898644966
4197,kieming,21,in,8.943016291595995e-05,9.322052539892983
4198,kieming,21,het,4.5982971641933545e-05,9.987239411706435
4199,kieming,21,midden,1.3314353964233305e-05,11.226667859272155
4200,kieming,21,de,0.0022773256059736013,6.08475350433121
4201,kieming,21,ovale,0.00012329447781667113,9.000934935360824
4202,kieming,21,navel,8.388829155592248e-05,9.386024506602247
4203,kieming,21,;,0.00017434127221349627,8.654495845094768
4204,kieming,21,"
",0.08071153610944748,2.5168737633719163
4205,kieming,21,boven,0.004482481628656387,5.407578450952641
4206,kieming,21,de,0.002905722241848707,5.841073299321427
4207,kieming,21,navel,3.90575805795379e-05,10.150473575562234
4208,kieming,21,zit,0.000334457989083603,8.002999279456558
4209,kieming,21,de,0.00010524330718908459,9.159235677076094
4210,kieming,21,kiemopening,0.00042018675594590604,7.774811288503432
4211,kieming,21,en,0.0014494339702650905,6.536582164096456
4212,kieming,21,onder,0.00021748762810602784,8.433368591324529
4213,kieming,21,de,0.01655803993344307,4.10088349853736
4214,kieming,21,navel,1.1723238458216656e-05,11.353937493023995
4215,kieming,21,de,0.0038845755625516176,5.5507415514392395
4216,kieming,21,plaats,0.0004438619944266975,7.719996867210937
4217,kieming,21,waar,0.0010751191293820739,6.835323805512539
4218,kieming,21,de,0.031835030764341354,3.44718799914511
4219,kieming,21,"
",0.020326223224401474,3.8958434421168167
4220,kieming,21,vaatbundel,0.0007411735132336617,7.207275799170449
4221,kieming,21,eindigt,6.1044356698403135e-06,12.006494892046797
4222,kieming,21,",",0.030302731320261955,3.496517427946509
4223,kieming,21,chalaza,1.990825467146351e-06,13.126961197625535
4224,kieming,21,genoemd,1.1460146254194115e-07,15.981805270601123
4225,kieming,21,),0.00029825075762346387,8.117575956759923
4226,kieming,21,en,8.031821198528633e-05,9.429514163408001
4227,kieming,21,groeit,1.843710742832627e-05,10.901145216113896
4228,kieming,21,naar,0.4012775421142578,0.9131019661103852
4229,kieming,21,beneden,0.003649289719760418,5.613222727650166
4230,kieming,21,",",0.012927199713885784,4.348421682438965
4231,kieming,21,met,0.0018456510733813047,6.2949231784375
4232,kieming,21,de,0.004846635274589062,5.329470572610748
4233,kieming,21,"
",0.11266849935054779,2.1833054058745445
4234,kieming,21,zwaartekracht,3.3039648794641607e-09,19.528142611046306
4235,kieming,21,(,0.061643727123737335,2.786383804366371
4236,kieming,21,positieve,1.5918732970021665e-05,11.048013968025472
4237,kieming,21,geotropie,0.0011307764798402786,6.784850731936428
4238,kieming,21,genoemd,1.8676499848879757e-06,13.190829609971345
4239,kieming,21,),0.6494121551513672,0.4316877019779872
4240,kieming,21,mee,0.002150320215150714,6.142138510653219
4241,kieming,21,(,0.02193734236061573,3.8195649636227493
4242,kieming,21,op,0.03477886691689491,3.3587453491693586
4243,kieming,21,de,0.04875984787940979,3.020848094156341
4244,kieming,21,foto,5.360185605240986e-05,9.83392686264358
4245,kieming,21,met,2.0305147074850538e-07,15.409806339557868
4246,kieming,21,het,0.00014567110338248312,8.834159193997312
4247,kieming,21,"
",0.019490636885166168,3.937821088461104
4248,kieming,21,kiemworteltje,0.0002568687195889652,8.266945422301363
4249,kieming,21,is,0.0008887805743142962,7.025660175959726
4250,kieming,21,de,0.021229073405265808,3.852383649755698
4251,kieming,21,boon,0.009739172644913197,4.631599108989731
4252,kieming,21,ter,0.00022597874340135604,8.395069618861719
4253,kieming,21,vergelijking,1.2092244105588179e-05,11.322946293888256
4254,kieming,21,met,0.0002314837765879929,8.371000766427178
4255,kieming,21,de,0.14473482966423035,1.9328519717226689
4256,kieming,21,eerder,0.00040105724474415183,7.82140638587328
4257,kieming,21,gemaakte,0.002589863259345293,5.956150200284006
4258,kieming,21,foto,3.285696266175364e-06,12.625931975312973
4259,kieming,21,"
",0.233427956700325,1.4548817860957095
4260,kieming,21,een,8.584191527916119e-05,9.363003147691757
4261,kieming,21,kwartslag,0.00017269472300540656,8.663985129124418
4262,kieming,21,gedraaid,0.0025087185204029083,5.987983205853565
4263,kieming,21,),0.11386154592037201,2.172772078172381
4264,kieming,21,.,4.874099977314472e-05,9.928989997602852
4265,kieming,22,kiemwortel,1.9937851902795956e-05,10.822890527278
4266,kieming,22,groeit,3.518554649417638e-06,12.55746026363893
4267,kieming,22,",",0.10036081075668335,2.2989834790322563
4268,kieming,22,afhankelijk,6.873202096358e-07,14.190465554863257
4269,kieming,22,van,0.0004644532164093107,7.6746497229543555
4270,kieming,22,de,0.0008092386415228248,7.1194167010638685
4271,kieming,22,"
",0.010339916683733463,4.571743467600326
4272,kieming,22,plantensoort,1.1193764294148423e-05,11.400153694162354
4273,kieming,22,",",0.09305499494075775,2.3745646171545127
4274,kieming,22,meer,0.0023051269818097353,6.0726195143286805
4275,kieming,22,of,0.00026120906113646924,8.250189470748424
4276,kieming,22,minder,0.0005418290384113789,7.520560033567556
4277,kieming,22,uit,0.0003115430590696633,8.073972997926555
4278,kieming,22,tot,1.2537871953099966e-05,11.286756737870025
4279,kieming,22,een,1.3255881640361622e-05,11.231069206639559
4280,kieming,22,hoofdwortel,0.001125166192650795,6.789824527435576
4281,kieming,22,.,0.037918612360954285,3.272313196121578
4282,kieming,23,de,0.00015217234613373876,8.790496823304363
4283,kieming,23,hoofdwortel,8.225757483160123e-05,9.40565507734226
4284,kieming,23,"
",0.04729142412543297,3.051426308052937
4285,kieming,23,worden,1.4893963452777825e-05,11.11455456450065
4286,kieming,23,de,0.0018824981525540352,6.275155579669706
4287,kieming,23,zijwortels,5.1532268116716295e-05,9.87330238113158
4288,kieming,23,gevormd,0.00046781101264059544,7.667446162747562
4289,kieming,23,.,0.012071979232132435,4.416868277851698
4290,kieming,23,"

",7.509131137339864e-06,11.7993907929772
4291,kieming,24,stengelgedeelte,0.0003292692417744547,8.018634777820093
4292,kieming,24,onder,3.220719736418687e-05,10.343320609764003
4293,kieming,24,de,0.02549760974943638,3.669170566527406
4294,kieming,24,zaadlobben,4.21356235165149e-05,10.074617010783353
4295,kieming,24,groeit,2.097030846925918e-05,10.772403003131972
4296,kieming,24,naar,0.0004961887607350945,7.608554137638045
4297,kieming,24,boven,0.0008623766480013728,7.055818436096641
4298,kieming,24,",",0.03378422185778618,3.3877613944236145
4299,kieming,24,tegen,0.0006502249743789434,7.338192140529229
4300,kieming,24,de,0.02010101079940796,3.9069851766537735
4301,kieming,24,"
",0.0007607218576595187,7.181242762760677
4302,kieming,24,zwaartekracht,7.310446692443406e-10,21.03654655100833
4303,kieming,24,in,0.0025012390688061714,5.990969042368266
4304,kieming,24,(,0.0020531541667878628,6.188378050346365
4305,kieming,24,negatieve,0.0005524334264919162,7.501177626869732
4306,kieming,24,geotropie,0.0005801866063848138,7.452160771023232
4307,kieming,24,genoemd,7.407990096908179e-07,14.115536490425786
4308,kieming,24,),0.04608158394694328,3.077341889336673
4309,kieming,24,.,2.271368975925725e-05,10.692542742157384
4310,kieming,25,dieper,9.058513228410447e-08,16.216975740188275
4311,kieming,25,de,0.0022617036011070013,6.091636943867281
4312,kieming,25,boon,4.349692972027697e-05,10.042820203503661
4313,kieming,25,in,0.00029498152434825897,8.128597832913687
4314,kieming,25,de,0.0024028788320720196,6.031087747106268
4315,kieming,25,"
",0.004085141699761152,5.500398863447752
4316,kieming,25,grond,4.375952994450927e-05,10.036801141578504
4317,kieming,25,zit,6.138785101938993e-05,9.698298608522977
4318,kieming,25,des,4.5234333811094984e-05,10.003654161883732
4319,kieming,25,te,0.0013384026242420077,6.616278447562853
4320,kieming,25,langer,1.7148902770713903e-05,10.973576364783058
4321,kieming,25,wordt,2.2434775019064546e-05,10.70489834670943
4322,kieming,25,het,1.0065085916721728e-05,11.506437962721995
4323,kieming,25,stengeldeel,0.0035858801566064358,5.630751324155074
4324,kieming,25,.,0.00583508238196373,5.1438668947548125
4325,kieming,26,wordt,2.8312986160017317e-06,12.774775076647751
4326,kieming,26,"
",0.01210501417517662,4.4141355175744925
4327,kieming,26,etiolementsgroei,0.0003779970284085721,7.880624223728571
4328,kieming,26,genoemd,3.5816253074472115e-08,17.144864050071348
4329,kieming,26,.,0.1269317865371704,2.0641054507014256
4330,kieming,26,"

",1.015573798213154e-05,11.497471693772143
4331,kieming,27,een,5.640778795168444e-07,14.388073510731381
4332,kieming,27,plant,8.742439376874245e-07,13.949906395327885
4333,kieming,27,de,5.678220259142108e-05,9.776287615994809
4334,kieming,27,zwaartekracht,1.4563688921498397e-08,18.044734466275074
4335,kieming,27,wel,1.3018743629800156e-05,11.249120421246886
4336,kieming,27,of,0.0050003924407064915,5.298238881486771
4337,kieming,27,niet,0.002790268510580063,5.8816174474283915
4338,kieming,27,nodig,4.1430008423049e-05,10.09150509856702
4339,kieming,27,heeft,7.898980584286619e-06,11.74877684678139
4340,kieming,27,voor,0.001768147456459701,6.337822915269576
4341,kieming,27,zijn,0.01325331162661314,4.323507823694215
4342,kieming,27,"
",0.006777582690119743,4.994134775984252
4343,kieming,27,ontwikkeling,1.4464589185081422e-05,11.143807020556043
4344,kieming,27,is,0.0010083457455039024,6.899444166652557
4345,kieming,27,in,4.8140638682525605e-05,9.941383858507377
4346,kieming,27,april,8.289922698168084e-05,9.397884820574813
4347,kieming,27,2004,1.2172757124062628e-05,11.316310125755688
4348,kieming,27,door,7.44045537430793e-05,9.505993411774067
4349,kieming,27,astronaut,5.045667421654798e-06,12.19698061922097
4350,kieming,27,André,3.620161237449793e-08,17.13416217837461
4351,kieming,27,Kuipers,7.7004537160974e-05,9.471646213678058
4352,kieming,27,op,0.002594295423477888,5.9544403123412835
4353,kieming,27,zijn,0.0012485741171985865,6.685753085009613
4354,kieming,27,"
",0.28990665078163147,1.2381963016770083
4355,kieming,27,vlucht,1.4284250028140377e-05,11.156353024314951
4356,kieming,27,in,0.0018942944006994367,6.26890885770231
4357,kieming,27,de,0.012776346877217293,4.360159717747854
4358,kieming,27,ruimte,1.739962499414105e-05,10.959061904036899
4359,kieming,27,aan,0.00041145295836031437,7.795815861853787
4360,kieming,27,zaadjes,0.001092469203285873,6.819314820603868
4361,kieming,27,van,0.002139108022674918,6.147366348672725
4362,kieming,27,raketsla,2.612969183246605e-06,12.855023365124657
4363,kieming,27,(,1.736291051201988e-05,10.961174206562461
4364,kieming,27,zwaardherik,1.1163391988588955e-08,18.310625984544313
4365,kieming,27,",",0.015558837912976742,4.163126447276893
4366,kieming,27,rucola,0.0013911357382312417,6.577634787601732
4367,kieming,27,",",0.2012573778629303,1.603170703166959
4368,kieming,27,Eruca,7.710942736594006e-05,9.4702850103441
4369,kieming,27,"
",0.044469356536865234,3.1129549441647297
4370,kieming,27,sativa,0.04341524839401245,3.1369445540989913
4371,kieming,27,),0.1511457860469818,1.8895104374242868
4372,kieming,27,onderzocht,0.001722839311696589,6.363781586553485
4373,kieming,27,.,0.057250212877988815,2.8603239181618836
4374,kieming,28,26,3.0560164304915816e-05,10.39581321721065
4375,kieming,28,april,9.780437540030107e-05,9.23254124367984
4376,kieming,28,2004,5.273378519632388e-06,12.152839315499174
4377,kieming,28,is,5.810956281493418e-05,9.753180315310583
4378,kieming,28,bekend,7.014554626039171e-07,14.170108428223504
4379,kieming,28,geworden,0.00011307324166409671,9.08747479289508
4380,kieming,28,dat,0.00038049413706175983,7.874039789291732
4381,kieming,28,de,0.0038947793655097485,5.548118246832589
4382,kieming,28,"
",0.0035001046489924192,5.654962411221637
4383,kieming,28,kiemplantjes,2.4921124349930324e-05,10.59979474668681
4384,kieming,28,alle,0.00021735542395617813,8.433976645900984
4385,kieming,28,kanten,0.0192776620388031,3.948808260700313
4386,kieming,28,opgroeiden,0.006871514022350311,4.980370815317981
4387,kieming,28,",",0.012531830929219723,4.37948339710834
4388,kieming,28,dus,0.005053285975009203,5.2877165591799615
4389,kieming,28,de,0.017246680334210396,4.060135598418167
4390,kieming,28,zwaartekracht,3.046390517624786e-08,17.306723290991727
4391,kieming,28,nodig,8.271207479992881e-05,9.400144959338371
4392,kieming,28,hebben,0.005705004557967186,5.166411496725878
4393,kieming,28,"
",0.10546772927045822,2.2493502565503136
4394,kieming,28,voor,0.0035917037166655064,5.629128616168719
4395,kieming,28,het,0.00017682327597867697,8.64035976496292
4396,kieming,28,bepalen,0.0011717135785147548,6.749288004627472
4397,kieming,28,van,0.0006262208335101604,7.375807479887035
4398,kieming,28,de,0.03578106313943863,3.3303364881110586
4399,kieming,28,groeirichting,0.00044880289351567626,7.708926756549128
4400,kieming,28,.,0.16253164410591125,1.8168825632108927
4401,kieming,30,de,0.00021254847524687648,8.456340476806112
4402,kieming,30,sterke,5.009666438127169e-06,12.204141224300129
4403,kieming,30,groei,5.240378300186421e-07,14.461701960539216
4404,kieming,30,ontstaat,9.341410077468026e-06,11.58105334522698
4405,kieming,30,er,4.137995347264223e-05,10.092714010039916
4406,kieming,30,een,1.0040466804639436e-05,11.508886950295526
4407,kieming,30,bocht,0.00016551962471567094,8.70642079183459
4408,kieming,30,in,0.0007676811655983329,7.172136059975293
4409,kieming,30,de,0.011536777019500732,4.462215344648505
4410,kieming,30,stengel,0.0002137984411092475,8.450476850750483
4411,kieming,30,.,0.027093641459941864,3.608456211101457
4412,kieming,31,gebogen,2.395560841250699e-06,12.94189318280312
4413,kieming,31,"
",0.015763085335493088,4.150084443694256
4414,kieming,31,stengeldeel,8.543299190932885e-05,9.36777820964964
4415,kieming,31,",",0.02716687321662903,3.6057569443662336
4416,kieming,31,poortje,5.612429049506318e-06,12.090526946489158
4417,kieming,31,genoemd,4.778140691996668e-07,14.5540441566957
4418,kieming,31,",",0.07071803510189056,2.6490546452314607
4419,kieming,31,groeit,0.000590263691265136,7.434941186562228
4420,kieming,31,boven,0.007674064952880144,4.869908823174413
4421,kieming,31,de,0.011678377166390419,4.450016252468981
4422,kieming,31,grond,0.00024016363022383302,8.334190074337965
4423,kieming,31,uit,0.0001592379412613809,8.745110988442605
4424,kieming,31,.,0.03378759324550629,3.3876616076199673
4425,kieming,32,"
",0.021669559180736542,3.8318468060156494
4426,kieming,32,strekken,8.716338197700679e-05,9.34772624670159
4427,kieming,32,onder,3.5867011320078745e-05,10.235692589654994
4428,kieming,32,invloed,1.6957103525783168e-06,13.287408817857465
4429,kieming,32,van,0.00019634590717032552,8.53563262171913
4430,kieming,32,het,4.919254206470214e-05,9.919768530006804
4431,kieming,32,licht,6.599326752620982e-06,11.92854292131362
4432,kieming,32,(,0.00182968785520643,6.30360989760313
4433,kieming,32,fototropie,1.3852697520633228e-05,11.1870305774628
4434,kieming,32,genoemd,1.97890039999038e-06,13.132969221063938
4435,kieming,32,),0.07612147182226181,2.5754249011885455
4436,kieming,32,de,0.004080059472471476,5.501643714086158
4437,kieming,32,cellen,9.925925951392855e-06,11.520360440892048
4438,kieming,32,aan,2.3094247808330692e-05,10.675926984071696
4439,kieming,32,"
",0.09231440722942352,2.3825550583279487
4440,kieming,32,de,0.015648651868104935,4.157370508319566
4441,kieming,32,binnenkant,1.9613451513578184e-05,10.839294925411954
4442,kieming,32,van,6.487853534054011e-05,9.64299372331113
4443,kieming,32,het,0.00012857977708335966,8.958961012932749
4444,kieming,32,poortje,2.5361850930494256e-05,10.582264444840385
4445,kieming,32,meer,4.866623203270137e-05,9.930525155798831
4446,kieming,32,dan,0.00010788487270474434,9.134445892889788
4447,kieming,32,aan,1.0683463187888265e-05,11.446813508467038
4448,kieming,32,de,0.03291907161474228,3.413703104824203
4449,kieming,32,buitenkant,0.0006408103508874774,7.3527770092702385
4450,kieming,32,",",0.001973161706700921,6.228118095492314
4451,kieming,32,waardoor,0.0019102704245597124,6.260510463406486
4452,kieming,32,de,0.09274984896183014,2.3778492059397984
4453,kieming,32,"
",0.18343812227249146,1.6958778766793208
4454,kieming,32,beide,0.004220824223011732,5.467724856495527
4455,kieming,32,zaadlobben,0.000237269327044487,8.346314661012435
4456,kieming,32,en,0.014415240846574306,4.239469239979021
4457,kieming,32,het,9.586883243173361e-05,9.252529629610908
4458,kieming,32,pluimpje,0.002272084355354309,6.087057650575536
4459,kieming,32,uit,0.0002718971227295697,8.210086788472426
4460,kieming,32,de,0.0009687370038591325,6.939517392757923
4461,kieming,32,zaadhuid,0.00026724993949756026,8.227326234448068
4462,kieming,32,getrokken,0.00010009257675847039,9.209415032649998
4463,kieming,32,worden,6.6374636844557244e-06,11.922780642679625
4464,kieming,32,.,0.0629403293132782,2.7655681551816453
4465,kieming,33,"
",0.00012479235010687262,8.98885940112827
4466,kieming,33,de,0.0008215973502956331,7.104260124409127
4467,kieming,33,ontplooiing,4.728976637125015e-05,9.9592166416622
4468,kieming,33,van,9.980214963434264e-05,9.212320835456556
4469,kieming,33,het,0.00012108385999454185,9.019027194615056
4470,kieming,33,pluimpje,0.0006340161780826747,7.363436086372054
4471,kieming,33,ontvouwen,0.0002599450235720724,8.255040397106706
4472,kieming,33,de,0.009502743370831013,4.656174746186421
4473,kieming,33,eerste,0.008958959951996803,4.7151011355188
4474,kieming,33,twee,4.7497242121608e-06,12.257424002201033
4475,kieming,33,ware,3.741370392162935e-06,12.496058598634594
4476,kieming,33,bladeren,3.365801603649743e-05,10.299259312219247
4477,kieming,33,"
",0.1684725135564804,1.78098266678982
4478,kieming,33,zich,0.0008576526306569576,7.0613113998281705
4479,kieming,33,.,0.0031922184862196445,5.747039153673238
4480,kieming,34,bladeren,1.2737246834149119e-05,11.270980035244033
4481,kieming,34,zijn,0.0003132520942017436,8.068502278809826
4482,kieming,34,bij,0.0002151830558432266,8.444021469564529
4483,kieming,34,de,0.019985085353255272,3.9127690159620574
4484,kieming,34,boon,0.0009270193986594677,6.983536066339627
4485,kieming,34,enkelvoudig,0.0024762554094195366,6.001007775433138
4486,kieming,34,",",0.029667207971215248,3.5177129518638286
4487,kieming,34,de,0.002942000748589635,5.8286654023536935
4488,kieming,34,later,2.8862521617156744e-07,15.058136820301682
4489,kieming,34,gevormde,0.0002515568339731544,8.287841613941575
4490,kieming,34,"
",0.0013109348947182298,6.637014736213094
4491,kieming,34,bladeren,0.00036466235178522766,7.916538696119288
4492,kieming,34,zijn,0.00790582038462162,4.840156033234729
4493,kieming,34,drietallig,0.0038131289184093475,5.569305188447645
4494,kieming,34,.,0.04828159138560295,3.0307049217052455
4495,kieming,36,de,0.0003194647724740207,8.048863548522853
4496,kieming,36,eerste,0.0003117088053841144,8.073441122041984
4497,kieming,36,ontwikkeling,1.9244305804022588e-05,10.858295343377074
4498,kieming,36,wordt,7.088215170369949e-06,11.857076988128755
4499,kieming,36,al,4.8710417104302905e-06,12.23220274016477
4500,kieming,36,het,2.0750581825268455e-05,10.7829362719087
4501,kieming,36,reservevoedsel,7.011429943304393e-07,14.17055398450813
4502,kieming,36,uit,0.0015042894519865513,6.499434617193242
4503,kieming,36,de,0.00750314723700285,4.892432714860209
4504,kieming,36,"
",0.0020477494690567255,6.191013908849893
4505,kieming,36,zaadlobben,3.7653458093700465e-06,12.489670852491967
4506,kieming,36,verbruikt,0.0010701522696763277,6.839954332524443
4507,kieming,36,",",0.037206828594207764,3.2912629701884883
4508,kieming,36,die,0.000601349922362715,7.416333559312646
4509,kieming,36,daardoor,9.734696504892781e-05,9.237229002297903
4510,kieming,36,verschrompelen,0.0002641780592966825,8.238887215135737
4511,kieming,36,en,0.0005808515124954283,7.451015406073553
4512,kieming,36,ten,8.815637556836009e-05,9.336398325378926
4513,kieming,36,slotte,7.229618495330215e-05,9.534739197089396
4514,kieming,36,"
",0.031498655676841736,3.4578104109868946
4515,kieming,36,afvallen,0.0005119822453707457,7.5772206105362905
4516,kieming,36,.,0.11631117016077042,2.1514861779753205
4517,kieming,36,"

",0.0004776458954438567,7.646640904514831
4518,kieming,37,tweezaadlobbigen,0.0006794973160140216,7.2941572743234495
4519,kieming,37,kunnen,4.96430311613949e-06,12.213237629605537
4520,kieming,37,afhankelijk,0.000247764284722507,8.303032728606004
4521,kieming,37,van,0.0005246351938694715,7.552807405725939
4522,kieming,37,de,0.0008316934108734131,7.09204668160098
4523,kieming,37,soort,1.1663705663522705e-06,13.661613710619237
4524,kieming,37,de,0.006395759992301464,5.052120009370303
4525,kieming,37,zaadlobben,0.0003258725337218493,8.029004253911554
4526,kieming,37,boven,0.006439970340579748,5.0452313443765195
4527,kieming,37,"
",0.010291478596627712,4.576439046880959
4528,kieming,37,de,0.0006297992658801377,7.370109414937696
4529,kieming,37,grond,0.0008181662415154278,7.108445012773326
4530,kieming,37,komen,0.002888158895075321,5.847136040394648
4531,kieming,37,zoals,0.004672645591199398,5.366029859954793
4532,kieming,37,bij,0.00831138901412487,4.790128534368553
4533,kieming,37,de,0.00657581677660346,5.02435648405507
4534,kieming,37,boon,0.018489575013518333,3.990548218513651
4535,kieming,37,(,0.002108990913257003,6.16154568605002
4536,kieming,37,epigeïsche,0.0002875356294680387,8.1541637768209
4537,kieming,37,kieming,8.277966117020696e-05,9.399328164788004
4538,kieming,37,),0.0985962450504303,2.3167221007515466
4539,kieming,37,",",1.2730679372907616e-05,11.27149577895506
4540,kieming,37,of,0.0004097046912647784,7.800073922989384
4541,kieming,37,in,0.0006129382527433336,7.39724635672099
4542,kieming,37,de,0.22673185169696808,1.483987229807553
4543,kieming,37,grond,0.06879118084907532,2.6766797275924885
4544,kieming,37,"
",0.001631308114156127,6.418373061991522
4545,kieming,37,blijven,0.03150302916765213,3.457671573721567
4546,kieming,37,zitten,0.006832548417150974,4.986057553886248
4547,kieming,37,zoals,0.008825900964438915,4.730064589086144
4548,kieming,37,bij,0.8091700077056885,0.21174623850582844
4549,kieming,37,de,0.8081379532814026,0.21302250077531493
4550,kieming,37,erwt,9.33791307033971e-06,11.581427770696415
4551,kieming,37,en,0.0008038386586122215,7.1261119822907855
4552,kieming,37,de,0.01534977462142706,4.17665448769991
4553,kieming,37,tuinboon,8.475008144159801e-06,11.678388943735413
4554,kieming,37,(,0.5346574187278748,0.6261290760170014
4555,kieming,37,hypogeïsche,2.393005161138717e-05,10.640375499281287
4556,kieming,37,kieming,0.00014273522538132966,8.854519214740304
4557,kieming,37,),0.06949982047080994,2.6664311095685407
4558,kieming,37,.,1.884930156847986e-06,13.181619789820779
4559,kieming,37,"

",0.0045559220016002655,5.391327353473454
4560,kieming,38,of,4.6371038479264826e-05,9.978835464313194
4561,kieming,38,monocotylen,4.3887775973416865e-05,10.033874728288597
4562,kieming,38,"

",0.00012991709809284657,8.948614017908376
4563,kieming,39,voorbeeld,2.0625464458134957e-05,10.788984106814782
4564,kieming,39,van,7.986320997588336e-05,9.435195262097135
4565,kieming,39,de,0.00018225974054075778,8.610077742463872
4566,kieming,39,kieming,3.5626255794340977e-06,12.545012762623319
4567,kieming,39,van,0.00044181462726555765,7.724620159184186
4568,kieming,39,eenzaadlobbige,0.00012164506188128144,9.014403082396456
4569,kieming,39,zaden,4.09884778491687e-05,10.10221955882481
4570,kieming,39,wordt,4.839649591303896e-06,12.238668238347561
4571,kieming,39,de,0.013208717107772827,4.326878280396835
4572,kieming,39,"
",0.003105781739577651,5.774489827305015
4573,kieming,39,maïskorrel,0.0001212378338095732,9.017756372895908
4574,kieming,39,gebruikt,0.00020471807511057705,8.49387676870395
4575,kieming,39,.,0.0618046335875988,2.783776940183526
4576,kieming,40,zaad,0.00010320523142581806,9.178791014090974
4577,kieming,40,wordt,1.006565867101017e-06,13.808966152278009
4578,kieming,40,omgeven,0.0004093088791705668,7.801040481149871
4579,kieming,40,door,7.274551171576604e-05,9.52854334844451
4580,kieming,40,de,0.0027398578822612762,5.899849227715194
4581,kieming,40,zaadhuid,0.0006607021205127239,7.322207469439527
4582,kieming,40,.,0.00656732264906168,5.025649041099362
4583,kieming,41,het,5.422154572443105e-06,12.125017298912912
4584,kieming,41,"
",0.0022463486529886723,6.098449201859887
4585,kieming,41,zaad,5.2275595407991204e-06,12.161566015789957
4586,kieming,41,zit,0.0017625883920118213,6.340971873039326
4587,kieming,41,al,4.401084515848197e-05,10.031074473542843
4588,kieming,41,een,3.6494977848633425e-06,12.520920993024811
4589,kieming,41,compleet,6.628173423450789e-07,14.226766386460088
4590,kieming,41,plantje,8.890728167898487e-06,11.630501603142793
4591,kieming,41,(,0.00750666344538331,4.891964193501854
4592,kieming,41,kiem,0.0001652532519074157,8.708031400712542
4593,kieming,41,),0.08682550489902496,2.4438548652347296
4594,kieming,41,met,7.9604476923123e-05,9.438440223942699
4595,kieming,41,wortel,4.932696811010828e-06,12.219624698981832
4596,kieming,41,",",0.020172476768493652,3.9034361398846773
4597,kieming,41,stengel,0.0014849938452243805,6.51234465136611
4598,kieming,41,",",0.14290067553520203,1.9456054667292735
4599,kieming,41,kiemblad,0.00039716274477541447,7.831164424816078
4600,kieming,41,"
",0.04861105605959892,3.0239042830095793
4601,kieming,41,(,0.0003545965882949531,7.944529785648079
4602,kieming,41,schildje,0.006698583718389273,5.005859160245275
4603,kieming,41,of,0.0002908185706473887,8.142810953795804
4604,kieming,41,scutellum,0.00019468968093860894,8.54410364679236
4605,kieming,41,),0.20371364057064056,1.5910399939725126
4606,kieming,41,en,0.00763680599629879,4.874775826528214
4607,kieming,41,pluimpje,0.001622128183953464,6.424016298080131
4608,kieming,41,.,0.028052955865859985,3.5736612741033205
4609,kieming,42,zaad,0.00010320523142581806,9.178791014090974
4610,kieming,42,bestaat,0.00016811999375931919,8.690832584947755
4611,kieming,42,voor,2.9268119760672562e-05,10.439011697086965
4612,kieming,42,het,0.00014549001934938133,8.835403069242407
4613,kieming,42,grootste,3.211755756638013e-05,10.346107712674225
4614,kieming,42,"
",0.005617625080049038,5.181846288011326
4615,kieming,42,deel,0.00043599490891210735,7.737879991490508
4616,kieming,42,uit,0.0008868015720508993,7.027889307500528
4617,kieming,42,endosperm,4.794883921022119e-07,14.550546151253355
4618,kieming,42,met,0.00034149730345234275,7.982170775171009
4619,kieming,42,daarin,0.0009427694603800774,6.966688779896104
4620,kieming,42,het,0.00031416802085004747,8.065582616921478
4621,kieming,42,reservevoedsel,3.6510542145151703e-07,14.823079699171522
4622,kieming,42,.,0.007734847255051136,4.862019542398223
4623,kieming,43,reservevoedsel,3.738668965524994e-07,14.799365994447172
4624,kieming,43,"
",0.004911813884973526,5.316111978722088
4625,kieming,43,bestaat,0.0001338212750852108,8.919005416294432
4626,kieming,43,vooral,0.004138474352657795,5.487428072913604
4627,kieming,43,uit,0.0009135103900916874,6.998215808273635
4628,kieming,43,eiwitten,2.503680605059344e-07,15.200333759746195
4629,kieming,43,",",0.010064033791422844,4.598787221376386
4630,kieming,43,vetten,2.20172296394594e-06,13.026270338684053
4631,kieming,43,en,0.005990629084408283,5.117558849930471
4632,kieming,43,koolhydraten,0.00025251295301131904,8.284048011509881
4633,kieming,43,onder,3.2136176741914824e-05,10.345528161111774
4634,kieming,43,andere,0.000441291049355641,7.725805924342592
4635,kieming,43,"
",0.07995852082967758,2.5262472683995134
4636,kieming,43,zetmeel,2.746715472312644e-05,10.50251964082896
4637,kieming,43,.,0.011314245872199535,4.481692650619776
4638,kieming,44,de,0.0003194647724740207,8.048863548522853
4639,kieming,44,kieming,5.5992153647821397e-05,9.79029899047769
4640,kieming,44,wordt,1.000095039671578e-06,13.81541552280868
4641,kieming,44,het,1.3843335864294204e-06,13.490291699154923
4642,kieming,44,reservevoedsel,4.0225901898338634e-07,14.726169629986837
4643,kieming,44,uit,0.000436373520642519,7.737011982650763
4644,kieming,44,het,0.0002766860125120729,8.192627223543928
4645,kieming,44,endosperm,2.8765907700289972e-06,12.75890472542079
4646,kieming,44,"
",0.00314766145311296,5.761095497694007
4647,kieming,44,verbruikt,4.9467969802208245e-05,9.914185172535683
4648,kieming,44,en,6.31267175776884e-05,9.670366461587413
4649,kieming,44,het,0.0001500232028774917,8.804720589980697
4650,kieming,44,zetmeel,1.2214240086905193e-05,11.312908066658864
4651,kieming,44,omgezet,0.0010512388544157147,6.857785948953806
4652,kieming,44,in,0.0012729844311252236,6.666391189548251
4653,kieming,44,glucose,0.00011040839308407158,9.111324402698738
4654,kieming,44,.,0.05596689134836197,2.882994989012059
4655,kieming,45,schildje,9.777570994629059e-06,11.535419469322488
4656,kieming,45,zorgt,9.855037205852568e-05,9.224942749045166
4657,kieming,45,voor,0.0002359992649871856,8.351681867404592
4658,kieming,45,het,0.00015521564637310803,8.770695141036855
4659,kieming,45,"
",0.015823347494006157,4.146268740163922
4660,kieming,45,transport,1.13716578198364e-06,13.686971547330643
4661,kieming,45,van,0.0001418043248122558,8.861062444950132
4662,kieming,45,het,0.0002535500971134752,8.279949132708232
4663,kieming,45,reservevoedsel,6.70400538638205e-07,14.215390484320917
4664,kieming,45,uit,0.0015111808897927403,6.494863887573753
4665,kieming,45,het,0.0002646891225595027,8.236954543041756
4666,kieming,45,endosperm,2.3009718006505864e-06,12.98217900224447
4667,kieming,45,naar,0.00043378211557865143,7.742968187764267
4668,kieming,45,de,0.01415941584855318,4.2573754452007675
4669,kieming,45,kiemplant,0.0001328097569057718,8.926592852944786
4670,kieming,45,.,0.014471109956502914,4.2356010338512435
4671,kieming,46,"
",0.0009425962925888598,6.966872476657787
4672,kieming,46,kieming,2.0704444978036918e-05,10.785162147506334
4673,kieming,46,begint,5.823583819619671e-07,14.356179802160616
4674,kieming,46,met,3.84463555747061e-06,12.468831742991595
4675,kieming,46,de,0.0006006890907883644,7.417433077104824
4676,kieming,46,opname,0.0003385226591490209,7.990919527973379
4677,kieming,46,van,0.00026614085072651505,8.231484875316193
4678,kieming,46,water,5.722514288208913e-06,12.071102288275465
4679,kieming,46,.,0.029330477118492126,3.5291281288733956
4680,kieming,47,zwelt,0.0010693087242543697,6.840742891388627
4681,kieming,47,de,0.0011444130213931203,6.772863418494855
4682,kieming,47,maïskorrel,0.00025137601187452674,8.288560684520926
4683,kieming,47,op,0.0006897139246575534,7.2792336482896935
4684,kieming,47,.,0.01969991996884346,3.927140705741702
4685,kieming,47,"
",5.993853733343713e-07,14.327361084539813
4686,kieming,48,coleorhiza,0.00023933146439958364,8.337661086530039
4687,kieming,48,komt,1.1292468826695767e-07,15.996544715941255
4688,kieming,48,als,0.0001771556562744081,8.638481797868657
4689,kieming,48,eerste,0.00016883932403288782,8.686563040653775
4690,kieming,48,door,1.1929578249691986e-05,11.336489674558814
4691,kieming,48,de,0.0024123627226799726,6.027148628886216
4692,kieming,48,kiempore,6.882797606522217e-05,9.58390026682111
4693,kieming,48,uit,7.785680281813256e-06,11.763224372833454
4694,kieming,48,het,0.00017746664525475353,8.636727880764589
4695,kieming,48,zaad,3.90808199881576e-05,10.149878748713052
4696,kieming,48,tevoorschijn,0.0004716126131825149,7.659352644148715
4697,kieming,48,"
",0.0025255088694393635,5.981312704108517
4698,kieming,48,en,0.0002249212411697954,8.399760256283244
4699,kieming,48,groeit,8.615915589871292e-07,13.96448450805667
4700,kieming,48,naar,0.0011509604519233108,6.767158509586558
4701,kieming,48,beneden,0.0001560511882416904,8.765326474783105
4702,kieming,48,",",0.016531845554709435,4.102466724578719
4703,kieming,48,met,0.00018166900554206222,8.613324177508554
4704,kieming,48,de,0.006117950193583965,5.096528174250283
4705,kieming,48,zwaartekracht,1.0203879696746299e-07,16.097912733555482
4706,kieming,48,mee,0.000742205826099962,7.205883959597686
4707,kieming,48,(,0.002229144563898444,6.106137370737789
4708,kieming,48,positieve,7.362820269918302e-06,11.81906750977399
4709,kieming,48,gravitropie,5.498130121850409e-06,12.111102501376799
4710,kieming,48,"
",0.020033452659845352,3.9103517697285537
4711,kieming,48,genoemd,3.6176456887915265e-06,12.529687105916123
4712,kieming,48,),0.019965147599577904,3.913767145577781
4713,kieming,48,.,2.5569277568138205e-05,10.574119022164012
4714,kieming,49,de,0.0003194647724740207,8.048863548522853
4715,kieming,49,kieming,5.5992153647821397e-05,9.79029899047769
4716,kieming,49,groeit,1.8783713358061505e-06,13.185105467327837
4717,kieming,49,de,0.0056151156313717365,5.182293097705152
4718,kieming,49,coleorhiza,3.003851634275634e-05,10.413030121676973
4719,kieming,49,in,0.0006434445385821164,7.348674721771995
4720,kieming,49,het,0.0006315709324553609,7.367300298720111
4721,kieming,49,begin,4.515951331995893e-06,12.30789468852946
4722,kieming,49,door,3.9727769944875035e-06,12.436045212964535
4723,kieming,49,"
",0.0014816479524597526,6.514600329274997
4724,kieming,49,celstrekking,1.694674756436143e-05,10.985434626658396
4725,kieming,49,mee,0.0009617651230655611,6.946740291926711
4726,kieming,49,",",0.008932449854910374,4.718064581862442
4727,kieming,49,maar,0.001212296774610877,6.7152385577688705
4728,kieming,49,wordt,8.495525435137097e-06,11.675970952470974
4729,kieming,49,uiteindelijk,6.389521331584547e-06,11.960851201365852
4730,kieming,49,door,0.00022040853218641132,8.420027769155272
4731,kieming,49,de,0.013799247331917286,4.283141229471815
4732,kieming,49,wortel,4.049763902003178e-06,12.416851974346777
4733,kieming,49,doorboort,8.885640272637829e-05,9.328488943761002
4734,kieming,49,en,0.017282892018556595,4.058038167424727
4735,kieming,49,"
",0.15720973908901215,1.8501744474136255
4736,kieming,49,blijft,0.006229711230844259,5.0784252986463985
4737,kieming,49,dan,4.8426794819533825e-05,9.935457285454422
4738,kieming,49,achter,0.0009329012827947736,6.977211168936911
4739,kieming,49,als,0.00023409398272633553,8.359787887657923
4740,kieming,49,een,8.209943916881457e-05,9.407579372603346
4741,kieming,49,kraagje,6.582034529856173e-06,11.93116666135294
4742,kieming,49,om,0.0014431390445679426,6.5409346458505935
4743,kieming,49,de,0.0033067911863327026,5.7117769899054105
4744,kieming,49,wortelvoet,1.245291787199676e-05,11.29355559528461
4745,kieming,49,.,0.01543853897601366,4.170888364768672
4746,kieming,51,kiemwortel,1.9937851902795956e-05,10.822890527278
4747,kieming,51,groeit,3.518554649417638e-06,12.55746026363893
4748,kieming,51,bij,0.0010011675767600536,6.906588383309733
4749,kieming,51,eenzaadlobbigen,6.330668384180171e-06,11.970104737464533
4750,kieming,51,niet,0.0007170979515649378,7.240298113634088
4751,kieming,51,uit,3.865917824441567e-05,10.160726340374417
4752,kieming,51,tot,1.7875903722597286e-05,10.93205691275467
4753,kieming,51,een,2.523790863051545e-05,10.5871633830541
4754,kieming,51,hoofdwortel,0.0007570658344775438,7.18606034070255
4755,kieming,51,",",0.013913153670728207,4.274920579065288
4756,kieming,51,"
",1.6773938114056364e-05,10.995684178805762
4757,kieming,51,maar,0.000551129225641489,7.503541247014157
4758,kieming,51,sterft,6.496292917290702e-05,9.641693771180002
4759,kieming,51,al,0.014585577882826328,4.22772205472462
4760,kieming,51,snel,7.55230257709627e-06,11.793658064100558
4761,kieming,51,af,3.4565837268019095e-05,10.27264472585972
4762,kieming,51,",",0.01406294759362936,4.264211770643716
4763,kieming,51,waarna,0.0008774972520768642,7.038436734165494
4764,kieming,51,er,0.0024342667311429977,6.018109704906066
4765,kieming,51,kroonwortels,0.0020272245164960623,6.201087654697806
4766,kieming,51,(,0.0003495556302368641,7.958847838035829
4767,kieming,51,adventieve,0.0015078491996973753,6.497071014597406
4768,kieming,51,wortels,2.4553706680308096e-05,10.614647730179557
4769,kieming,51,),0.12764039635658264,2.0585383723075434
4770,kieming,51,"
",2.9642044410138624e-06,12.728901878208045
4771,kieming,51,gevormd,0.0024816947989165783,5.998813565547669
4772,kieming,51,worden,2.199049231421668e-05,10.724900365552866
4773,kieming,51,.,0.024495182558894157,3.709278811014936
4774,kieming,52,de,0.00015217234613373876,8.790496823304363
4775,kieming,52,kroonwortels,5.03598312207032e-05,9.896316700249201
4776,kieming,52,worden,4.787181751453318e-05,9.946983587565276
4777,kieming,52,de,0.0010881174821406603,6.823306156469101
4778,kieming,52,zijwortels,9.907378989737481e-05,9.219645632968172
4779,kieming,52,gevormd,0.0027106546331197023,5.910565111225148
4780,kieming,52,.,0.02561037801206112,3.6647576185492525
4781,kieming,53,"
",0.0024448230396956205,6.013782535077209
4782,kieming,53,onderste,2.224351874247077e-06,13.016044977253188
4783,kieming,53,stengeldeel,2.987202663007338e-07,15.023758265680666
4784,kieming,53,",",0.008383121341466904,4.781534958724398
4785,kieming,53,de,0.02099449932575226,3.8634948124391078
4786,kieming,53,halmheffer,0.00027911263168789446,8.183895159800871
4787,kieming,53,",",0.09178219735622406,2.3883369287437084
4788,kieming,53,zorgt,0.0012366382870823145,6.695358639745181
4789,kieming,53,ervoor,1.2871866772456997e-07,15.86563668449787
4790,kieming,53,dat,0.00016469770343974233,8.711398864777458
4791,kieming,53,de,0.011823078617453575,4.437701842588162
4792,kieming,53,kiemplant,5.4901218391023576e-05,9.809975016780228
4793,kieming,53,op,0.0016458268510177732,6.409512376052875
4794,kieming,53,de,0.0007148493314161897,7.243438762768003
4795,kieming,53,"
",0.03688225895166397,3.3000246307686676
4796,kieming,53,goede,0.00036986146005801857,7.902382054718897
4797,kieming,53,hoogte,0.002535974606871605,5.977177255520536
4798,kieming,53,boven,0.0012658672640100121,6.671997807510502
4799,kieming,53,de,0.03828004002571106,3.262826666794193
4800,kieming,53,grond,0.0005053867935203016,7.59018649409892
4801,kieming,53,komt,2.451192995067686e-05,10.616350622166506
4802,kieming,53,.,0.1045432835817337,2.258154096378761
4803,kieming,54,dieper,2.289910526087624e-06,12.986997812738897
4804,kieming,54,zaaien,6.811367347836494e-05,9.594332579671773
4805,kieming,54,wordt,2.5227342348443926e-07,15.192752323809918
4806,kieming,54,de,0.0005048222374171019,7.591304195771907
4807,kieming,54,halmheffer,0.00016783515457063913,8.692528283069054
4808,kieming,54,"
",0.01386934146285057,4.278074525029107
4809,kieming,54,langer,0.00013354991097003222,8.921035285049992
4810,kieming,54,.,0.012890059500932693,4.351298845987956
4811,kieming,55,eerste,1.1268760317761917e-05,11.393476234386824
4812,kieming,55,komt,6.867430784041062e-07,14.191305590792687
4813,kieming,55,het,1.0931061069641146e-06,13.726487274832007
4814,kieming,55,coleoptyl,5.697901883650047e-07,14.377997634467496
4815,kieming,55,",",0.00789072085171938,4.842067785595596
4816,kieming,55,een,4.469474788493244e-06,12.318239653223484
4817,kieming,55,soort,0.00014084526628721505,8.867848672391148
4818,kieming,55,buisje,0.0018643646035343409,6.284834979091987
4819,kieming,55,",",0.21909239888191223,1.518261725442978
4820,kieming,55,boven,0.011378565803170204,4.476023886067059
4821,kieming,55,de,0.006654787342995405,5.01241878211663
4822,kieming,55,grond,0.000619608792476356,7.386422258953563
4823,kieming,55,.,0.03458331897854805,3.3643838236176538
4824,kieming,55,"
",4.200365765427705e-06,12.380338949460208
4825,kieming,56,zit,0.00015411461936309934,8.777813950812256
4826,kieming,56,het,3.339843260619091e-06,12.609586680035171
4827,kieming,56,eerste,1.4284267990660737e-06,13.45893685980447
4828,kieming,56,blaadje,4.970208010490751e-06,12.212048865514104
4829,kieming,56,.,0.02815350703895092,3.5700833481794345
4830,kieming,57,eerste,2.7484802558319643e-06,12.804462433287302
4831,kieming,57,blaadje,5.520931267710694e-07,14.409549096980292
4832,kieming,57,heeft,3.665682243081392e-06,12.516496089040615
4833,kieming,57,een,2.7506153855938464e-05,10.501100801746412
4834,kieming,57,afwijkende,8.107040048344061e-05,9.420192639005963
4835,kieming,57,"
",0.0034345178864896297,5.673878716436396
4836,kieming,57,vorm,0.0003997126186732203,7.824764722384509
4837,kieming,57,ten,6.418112752726302e-05,9.653801354233968
4838,kieming,57,opzichte,0.0020465925335884094,6.191579047520947
4839,kieming,57,van,0.0005636175628751516,7.481134616475039
4840,kieming,57,de,0.0019058528123423457,6.262825700057109
4841,kieming,57,volgende,0.00037322824937291443,7.893320396858716
4842,kieming,57,bladeren,0.001336683169938624,6.617563979820488
4843,kieming,57,.,0.06430459022521973,2.7441242626470417
4844,kieming,58,is,0.0007003467180766165,7.2639350340091156
4845,kieming,58,ovaal,0.00022632424952462316,8.393541854527308
4846,kieming,58,tot,6.453404694184428e-06,11.950902706861967
4847,kieming,58,omgekeerd,0.005139677319675684,5.270764979758915
4848,kieming,58,"
",0.013633114285767078,4.295253571789217
4849,kieming,58,eirond,9.268194389733253e-08,16.19409216331073
4850,kieming,58,;,0.0004242156574036926,7.765268606086547
4851,kieming,59,volgende,0.00021434598602354527,8.447919091367867
4852,kieming,59,bladeren,3.407589247217402e-05,10.286920389318238
4853,kieming,59,die,2.859895403162227e-06,12.764725506122197
4854,kieming,59,tevoorschijn,6.426681648008525e-05,9.652467133336996
4855,kieming,59,komen,0.0014303344069048762,6.5498470110667695
4856,kieming,59,zijn,0.0024236440658569336,6.02248305907452
4857,kieming,59,lijnvormig,0.00020073485211469233,8.513525664449181
4858,kieming,59,.,0.00591092836111784,5.1309523768009235
4859,kieming,60,"
",0.0011912796180695295,6.732727240287498
4860,kieming,60,de,0.0001661879796301946,8.702391002886557
4861,kieming,60,laatste,0.00013032677816227078,8.945465583342022
4862,kieming,60,twee,3.856380317301955e-06,12.4657815560739
4863,kieming,60,foto's,6.1767190345563e-05,9.692138235035461
4864,kieming,60,in,0.0003831135400105268,7.867179163602337
4865,kieming,60,onderstaande,0.0007643582648597658,7.176473945649981
4866,kieming,60,galerij,9.810470146476291e-06,11.532060360308439
4867,kieming,60,is,0.0006411703070625663,7.352215446687658
4868,kieming,60,het,4.155778151471168e-05,10.088425773458516
4869,kieming,60,coleoptyl,4.167990027781343e-06,12.388076646082927
4870,kieming,60,als,2.4705936084501445e-05,10.608467015896574
4871,kieming,60,een,9.443044837098569e-05,9.26764699051688
4872,kieming,60,"
",0.179322749376297,1.7185680275778998
4873,kieming,60,doorschijnend,0.000811795296613127,7.116262347351665
4874,kieming,60,kokertje,4.322435052017681e-05,10.049106552067624
4875,kieming,60,onderaan,0.0009453351376578212,6.9639710503173555
4876,kieming,60,de,0.015467949211597443,4.168985188692345
4877,kieming,60,plant,4.892075594398193e-05,9.925308794607663
4878,kieming,60,nog,0.00032155189546756446,8.042351610617494
4879,kieming,60,te,0.004770153667777777,5.345376759133755
4880,kieming,60,zien,0.001027571503072977,6.8805570246496845
4881,kieming,60,.,0.009954105131328106,4.609770236884842
4882,kieming,61,komt,6.913171819178388e-05,9.579496913813092
4883,kieming,61,"
",0.017735309898853302,4.032197717052251
4884,kieming,61,door,4.077483026776463e-06,12.41003066511436
4885,kieming,61,elk,2.23989695768978e-06,13.009080694186753
4886,kieming,61,blad,6.82371755829081e-05,9.592521045102423
4887,kieming,61,een,4.298853582440643e-06,12.357162179545918
4888,kieming,61,nieuw,0.0007423671777360141,7.205666588493307
4889,kieming,61,blad,0.00027594686252996325,8.195302237848189
4890,kieming,61,naar,0.003321948694065213,5.7072037122013235
4891,kieming,61,buiten,0.00044365011854097247,7.720474327488164
4892,kieming,61,.,0.04532957822084427,3.0937955187087964
4893,kieming,62,eenzaadlobbigen,1.1593335329962429e-05,11.365080165484086
4894,kieming,62,bestaat,0.0011211433447897434,6.793406270819309
4895,kieming,62,"
",0.01647610403597355,4.105844188033146
4896,kieming,62,het,9.43030772759812e-06,11.571581829020158
4897,kieming,62,blad,3.197176192770712e-05,10.350657484502868
4898,kieming,62,uit,3.1201598176267e-05,10.37504124086242
4899,kieming,62,een,4.070924114785157e-05,10.109055436059094
4900,kieming,62,bladschijf,0.0003182549844495952,8.052657658592548
4901,kieming,62,en,0.00010768813808681443,9.136271118337307
4902,kieming,62,een,2.7397922167438082e-05,10.50504338075092
4903,kieming,62,bladschede,0.008353697136044502,4.7850510673296585
4904,kieming,62,.,0.014059670269489288,4.264444844546783
4905,kieming,63,bladschede,1.7654854218562832e-06,13.247084878844413
4906,kieming,63,geeft,9.338432391814422e-06,11.58137215794542
4907,kieming,63,de,0.003409710945561528,5.6811277579771104
4908,kieming,63,"
",0.004680210724473,5.364412143469454
4909,kieming,63,plant,3.0861629056744277e-06,12.688582016798808
4910,kieming,63,stevigheid,1.5984256606316194e-05,11.043906282238229
4911,kieming,63,",",0.013044110499322414,4.339418549815078
4912,kieming,63,totdat,8.103842992568389e-05,9.420587072277618
4913,kieming,63,de,0.046256277710199356,3.0735580899601853
4914,kieming,63,stengel,0.0003391243808437139,7.989143612733358
4915,kieming,63,zich,0.00040506740333512425,7.811457076717375
4916,kieming,63,begint,8.991883987619076e-06,11.619188166628922
4917,kieming,63,te,0.000527990865521133,7.546431574557031
4918,kieming,63,strekken,0.000629384710919112,7.370767865146152
4919,kieming,63,.,0.046013686805963516,3.0788163874889927
4920,kieming,63,"

",0.00023922922264318913,8.338088375108972
4921,kieming,64,"

",0.00567895732820034,5.170987632078738
4922,kieming,64,Invloed,7.82431561674457e-06,11.758274286481909
4923,kieming,64,temperatuur,2.3607817638549022e-05,10.653932644915102
4924,kieming,64,"

",0.19473741948604584,1.6361031945923137
4925,kieming,65,zijn,0.004282027017325163,5.45332877932377
4926,kieming,65,plantensoorten,2.683119419089053e-06,12.82853047797383
4927,kieming,65,waarvan,5.174034959054552e-05,9.86927262455072
4928,kieming,65,de,0.0032235109247267246,5.737284164130859
4929,kieming,65,zaden,0.0002494684886187315,8.296177948870296
4930,kieming,65,alleen,1.3705143828701694e-05,11.197739333649366
4931,kieming,65,bij,0.00045638225856237113,7.692179813294639
4932,kieming,65,een,7.262563883614348e-08,16.43794782544616
4933,kieming,65,bepaalde,0.0006649711285717785,7.315766933932444
4934,kieming,65,"
",0.004617640748620033,5.377871364791809
4935,kieming,65,temperatuur,1.4188150998961646e-05,11.163103378385987
4936,kieming,65,kiemen,9.748063894221559e-05,9.235856774630724
4937,kieming,65,.,0.02407497726380825,3.7265822656884975
4938,kieming,66,kiemt,5.194090408622287e-05,9.865403945523385
4939,kieming,66,bijvoorbeeld,1.7526550436741672e-05,10.951793658957335
4940,kieming,66,niet,0.0018892902880907059,6.271554029378442
4941,kieming,66,bij,0.0019588167779147625,6.235414672768076
4942,kieming,66,een,9.115998977904383e-07,13.908064651695952
4943,kieming,66,hoge,0.00023978851095307618,8.33575322747327
4944,kieming,66,"
",0.00924778264015913,4.683371470771326
4945,kieming,66,temperatuur,1.3470358680933714e-05,11.215018939764844
4946,kieming,66,.,0.03606949374079704,3.3223078196296445
4947,kieming,67,beste,1.1337462524352304e-07,15.992568233976128
4948,kieming,67,kiemtemperatuur,4.861997808802698e-07,14.536646225742668
4949,kieming,67,van,4.758357135870028e-06,12.255608088818402
4950,kieming,67,slazaad,3.6585608995665098e-06,12.518440684712898
4951,kieming,67,is,0.000850764277856797,7.06937546205374
4952,kieming,67,18,3.7495585274882615e-05,10.19128735792129
4953,kieming,67,°,0.00019093866285402328,8.563558318383068
4954,kieming,67,C,0.004838399589061737,5.331171276351795
4955,kieming,67,.,0.05471808835864067,2.905560941244444
4956,kieming,68,"
",0.0029571426566690207,5.823531795559214
4957,kieming,68,soorten,0.00030936981784179807,8.080973175191959
4958,kieming,68,hebben,0.00018563613411970437,8.591722068416493
4959,kieming,68,juist,1.840982076828368e-05,10.902626298329759
4960,kieming,68,wel,0.0001109029253711924,9.106855285496053
4961,kieming,68,een,7.9692508734297e-06,11.739920062875946
4962,kieming,68,hoge,0.00033768764114938676,7.993389228371887
4963,kieming,68,temperatuur,3.093833811362856e-07,14.98868461344887
4964,kieming,68,nodig,1.5448531485162675e-06,13.380581701636089
4965,kieming,68,.,0.009768899530172348,4.628551456920227
4966,kieming,69,zijn,5.22322952747345e-05,9.859809570957337
4967,kieming,69,er,6.079009472159669e-05,9.708083698027579
4968,kieming,69,"
",0.012417170219123363,4.388675069086721
4969,kieming,69,plantensoorten,4.928925136482576e-06,12.220389618734837
4970,kieming,69,waarvan,0.00018662956426851451,8.586384845506386
4971,kieming,69,de,0.004751889500766993,5.349212950397752
4972,kieming,69,zaden,0.0002518555847927928,8.286654710942866
4973,kieming,69,een,1.104535476770252e-05,11.41350060139957
4974,kieming,69,bepaalde,0.0006401138380169868,7.353864525526346
4975,kieming,69,hoeveelheid,5.023713583796052e-06,12.20134114001822
4976,kieming,69,koude,0.0006700227968394756,7.3081988210245585
4977,kieming,69,moeten,0.000157950897119008,8.75322635096651
4978,kieming,69,"
",0.15112078189849854,1.8896758817783235
4979,kieming,69,hebben,0.0008632614626549184,7.054792943294154
4980,kieming,69,gehad,0.0014101649867370725,6.564048569567151
4981,kieming,69,alvorens,5.5397213145624846e-05,9.800981269706934
4982,kieming,69,ze,0.0004868331307079643,7.627589141015635
4983,kieming,69,gaan,1.149587296822574e-05,11.373522459333351
4984,kieming,69,kiemen,8.310262273880653e-06,11.698019388357821
4985,kieming,69,",",0.012377946637570858,4.3918388867446385
4986,kieming,69,ze,0.00022877407900523394,8.38277559593759
4987,kieming,69,moeten,3.354265913912968e-07,14.907862708078367
4988,kieming,69,gevernaliseerd,0.00032238030689768493,8.03977863202099
4989,kieming,69,zijn,0.002291956217959523,6.078349582423993
4990,kieming,69,.,0.03098556213080883,3.474233920702331
4991,kieming,69,"

",0.001540867961011827,6.475409410279011
4992,kieming,70,licht,8.656774070914253e-07,13.95975350691504
4993,kieming,70,"

",0.003703031223267317,5.598603545201976
4994,kieming,70,Zaden,0.0003122654161415994,8.071657039027263
4995,kieming,70,kunnen,0.00015258595522027463,8.787782479913929
4996,kieming,70,soms,6.511909305118024e-06,11.941877856707762
4997,kieming,70,heel,3.179422037646873e-06,12.65881112685822
4998,kieming,70,lang,3.410146064197761e-06,12.588755433510611
4999,kieming,70,kiemkrachtig,1.0718428711697925e-05,11.443545988466155
5000,kieming,70,in,0.0009174851584248245,6.993874154270117
5001,kieming,70,de,0.005071538966149092,5.284110963819939
5002,kieming,70,grond,0.0004963615210726857,7.608206023607949
5003,kieming,70,aanwezig,1.3014567230129614e-05,11.249441271693366
5004,kieming,70,blijven,0.0010181859834119678,6.889732682636787
5005,kieming,70,.,0.008155819959938526,4.8090235010674585
5006,kieming,70,"
",4.826518420486536e-07,14.54397026712814
5007,kieming,71,de,1.2048259122821037e-05,11.326590379599754
5008,kieming,71,grond,1.76247503986815e-05,10.946206371143157
5009,kieming,71,omgespit,0.0010472254361957312,6.86161105394267
5010,kieming,71,of,3.2153362553799525e-05,10.344993523206996
5011,kieming,71,omgewoeld,0.002992460737004876,5.811659241084427
5012,kieming,71,wordt,1.709343086986337e-05,10.976816327920996
5013,kieming,71,",",0.05196879431605339,2.957111849845037
5014,kieming,71,komen,0.0021840923000127077,6.126554960081908
5015,kieming,71,deze,0.004789887461811304,5.341248362237962
5016,kieming,71,zaden,1.4684779671370052e-05,11.128698997078269
5017,kieming,71,aan,1.8525362975196913e-05,10.896369793171278
5018,kieming,71,de,0.002088366076350212,6.171373300406672
5019,kieming,71,"
",0.0018792349146679044,6.276890545254118
5020,kieming,71,oppervlakte,0.0012251603184267879,6.704683571363331
5021,kieming,71,en,0.0020675782579928637,6.181377280274742
5022,kieming,71,lichtkiemers,8.813768204163352e-07,13.941780583481643
5023,kieming,71,beginnen,3.5057425975537626e-06,12.5611081918576
5024,kieming,71,door,4.529624493443407e-05,10.002286422190725
5025,kieming,71,de,0.05398569256067276,2.919036220104133
5026,kieming,71,invloed,3.674147137644468e-06,12.514189523621466
5027,kieming,71,van,0.0005385598633438349,7.526611900705487
5028,kieming,71,het,4.761910531669855e-05,9.952276505055625
5029,kieming,71,licht,5.274188424664317e-06,12.152685743582959
5030,kieming,71,te,0.0013101139338687062,6.637641173132098
5031,kieming,71,"
",0.11938361078500748,2.125413350552218
5032,kieming,71,kiemen,8.718908065930009e-05,9.34743145668726
5033,kieming,71,.,0.035398539155721664,3.341084726481429
5034,kieming,72,van,1.633978172321804e-05,11.02190782705383
5035,kieming,72,sommige,0.0001246690226253122,8.989848151332417
5036,kieming,72,plantensoorten,6.150083208922297e-06,11.999044946331312
5037,kieming,72,hebben,0.0033932076767086983,5.6859795876529935
5038,kieming,72,maar,0.0013395179994404316,6.615445431637692
5039,kieming,72,een,1.4515460406983038e-06,13.442881334592213
5040,kieming,72,duizendste,0.0003746753791347146,7.889450562530838
5041,kieming,72,"
",0.004049648065119982,5.509125299140735
5042,kieming,72,seconde,4.526210886979243e-06,12.30562541727827
5043,kieming,72,licht,7.717606820278888e-08,16.377176425348
5044,kieming,72,nodig,2.8973030566703528e-05,10.449145141136414
5045,kieming,72,om,0.0018642395734786987,6.2849020444332
5046,kieming,72,het,0.0002286480157636106,8.383326785948988
5047,kieming,72,kiemingsproces,2.6691783205023967e-05,10.531154785051509
5048,kieming,72,op,0.0034511005505919456,5.669062098637027
5049,kieming,72,gang,4.447409537533531e-06,12.32318875768444
5050,kieming,72,te,0.0052134133875370026,5.2565204769853136
5051,kieming,72,brengen,0.0016126037808135152,6.429905151170947
5052,kieming,72,.,0.07112905383110046,2.643259392292
5053,kieming,72,"

",0.00022886903025209904,8.382360638315342
5054,kieming,73,zijn,0.004282027017325163,5.45332877932377
5055,kieming,73,plantensoorten,2.683119419089053e-06,12.82853047797383
5056,kieming,73,",",0.06814369559288025,2.6861366329267735
5057,kieming,73,zoals,2.6930893000098877e-05,10.522236491642317
5058,kieming,73,tabak,0.00027752513415180147,8.189599055359313
5059,kieming,73,",",0.069710373878479,2.6634061361575294
5060,kieming,73,waarvan,0.0009303194237872958,6.979982564350114
5061,kieming,73,de,0.0047702481970191,5.345356942517502
5062,kieming,73,zaden,0.0006880253786221147,7.281684833179115
5063,kieming,73,alleen,9.803658940654714e-06,11.532754880678434
5064,kieming,73,kiemen,8.172581146936864e-06,11.714725769130059
5065,kieming,73,als,7.97761749709025e-05,9.436285657348074
5066,kieming,73,"
",0.005379332695156336,5.225190946858899
5067,kieming,73,ze,3.375015876372345e-05,10.296525436546474
5068,kieming,73,constant,1.0537061889692723e-08,18.368367090787125
5069,kieming,73,in,0.01237528957426548,4.392053570860512
5070,kieming,73,het,2.0581705939548556e-06,13.093693030909696
5071,kieming,73,licht,1.1650183751044096e-06,13.662773698449186
5072,kieming,73,komen,0.0010120227234438062,6.895804254373094
5073,kieming,73,te,0.0001919671194627881,8.558186453399905
5074,kieming,73,liggen,3.6074047784495633e-06,12.532521942086927
5075,kieming,73,.,0.04421444982290268,3.1187036242546835
5076,kieming,73,"

",0.00022991737932898104,8.377790533884927
5077,kieming,74,van,2.7193405912839808e-05,10.512536043728154
5078,kieming,74,het,4.6173547161743045e-05,9.983103496115318
5079,kieming,74,kiemproces,3.622008443926461e-05,10.225896774223358
5080,kieming,74,"

",0.006838975008577108,4.985117411123899
5081,kieming,75,het,3.2444797398056835e-05,10.335970454384153
5082,kieming,75,kiemproces,0.0002075581724056974,8.480098908640823
5083,kieming,75,te,0.00029552681371569633,8.12675098508012
5084,kieming,75,versnellen,2.9201652068877593e-05,10.441285272589209
5085,kieming,75,",",0.06523074954748154,2.7298243024003304
5086,kieming,75,kunnen,1.2803767504010466e-06,13.568356187090346
5087,kieming,75,verschillende,0.00039975548861548305,7.824657476224435
5088,kieming,75,technieken,6.508148089778842e-06,11.942455613829674
5089,kieming,75,"
",0.004821751732379198,5.334617986990107
5090,kieming,75,aangewend,0.0006538030575029552,7.332704387174002
5091,kieming,75,worden,2.177492888222332e-07,15.339921487247912
5092,kieming,75,:,5.990897989249788e-05,9.722684149346108
5093,kieming,75,"

  ",4.175279173068702e-05,10.083744241102075
5094,kieming,77,:,0.00029923487454652786,8.1142817593432
5095,kieming,78,beschadigen,3.3831347536761314e-05,10.294122743367812
5096,kieming,78,van,2.7161461275682086e-06,12.81629654722315
5097,kieming,78,de,0.0005850843735970557,7.443754492761294
5098,kieming,78,zaadwand,7.412957347696647e-05,9.509696003029095
5099,kieming,78,waardoor,0.00013058105832897127,8.943516387406564
5100,kieming,78,deze,0.021160272881388664,3.85562977597932
5101,kieming,78,lucht,3.4107029023289215e-06,12.588592158195434
5102,kieming,78,en,0.0003462104359641671,7.968463771354812
5103,kieming,78,"
  ",2.3907978174975142e-05,10.641298339878075
5104,kieming,78,water,1.2856824582740956e-07,15.866805977659519
5105,kieming,78,doorlaat,0.0001396718726027757,8.87621465339935
5106,kieming,78,"

  ",7.544695836259052e-05,9.492080686848764
5107,kieming,80,:,0.0015167862875387073,6.491161466892891
5108,kieming,81,bewaren,0.00011075620568590239,9.108179117327548
5109,kieming,81,van,7.600725439260714e-06,11.787266862692988
5110,kieming,81,de,0.0022914812434464693,6.0785568393217915
5111,kieming,81,zaden,0.0001819724275264889,8.611655379471529
5112,kieming,81,tussen,2.7465121092973277e-05,10.502593682187118
5113,kieming,81,lagen,0.003362066112458706,5.695199579567196
5114,kieming,81,grond,0.0002795060572680086,8.182486593804278
5115,kieming,81,bij,0.005387350916862488,5.223701495979235
5116,kieming,81,koude,0.00250263256020844,5.990412077065555
5117,kieming,81,"
  ",2.9470274967025034e-05,10.432128430853549
5118,kieming,81,temperaturen,8.306471244168279e-08,16.303645864960917
5119,kieming,81,",",0.05995340645313263,2.8141875775527123
5120,kieming,81,waarmee,0.0004329094081185758,7.7449820709768495
5121,kieming,81,de,0.0004470327403396368,7.712878721425272
5122,kieming,81,winteromstandigheden,0.0030818069353699684,5.7822391866907425
5123,kieming,81,gesimuleerd,4.795114364242181e-05,9.945327906190954
5124,kieming,81,worden,3.4231527479278157e-06,12.584948575418911
5125,kieming,81,"

  ",3.128976095467806e-05,10.372219639984188
5126,kieming,81,·,1.1757760631780911e-07,15.956167242082154
5127,kieming,82,:,0.00015119343879632652,8.796950489364587
5128,kieming,83,zaden,0.000897240184713155,7.016186967296303
5129,kieming,83,in,0.0007103831158019602,7.249706133739422
5130,kieming,83,water,5.820962542202324e-06,12.05404492463743
5131,kieming,83,laten,0.001678946428000927,6.389588808482776
5132,kieming,83,weken,1.930572125274921e-06,13.157694161010252
5133,kieming,83,zodat,0.0004476688045542687,7.711456874496718
5134,kieming,83,ze,0.0007724713650532067,7.165915617771694
5135,kieming,83,zachter,0.001498836325481534,6.503066254961647
5136,kieming,83,worden,5.201090971240774e-06,12.1666421522206
5137,kieming,83,"
",0.009771135635674,4.628322582663611
5138,mijn_heer_zak_met_rijst,1,Mijn,0.00024168980598915368,8.327855447440708
5139,mijn_heer_zak_met_rijst,1,Heer,1.1797150136771961e-06,13.650237662488747
5140,mijn_heer_zak_met_rijst,2,met,0.00010814548295456916,9.132033172923173
5141,mijn_heer_zak_met_rijst,3,”,0.0007148059085011482,7.2434995087630405
5142,mijn_heer_zak_met_rijst,3,.,0.05882784724235535,2.8331399436300524
5143,mijn_heer_zak_met_rijst,5,zekeren,5.487334874487715e-06,12.113067871225262
5144,mijn_heer_zak_met_rijst,5,dag,2.519579356885515e-05,10.588833499250729
5145,mijn_heer_zak_met_rijst,5,kwam,3.5145905712852255e-05,10.256002426922919
5146,mijn_heer_zak_met_rijst,5,de,0.010063198395073414,4.598870232924339
5147,mijn_heer_zak_met_rijst,5,groote,2.0123605281696655e-05,10.813617039834032
5148,mijn_heer_zak_met_rijst,5,Hidesato,9.869918721960858e-05,9.223433846415801
5149,mijn_heer_zak_met_rijst,5,bij,5.3980369557393715e-05,9.826890104206784
5150,mijn_heer_zak_met_rijst,5,een,9.060229899660044e-07,13.914201155986962
5151,mijn_heer_zak_met_rijst,5,brug,0.0015942490426823497,6.441352473250586
5152,mijn_heer_zak_met_rijst,5,",",0.007242928724735975,4.927729634389509
5153,mijn_heer_zak_met_rijst,5,die,0.0002359072386752814,8.352071886666273
5154,mijn_heer_zak_met_rijst,5,over,2.3653419702895917e-05,10.65200285716242
5155,mijn_heer_zak_met_rijst,5,het,0.0018904523458331823,6.270939142127305
5156,mijn_heer_zak_met_rijst,5,"
",0.0007483400404453278,7.197653083763017
5157,mijn_heer_zak_met_rijst,5,schoone,0.0014524158323183656,6.534527017685954
5158,mijn_heer_zak_met_rijst,5,meer,6.970547110540792e-05,9.571231748222305
5159,mijn_heer_zak_met_rijst,5,Biwa,3.76746102119796e-05,10.186524159570807
5160,mijn_heer_zak_met_rijst,5,was,0.000152490523760207,8.788408103124864
5161,mijn_heer_zak_met_rijst,5,gespannen,0.0003387362521607429,7.990288770621245
5162,mijn_heer_zak_met_rijst,5,.,0.030435914173722267,3.4921319805653095
5163,mijn_heer_zak_met_rijst,6,was,2.5690485927043483e-05,10.569389831994375
5164,mijn_heer_zak_met_rijst,6,op,0.00013653798669110984,8.898907691277595
5165,mijn_heer_zak_met_rijst,6,het,1.2145342225267086e-05,11.318564817622487
5166,mijn_heer_zak_met_rijst,6,punt,0.00015819413238205016,8.751687593191829
5167,mijn_heer_zak_met_rijst,6,",",0.037702832370996475,3.2780200581460788
5168,mijn_heer_zak_met_rijst,6,de,9.523522021481767e-05,9.259160724345689
5169,mijn_heer_zak_met_rijst,6,brug,0.0028393829707056284,5.864168514250275
5170,mijn_heer_zak_met_rijst,6,over,1.1196860327800096e-07,16.005047332825512
5171,mijn_heer_zak_met_rijst,6,te,0.0008072227938100696,7.121910851204052
5172,mijn_heer_zak_met_rijst,6,"
",0.003104784991592169,5.774810811858337
5173,mijn_heer_zak_met_rijst,6,trekken,2.5154588001896627e-05,10.59047025253331
5174,mijn_heer_zak_met_rijst,6,",",0.08287802338600159,2.4903853498624824
5175,mijn_heer_zak_met_rijst,6,toen,0.001996233593672514,6.216493077042393
5176,mijn_heer_zak_met_rijst,6,hij,3.4504832001402974e-05,10.274411185722487
5177,mijn_heer_zak_met_rijst,6,een,3.2436953461001394e-06,12.638797339160627
5178,mijn_heer_zak_met_rijst,6,slangendraak,2.2764283130527474e-05,10.690317779656768
5179,mijn_heer_zak_met_rijst,6,in,0.00016026495723053813,8.738682129667076
5180,mijn_heer_zak_met_rijst,6,diepen,1.0134146577911451e-05,11.499599987041263
5181,mijn_heer_zak_met_rijst,6,slaap,0.00020388011762406677,8.497978395564667
5182,mijn_heer_zak_met_rijst,6,zag,9.787694352780818e-07,13.836969732594023
5183,mijn_heer_zak_met_rijst,6,",",0.04548401013016701,3.0903944405003334
5184,mijn_heer_zak_met_rijst,6,die,0.0006815327215008438,7.291166294039242
5185,mijn_heer_zak_met_rijst,6,hem,0.0003044359909836203,8.097049703146007
5186,mijn_heer_zak_met_rijst,6,in,0.0008959497208707035,7.017626261663516
5187,mijn_heer_zak_met_rijst,6,den,0.0015985211357474327,6.438676367313797
5188,mijn_heer_zak_met_rijst,6,"
",0.11794095486402512,2.1375711622578395
5189,mijn_heer_zak_met_rijst,6,weg,0.0004002159694209695,7.8235062330101455
5190,mijn_heer_zak_met_rijst,6,lag,0.0004474394954741001,7.71196923503494
5191,mijn_heer_zak_met_rijst,6,.,0.021047107875347137,3.8609921213881906
5192,mijn_heer_zak_met_rijst,7,klom,0.00016502891958225518,8.709389829226234
5193,mijn_heer_zak_met_rijst,7,zonder,0.0006039749132469296,7.411977895251423
5194,mijn_heer_zak_met_rijst,7,een,2.771513436528039e-06,12.796117019991488
5195,mijn_heer_zak_met_rijst,7,oogenblik,3.8128830510686385e-06,12.477124948666313
5196,mijn_heer_zak_met_rijst,7,aarzelens,4.359857939562062e-06,12.34307108380341
5197,mijn_heer_zak_met_rijst,7,over,9.022782023748732e-07,13.918342936084516
5198,mijn_heer_zak_met_rijst,7,het,0.0027294608298689127,5.903651187507125
5199,mijn_heer_zak_met_rijst,7,monster,0.00029564963188022375,8.126335480818373
5200,mijn_heer_zak_met_rijst,7,"
",0.006107233464717865,5.098281396436667
5201,mijn_heer_zak_met_rijst,7,heen,5.068679092801176e-05,9.88984521527627
5202,mijn_heer_zak_met_rijst,7,en,0.00044252979569137096,7.723002760887429
5203,mijn_heer_zak_met_rijst,7,vervolgde,0.00088106794282794,7.034375814879178
5204,mijn_heer_zak_met_rijst,7,zijn,0.0004421843041200191,7.723783785150494
5205,mijn_heer_zak_met_rijst,7,weg,0.00025601277593523264,8.270283208732971
5206,mijn_heer_zak_met_rijst,7,.,0.010211177170276642,4.584272357636077
5207,mijn_heer_zak_met_rijst,7,"

",0.00012527633225545287,8.984988602527634
5208,mijn_heer_zak_met_rijst,8,was,2.5690485927043483e-05,10.569389831994375
5209,mijn_heer_zak_met_rijst,8,nog,0.0007102210656739771,7.249934276287218
5210,mijn_heer_zak_met_rijst,8,niet,0.00034589850110933185,7.969365175336895
5211,mijn_heer_zak_met_rijst,8,ver,0.00018992519471794367,8.568880275339534
5212,mijn_heer_zak_met_rijst,8,voortgeschreden,0.0023956249933689833,6.034111124597424
5213,mijn_heer_zak_met_rijst,8,",",0.09267022460699081,2.378708059657211
5214,mijn_heer_zak_met_rijst,8,toen,4.405201252666302e-05,10.030139519300793
5215,mijn_heer_zak_met_rijst,8,hij,4.009375061286846e-06,12.426875173856525
5216,mijn_heer_zak_met_rijst,8,hoorde,0.00021657276374753565,8.437583975775095
5217,mijn_heer_zak_met_rijst,8,",",0.06596357375383377,2.718652602136355
5218,mijn_heer_zak_met_rijst,8,dat,0.0007480401545763016,7.198053898842017
5219,mijn_heer_zak_met_rijst,8,iemand,3.8618094549747184e-05,10.161789620613318
5220,mijn_heer_zak_met_rijst,8,hem,2.087125540128909e-05,10.7771376852924
5221,mijn_heer_zak_met_rijst,8,"
",0.0016013956628739834,6.436879740663376
5222,mijn_heer_zak_met_rijst,8,riep,8.58240468915028e-07,13.96838150992512
5223,mijn_heer_zak_met_rijst,8,.,0.028171909973025322,3.5694298977229444
5224,mijn_heer_zak_met_rijst,9,zag,1.3215856597525999e-05,11.23409319191598
5225,mijn_heer_zak_met_rijst,9,om,2.0463194232434034e-05,10.796882688784056
5226,mijn_heer_zak_met_rijst,9,",",0.021469881758093834,3.841104174414771
5227,mijn_heer_zak_met_rijst,9,en,1.3730013961321674e-05,11.19592632133701
5228,mijn_heer_zak_met_rijst,9,zag,5.362599949876312e-06,12.136061635212263
5229,mijn_heer_zak_met_rijst,9,",",0.016303030773997307,4.116404251398523
5230,mijn_heer_zak_met_rijst,9,dat,0.0001233368820976466,9.000591067643368
5231,mijn_heer_zak_met_rijst,9,op,0.0004797686997335404,7.642206445756798
5232,mijn_heer_zak_met_rijst,9,de,2.476488043612335e-05,10.606084019873407
5233,mijn_heer_zak_met_rijst,9,plaats,3.2598807592876256e-05,10.3312348471662
5234,mijn_heer_zak_met_rijst,9,van,0.00015424058074131608,8.776996961929433
5235,mijn_heer_zak_met_rijst,9,den,0.00013589687296189368,8.903614246918163
5236,mijn_heer_zak_met_rijst,9,draak,8.133278606692329e-05,9.416961350047188
5237,mijn_heer_zak_met_rijst,9,een,2.6575369247439085e-06,12.838110832285384
5238,mijn_heer_zak_met_rijst,9,man,0.0006776838563382626,7.296829667356841
5239,mijn_heer_zak_met_rijst,9,stond,0.000289704417809844,8.146649403702744
5240,mijn_heer_zak_met_rijst,9,",",0.08628936856985092,2.450048880024319
5241,mijn_heer_zak_met_rijst,9,"
",4.8871428589336574e-05,9.926317614669598
5242,mijn_heer_zak_met_rijst,9,die,0.00012951534881722182,8.951711160162947
5243,mijn_heer_zak_met_rijst,9,met,1.1466182513686363e-05,11.376108505788062
5244,mijn_heer_zak_met_rijst,9,veel,0.0012808091705664992,6.660263236277343
5245,mijn_heer_zak_met_rijst,9,plichtplegingen,3.233799134250148e-06,12.641852909359779
5246,mijn_heer_zak_met_rijst,9,voor,0.0020495306234806776,6.190144476203882
5247,mijn_heer_zak_met_rijst,9,hem,2.923000829468947e-05,10.440314695068
5248,mijn_heer_zak_met_rijst,9,boog,0.000805857649538666,7.123603444531243
5249,mijn_heer_zak_met_rijst,9,.,0.014873053878545761,4.208204167804059
5250,mijn_heer_zak_met_rijst,10,was,0.00042042264249175787,7.774250061011848
5251,mijn_heer_zak_met_rijst,10,een,6.2462358982884325e-06,11.983531531918972
5252,mijn_heer_zak_met_rijst,10,man,0.00014960196858737618,8.807532333503952
5253,mijn_heer_zak_met_rijst,10,met,3.2436194032925414e-06,12.638820751870057
5254,mijn_heer_zak_met_rijst,10,een,8.220736162911635e-06,11.708850795374392
5255,mijn_heer_zak_met_rijst,10,"
",0.02298145741224289,3.7730675876742494
5256,mijn_heer_zak_met_rijst,10,vreemd,2.608952854643576e-06,12.856561622251382
5257,mijn_heer_zak_met_rijst,10,uiterlijk,7.339658054661413e-07,14.124803395975473
5258,mijn_heer_zak_met_rijst,10,",",0.014880971051752567,4.207671992852118
5259,mijn_heer_zak_met_rijst,10,op,0.0005912327906116843,7.433300725369591
5260,mijn_heer_zak_met_rijst,10,wiens,0.00013273867079988122,8.927128243857869
5261,mijn_heer_zak_met_rijst,10,rood,0.0007325871847569942,7.218928200596757
5262,mijn_heer_zak_met_rijst,10,haar,0.0003153356956318021,8.06187278617579
5263,mijn_heer_zak_met_rijst,10,een,5.1272570999572054e-05,9.878354627149918
5264,mijn_heer_zak_met_rijst,10,kroon,0.001326893107034266,6.624915079224534
5265,mijn_heer_zak_met_rijst,10,geplaatst,0.0002951011119876057,8.128192507850315
5266,mijn_heer_zak_met_rijst,10,was,8.801845979178324e-06,11.640549088117666
5267,mijn_heer_zak_met_rijst,10,in,0.0015523056499660015,6.4680139372000465
5268,mijn_heer_zak_met_rijst,10,den,0.00044265383621677756,7.722722501466112
5269,mijn_heer_zak_met_rijst,10,vorm,0.002774452790617943,5.8873017437988615
5270,mijn_heer_zak_met_rijst,10,"
",0.020321054384112358,3.8960977686361353
5271,mijn_heer_zak_met_rijst,10,van,0.003333994885906577,5.703584028575954
5272,mijn_heer_zak_met_rijst,10,een,1.8194268704974093e-05,10.914403919795037
5273,mijn_heer_zak_met_rijst,10,draak,0.0007807512301951647,7.155253986144095
5274,mijn_heer_zak_met_rijst,10,.,0.010190875269472599,4.5862625404929265
5275,mijn_heer_zak_met_rijst,10,"

",0.0004647137538995594,7.674088924937633
5276,mijn_heer_zak_met_rijst,11,Ik,5.740515462093754e-06,12.067961549906242
5277,mijn_heer_zak_met_rijst,11,ben,0.000125731632579118,8.981360822641784
5278,mijn_heer_zak_met_rijst,11,de,0.00010336261038901284,9.177267262937235
5279,mijn_heer_zak_met_rijst,11,Drakenkoning,7.971186278155074e-06,11.739677233307788
5280,mijn_heer_zak_met_rijst,11,van,0.0005972512299194932,7.423172712456176
5281,mijn_heer_zak_met_rijst,11,het,5.230835813563317e-05,9.858354388273098
5282,mijn_heer_zak_met_rijst,11,meer,0.0005659732269123197,7.4769637831549325
5283,mijn_heer_zak_met_rijst,11,Biwa,0.0004299545253161341,7.7518311099478865
5284,mijn_heer_zak_met_rijst,11,”,0.03162919729948044,3.4536746198089086
5285,mijn_heer_zak_met_rijst,11,",",0.2781889736652374,1.2794546348388776
5286,mijn_heer_zak_met_rijst,11,zoo,6.939220611457131e-07,14.180906186570775
5287,mijn_heer_zak_met_rijst,11,sprak,4.040707679564548e-08,17.02426089911042
5288,mijn_heer_zak_met_rijst,11,de,0.02253348007798195,3.7927530722860565
5289,mijn_heer_zak_met_rijst,11,roodharige,3.39875987265259e-05,10.289514843220617
5290,mijn_heer_zak_met_rijst,11,man,4.310284566599876e-06,12.354506631295004
5291,mijn_heer_zak_met_rijst,11,.,0.05376548692584038,2.923123524622667
5292,mijn_heer_zak_met_rijst,11,"
",1.559019074193202e-05,11.068868640079632
5293,mijn_heer_zak_met_rijst,12,Een,0.0010780300945043564,6.8326198899050805
5294,mijn_heer_zak_met_rijst,12,oogenblik,1.5160595694396761e-06,13.399395977690432
5295,mijn_heer_zak_met_rijst,12,geleden,3.090844913344881e-09,19.59482134867378
5296,mijn_heer_zak_met_rijst,12,nam,6.393594048859086e-06,11.960213998729229
5297,mijn_heer_zak_met_rijst,12,ik,0.000616210512816906,7.391921911225223
5298,mijn_heer_zak_met_rijst,12,den,0.0005493125645443797,7.506842944139124
5299,mijn_heer_zak_met_rijst,12,vorm,0.0012700569350272417,6.6686935487863925
5300,mijn_heer_zak_met_rijst,12,aan,0.00028737637330777943,8.154717796091896
5301,mijn_heer_zak_met_rijst,12,van,0.001054904772900045,6.854304778782011
5302,mijn_heer_zak_met_rijst,12,een,9.074601621250622e-06,11.610031077261706
5303,mijn_heer_zak_met_rijst,12,vreeselijk,5.795802735519828e-06,12.05837656867443
5304,mijn_heer_zak_met_rijst,12,monster,4.708863343694247e-05,9.96347891436897
5305,mijn_heer_zak_met_rijst,12,",",0.011401042342185974,4.4740504942363915
5306,mijn_heer_zak_met_rijst,12,"
",7.053476451801544e-07,14.16457504194405
5307,mijn_heer_zak_met_rijst,12,in,0.001559200114570558,6.463582336290578
5308,mijn_heer_zak_met_rijst,12,de,0.013773343525826931,4.285020183382606
5309,mijn_heer_zak_met_rijst,12,hoop,0.0002907856251113117,8.14292424574367
5310,mijn_heer_zak_met_rijst,12,",",0.029201311990618706,3.5335416395317045
5311,mijn_heer_zak_met_rijst,12,een,2.4533597752451897e-05,10.615467043002432
5312,mijn_heer_zak_met_rijst,12,sterveling,0.001213442999869585,6.714293505578131
5313,mijn_heer_zak_met_rijst,12,te,0.004702392499893904,5.359683857253704
5314,mijn_heer_zak_met_rijst,12,vinden,0.0030952722299844027,5.777879418721925
5315,mijn_heer_zak_met_rijst,12,",",0.2748485207557678,1.2915351666955253
5316,mijn_heer_zak_met_rijst,12,die,0.0016118428902700543,6.4303771022591185
5317,mijn_heer_zak_met_rijst,12,niet,0.00033827818697318435,7.9916419626094175
5318,mijn_heer_zak_met_rijst,12,bang,2.767506430245703e-06,12.79756384888097
5319,mijn_heer_zak_met_rijst,12,voor,0.0001416096492903307,8.862436234320674
5320,mijn_heer_zak_met_rijst,12,mij,0.002139793708920479,6.147045852295645
5321,mijn_heer_zak_met_rijst,12,was,1.202688167722954e-06,13.630951366773392
5322,mijn_heer_zak_met_rijst,12,.,0.04550665616989136,3.0898966742763285
5323,mijn_heer_zak_met_rijst,13,",",0.017200078815221786,4.062841312892892
5324,mijn_heer_zak_met_rijst,13,o,0.00011069544416386634,9.10872787389452
5325,mijn_heer_zak_met_rijst,13,"
",0.02020690031349659,3.9017311332288154
5326,mijn_heer_zak_met_rijst,13,Heer,0.0005515575176104903,7.502764431670797
5327,mijn_heer_zak_met_rijst,13,",",0.07319382578134537,2.6146442088216806
5328,mijn_heer_zak_met_rijst,13,hebt,0.006371000781655312,5.055998713158214
5329,mijn_heer_zak_met_rijst,13,geen,0.007493446581065655,4.893726429607421
5330,mijn_heer_zak_met_rijst,13,vrees,1.0240048595733242e-06,13.791789285681144
5331,mijn_heer_zak_met_rijst,13,getoond,1.4101602573646232e-05,11.169222109333292
5332,mijn_heer_zak_met_rijst,13,",",0.01973610371351242,3.9253056447267114
5333,mijn_heer_zak_met_rijst,13,en,0.010540837422013283,4.552498287221131
5334,mijn_heer_zak_met_rijst,13,ik,7.945774268591776e-05,9.440285216162593
5335,mijn_heer_zak_met_rijst,13,ben,0.00033876270754262805,7.990210673432991
5336,mijn_heer_zak_met_rijst,13,daarover,0.00023576141393277794,8.352690222213244
5337,mijn_heer_zak_met_rijst,13,zeer,0.0008013785700313747,7.1291771007843865
5338,mijn_heer_zak_met_rijst,13,verheugd,0.0007112439488992095,7.248495080258751
5339,mijn_heer_zak_met_rijst,13,.,0.08430803567171097,2.4732780961956102
5340,mijn_heer_zak_met_rijst,14,"
",0.002571121556684375,5.963413071892134
5341,mijn_heer_zak_met_rijst,14,groote,6.140425739431521e-06,12.000616479539408
5342,mijn_heer_zak_met_rijst,14,honderdpoot,0.0011478466913104057,6.769867534157275
5343,mijn_heer_zak_met_rijst,14,komt,2.825233241310343e-05,10.47433454048429
5344,mijn_heer_zak_met_rijst,14,telkens,3.2695053960196674e-05,10.32828674654112
5345,mijn_heer_zak_met_rijst,14,van,0.00030424914439208806,8.097663638287647
5346,mijn_heer_zak_met_rijst,14,gindsche,0.00018895650282502174,8.57399371317473
5347,mijn_heer_zak_met_rijst,14,berg,9.3112330432632e-06,11.584289032559669
5348,mijn_heer_zak_met_rijst,14,af,2.2013629859429784e-05,10.723848757376066
5349,mijn_heer_zak_met_rijst,14,",",0.007783578243106604,4.855739118106621
5350,mijn_heer_zak_met_rijst,14,komt,0.00010611754260025918,9.150963185764034
5351,mijn_heer_zak_met_rijst,14,mijn,1.3593446055892855e-05,11.205922789032018
5352,mijn_heer_zak_met_rijst,14,paleis,0.0005854369373992085,7.443152087987451
5353,mijn_heer_zak_met_rijst,14,"
",0.029124435037374496,3.5361777651427997
5354,mijn_heer_zak_met_rijst,14,binnen,1.7027226931531914e-05,10.980696910868536
5355,mijn_heer_zak_met_rijst,14,en,0.003130123019218445,5.766682971937749
5356,mijn_heer_zak_met_rijst,14,dood,9.862632578006014e-05,9.22417233625173
5357,mijn_heer_zak_met_rijst,14,mijn,0.004032720346003771,5.513314106927376
5358,mijn_heer_zak_met_rijst,14,kinderen,0.0040613082237541676,5.506250134671499
5359,mijn_heer_zak_met_rijst,14,en,0.0017455598572269082,6.3506799396972635
5360,mijn_heer_zak_met_rijst,14,kleinkinderen,1.570004860695917e-05,11.061846749630144
5361,mijn_heer_zak_met_rijst,14,.,0.0737253725528717,2.6074082710162276
5362,mijn_heer_zak_met_rijst,15,voor,0.0001254029048141092,8.983978765646908
5363,mijn_heer_zak_met_rijst,15,één,0.004300183616578579,5.449097555664403
5364,mijn_heer_zak_met_rijst,15,zijn,0.0011497160885483027,6.76824024660996
5365,mijn_heer_zak_met_rijst,15,zij,0.0007970714359544218,7.134566252131182
5366,mijn_heer_zak_met_rijst,15,"
",0.03805174678564072,3.2688082880897764
5367,mijn_heer_zak_met_rijst,15,voedsel,0.0017937702359631658,6.3234355971467835
5368,mijn_heer_zak_met_rijst,15,geworden,0.002158480230718851,6.138350901815942
5369,mijn_heer_zak_met_rijst,15,voor,0.0038256060797721148,5.566038372027863
5370,mijn_heer_zak_met_rijst,15,dit,0.00044939442886970937,7.707609595108512
5371,mijn_heer_zak_met_rijst,15,ontzaglijke,1.6471937147599647e-09,20.22419277593378
5372,mijn_heer_zak_met_rijst,15,monster,1.2392531971272547e-05,11.298416527166163
5373,mijn_heer_zak_met_rijst,15,",",0.022944269701838493,3.7746870598467717
5374,mijn_heer_zak_met_rijst,15,en,0.006341294851154089,5.060672296188366
5375,mijn_heer_zak_met_rijst,15,ik,3.23515705531463e-05,10.338847989412317
5376,mijn_heer_zak_met_rijst,15,vrees,6.745116934325779e-06,11.906691732009199
5377,mijn_heer_zak_met_rijst,15,",",0.03263454511761665,3.422383885474811
5378,mijn_heer_zak_met_rijst,15,dat,0.0012430512579157948,6.690186230042496
5379,mijn_heer_zak_met_rijst,15,",",0.009409137070178986,4.6660740330777575
5380,mijn_heer_zak_met_rijst,15,als,0.0001519307552371174,8.792085698566453
5381,mijn_heer_zak_met_rijst,15,er,0.001579347881488502,6.450743250376192
5382,mijn_heer_zak_met_rijst,15,"
",0.018556691706180573,3.9869248161016593
5383,mijn_heer_zak_met_rijst,15,niets,9.61238329182379e-05,9.249873271504885
5384,mijn_heer_zak_met_rijst,15,gedaan,0.005242261104285717,5.251002365270712
5385,mijn_heer_zak_met_rijst,15,kan,3.4717306789389113e-06,12.570857333604872
5386,mijn_heer_zak_met_rijst,15,worden,2.3689824502071133e-07,15.255635133910795
5387,mijn_heer_zak_met_rijst,15,",",0.09820368885993958,2.320711499562086
5388,mijn_heer_zak_met_rijst,15,om,0.0011342554353177547,6.781778847438952
5389,mijn_heer_zak_met_rijst,15,dat,0.03360220417380333,3.393163613753778
5390,mijn_heer_zak_met_rijst,15,dier,0.002693106420338154,5.917059948540911
5391,mijn_heer_zak_met_rijst,15,te,0.0014087831368669868,6.565028970709832
5392,mijn_heer_zak_met_rijst,15,dooden,5.253669587546028e-05,9.853998663475412
5393,mijn_heer_zak_met_rijst,15,",",0.3188354969024658,1.1430799928991866
5394,mijn_heer_zak_met_rijst,15,ik,0.0003706375719048083,7.900285867965166
5395,mijn_heer_zak_met_rijst,15,spoedig,0.00043129411642439663,7.7487202958957635
5396,mijn_heer_zak_met_rijst,15,zelf,0.0013037557946518064,6.642506107055675
5397,mijn_heer_zak_met_rijst,15,het,0.00011641706805676222,9.05833140062642
5398,mijn_heer_zak_met_rijst,15,"
",0.18885287642478943,1.6667869986725785
5399,mijn_heer_zak_met_rijst,15,slachtoffer,0.0007313577807508409,7.220607777799629
5400,mijn_heer_zak_met_rijst,15,zal,1.853997127909679e-05,10.895581546959546
5401,mijn_heer_zak_met_rijst,15,worden,0.00019541587971616536,8.540380553918816
5402,mijn_heer_zak_met_rijst,15,.,0.07942166924476624,2.5329840355602653
5403,mijn_heer_zak_met_rijst,16,heb,5.971626251266571e-07,14.331076356751765
5404,mijn_heer_zak_met_rijst,16,ik,0.00021636365272570401,8.438549988474126
5405,mijn_heer_zak_met_rijst,16,reeds,0.00014935701619833708,8.809171036177696
5406,mijn_heer_zak_met_rijst,16,op,0.0003649409336503595,7.915775043092414
5407,mijn_heer_zak_met_rijst,16,een,1.0349413059884682e-06,13.781165842044855
5408,mijn_heer_zak_met_rijst,16,dapper,0.00013919702905695885,8.879620153273336
5409,mijn_heer_zak_met_rijst,16,sterveling,3.851263500109781e-06,12.467109281657768
5410,mijn_heer_zak_met_rijst,16,"
",0.004825070034712553,5.3339300293301966
5411,mijn_heer_zak_met_rijst,16,gewacht,0.00012958078878000379,8.951206019756144
5412,mijn_heer_zak_met_rijst,16,.,0.026668226346373558,3.6242824466977126
5413,mijn_heer_zak_met_rijst,17,mannen,0.001061167917214334,6.848385168711101
5414,mijn_heer_zak_met_rijst,17,",",0.20578508079051971,1.5809229519392383
5415,mijn_heer_zak_met_rijst,17,die,3.0577854204238974e-07,15.000404715820634
5416,mijn_heer_zak_met_rijst,17,mij,4.9353824579156935e-05,9.916495296016619
5417,mijn_heer_zak_met_rijst,17,tot,3.253941758885048e-05,10.333058354647926
5418,mijn_heer_zak_met_rijst,17,nu,8.43957022880204e-05,9.379994078416921
5419,mijn_heer_zak_met_rijst,17,toe,1.2941646900799242e-06,13.557645097897476
5420,mijn_heer_zak_met_rijst,17,in,0.0016182552790269256,6.426406698361417
5421,mijn_heer_zak_met_rijst,17,mijn,0.002877582795917988,5.850804644222504
5422,mijn_heer_zak_met_rijst,17,drakengestalte,0.00015180400805547833,8.792920289823787
5423,mijn_heer_zak_met_rijst,17,hebben,0.0014129213523119688,6.562095836905281
5424,mijn_heer_zak_met_rijst,17,"
",0.0033325674012303352,5.704012280690485
5425,mijn_heer_zak_met_rijst,17,gezien,0.0010517300106585026,6.8573188414660295
5426,mijn_heer_zak_met_rijst,17,",",0.02017156034708023,3.9034815702123837
5427,mijn_heer_zak_met_rijst,17,zijn,0.008427182212471962,4.7762928199655
5428,mijn_heer_zak_met_rijst,17,weggeloopen,0.0018162841442972422,6.310962543918707
5429,mijn_heer_zak_met_rijst,17,.,0.039079178124666214,3.242165482615543
5430,mijn_heer_zak_met_rijst,18,zijt,0.0018294367473572493,6.303747147834729
5431,mijn_heer_zak_met_rijst,18,een,3.512392936499964e-07,14.861798097474756
5432,mijn_heer_zak_met_rijst,18,dapper,0.000368849141523242,7.905122828078065
5433,mijn_heer_zak_met_rijst,18,man,0.00031781397410668433,8.0540443334417
5434,mijn_heer_zak_met_rijst,18,",",0.02200278267264366,3.816586348502223
5435,mijn_heer_zak_met_rijst,18,en,0.00022450725373346359,8.401602540687177
5436,mijn_heer_zak_met_rijst,18,ik,3.4791148209478706e-05,10.266147565335883
5437,mijn_heer_zak_met_rijst,18,smeek,0.0024877467658370733,5.996377891505191
5438,mijn_heer_zak_met_rijst,18,u,4.141047247685492e-05,10.091976750743443
5439,mijn_heer_zak_met_rijst,18,",",0.16934256255626678,1.7758316182719749
5440,mijn_heer_zak_met_rijst,18,mijn,0.008998032659292221,4.7107493189529155
5441,mijn_heer_zak_met_rijst,18,"
",0.003124718554317951,5.768411062467909
5442,mijn_heer_zak_met_rijst,18,bitteren,5.371690713218413e-05,9.83178276182773
5443,mijn_heer_zak_met_rijst,18,vijand,0.0010366973001509905,6.871715291910818
5444,mijn_heer_zak_met_rijst,18,te,0.0030045558232814074,5.807625534472263
5445,mijn_heer_zak_met_rijst,18,dooden,1.120661818276858e-05,11.39900604500554
5446,mijn_heer_zak_met_rijst,18,.,0.11014015972614288,2.2060015449387307
5447,mijn_heer_zak_met_rijst,19,"

",0.007147142197936773,4.941042694770853
5448,mijn_heer_zak_met_rijst,19,Hidesato,0.0014883136609569192,6.510111571131254
5449,mijn_heer_zak_met_rijst,19,",",0.05122251436114311,2.9715761099750915
5450,mijn_heer_zak_met_rijst,19,wien,8.912960538509651e-07,13.93058919322786
5451,mijn_heer_zak_met_rijst,19,een,8.26828272693092e-06,11.703083721406356
5452,mijn_heer_zak_met_rijst,19,avontuur,6.793269858462736e-05,9.596993069587697
5453,mijn_heer_zak_met_rijst,19,altijd,3.5960103559773415e-05,10.233100468504784
5454,mijn_heer_zak_met_rijst,19,welkom,5.3270632633939385e-05,9.840125361116785
5455,mijn_heer_zak_met_rijst,19,was,7.486349932150915e-05,9.499844111703272
5456,mijn_heer_zak_met_rijst,19,",",0.05246090516448021,2.94768705031788
5457,mijn_heer_zak_met_rijst,19,te,0.0011258056620135903,6.789256355622435
5458,mijn_heer_zak_met_rijst,19,meer,0.00029362854547798634,8.13319504020757
5459,mijn_heer_zak_met_rijst,19,als,0.00057515426306054,7.460872269564981
5460,mijn_heer_zak_met_rijst,19,er,0.0025723411235958338,5.962938851698415
5461,mijn_heer_zak_met_rijst,19,gevaar,0.0005537050892598927,7.49887834281062
5462,mijn_heer_zak_met_rijst,19,aan,9.930821397574618e-05,9.217282271545173
5463,mijn_heer_zak_met_rijst,19,"
",0.02916114591062069,3.5349180752674116
5464,mijn_heer_zak_met_rijst,19,verbonden,4.233941945130937e-05,10.069792003940853
5465,mijn_heer_zak_met_rijst,19,was,0.0001772790856193751,8.637785312251603
5466,mijn_heer_zak_met_rijst,19,",",0.24047832190990448,1.4251253310877126
5467,mijn_heer_zak_met_rijst,19,stemde,3.3880995033541694e-05,10.292656319262763
5468,mijn_heer_zak_met_rijst,19,er,0.02694990299642086,3.6137755810243
5469,mijn_heer_zak_met_rijst,19,onmiddellijk,0.0003658123896457255,7.913389952581834
5470,mijn_heer_zak_met_rijst,19,in,0.000433737994171679,7.743069906229382
5471,mijn_heer_zak_met_rijst,19,toe,3.799855903707794e-06,12.480547412027814
5472,mijn_heer_zak_met_rijst,19,",",0.13146339356899261,2.0290268420192783
5473,mijn_heer_zak_met_rijst,19,te,0.0029239628929644823,5.834815427679753
5474,mijn_heer_zak_met_rijst,19,probeeren,0.00014647124044131488,8.82868145975946
5475,mijn_heer_zak_met_rijst,19,",",0.1855171024799347,1.684608204527168
5476,mijn_heer_zak_met_rijst,19,wat,0.00012097833678126335,9.01989906326178
5477,mijn_heer_zak_met_rijst,19,hij,2.4611696062493138e-05,10.612288778321508
5478,mijn_heer_zak_met_rijst,19,voor,0.0035389431286603212,5.643927147637641
5479,mijn_heer_zak_met_rijst,19,"
",0.12557388842105865,2.0748609412979393
5480,mijn_heer_zak_met_rijst,19,den,0.0027797443326562643,5.885396322179194
5481,mijn_heer_zak_met_rijst,19,Drakenkoning,6.034265879861778e-06,12.018056354581708
5482,mijn_heer_zak_met_rijst,19,kon,0.0002979704295285046,8.118516306152587
5483,mijn_heer_zak_met_rijst,19,doen,2.8177895728731528e-05,10.476972726789624
5484,mijn_heer_zak_met_rijst,19,.,0.09533318132162094,2.350377351360117
5485,mijn_heer_zak_met_rijst,19,"

",0.00611692713573575,5.096695410557286
5486,mijn_heer_zak_met_rijst,20,Hidesato,0.0017216261476278305,6.364486000131295
5487,mijn_heer_zak_met_rijst,20,het,2.2386706405086443e-05,10.70704323933142
5488,mijn_heer_zak_met_rijst,20,paleis,0.00018210064445156604,8.610951032238807
5489,mijn_heer_zak_met_rijst,20,van,9.235577454091981e-05,9.289862324406306
5490,mijn_heer_zak_met_rijst,20,den,7.038324838504195e-05,9.561555272190759
5491,mijn_heer_zak_met_rijst,20,Drakenkoning,0.00021580375323537737,8.441141113097888
5492,mijn_heer_zak_met_rijst,20,bereikte,2.9578984594991198e-06,12.731031521682336
5493,mijn_heer_zak_met_rijst,20,",",0.02857196144759655,3.555329410997456
5494,mijn_heer_zak_met_rijst,20,bleek,1.1688000995491166e-05,11.356947798343809
5495,mijn_heer_zak_met_rijst,20,het,0.0004903541412204504,7.620382690723756
5496,mijn_heer_zak_met_rijst,20,een,1.3676161870534997e-05,11.19985625015497
5497,mijn_heer_zak_met_rijst,20,"
",0.003524377243593335,5.64805152680978
5498,mijn_heer_zak_met_rijst,20,prachtig,7.527373963966966e-05,9.494379227148544
5499,mijn_heer_zak_met_rijst,20,gebouw,0.0009541827021166682,6.954655393199311
5500,mijn_heer_zak_met_rijst,20,te,0.010273135267198086,4.5782230175809175
5501,mijn_heer_zak_met_rijst,20,zijn,0.0003458637511357665,7.969465643303979
5502,mijn_heer_zak_met_rijst,20,",",0.08770221471786499,2.433808126583464
5503,mijn_heer_zak_met_rijst,20,nauwelijks,0.007605546619743109,4.878877479490535
5504,mijn_heer_zak_met_rijst,20,minder,0.008337116800248623,4.787037829786304
5505,mijn_heer_zak_met_rijst,20,schoon,0.0002476918452885002,8.30332514373677
5506,mijn_heer_zak_met_rijst,20,dan,8.373570744879544e-05,9.387845059150532
5507,mijn_heer_zak_met_rijst,20,het,1.191474984807428e-05,11.337733442340273
5508,mijn_heer_zak_met_rijst,20,paleis,0.05800718441605568,2.8471884068645394
5509,mijn_heer_zak_met_rijst,20,van,0.005221318453550339,5.255005331671374
5510,mijn_heer_zak_met_rijst,20,den,0.022834347561001778,3.7794894046385448
5511,mijn_heer_zak_met_rijst,20,"
",0.010722581297159195,4.53540335967993
5512,mijn_heer_zak_met_rijst,20,Zeekoning,6.293172191362828e-05,9.673460198434793
5513,mijn_heer_zak_met_rijst,20,zelf,0.0005658895242959261,7.477111685568819
5514,mijn_heer_zak_met_rijst,20,.,0.05037814751267433,2.9881977790260086
5515,mijn_heer_zak_met_rijst,21,werd,9.343428973807022e-05,9.278252152287807
5516,mijn_heer_zak_met_rijst,21,onthaald,0.009763876907527447,4.629065733297844
5517,mijn_heer_zak_met_rijst,21,op,0.0005777987535111606,7.456284927236023
5518,mijn_heer_zak_met_rijst,21,gekristalliseerde,0.005458502098917961,5.210580867721177
5519,mijn_heer_zak_met_rijst,21,lotusbladeren,2.880980218833429e-06,12.757379967962015
5520,mijn_heer_zak_met_rijst,21,en,0.0005777160986326635,7.456427988795959
5521,mijn_heer_zak_met_rijst,21,"
",0.0024892825167626143,5.995760755905989
5522,mijn_heer_zak_met_rijst,21,bloemen,3.006220140377991e-05,10.41224194266222
5523,mijn_heer_zak_met_rijst,21,en,0.014602204784750938,4.226582749014936
5524,mijn_heer_zak_met_rijst,21,at,2.9307026125025004e-05,10.437683271199646
5525,mijn_heer_zak_met_rijst,21,de,0.007431745994836092,4.901994455283383
5526,mijn_heer_zak_met_rijst,21,lekkernijen,0.0008282511262223125,7.0961941570238745
5527,mijn_heer_zak_met_rijst,21,",",0.01935960166156292,3.944566772677875
5528,mijn_heer_zak_met_rijst,21,die,0.0007269030320458114,7.226717470281653
5529,mijn_heer_zak_met_rijst,21,te,0.000263015681412071,8.243296902423063
5530,mijn_heer_zak_met_rijst,21,kust,0.0032861586660146713,5.718035975074862
5531,mijn_heer_zak_met_rijst,21,en,0.007108239457011223,4.946500680876303
5532,mijn_heer_zak_met_rijst,21,te,0.000661624304484576,7.320812679009685
5533,mijn_heer_zak_met_rijst,21,keur,0.008207152597606182,4.8027492369158304
5534,mijn_heer_zak_met_rijst,21,hem,8.495180372847244e-05,9.373426477246879
5535,mijn_heer_zak_met_rijst,21,werden,0.00046900921734049916,7.664888136533079
5536,mijn_heer_zak_met_rijst,21,"
",0.2589398920536041,1.3511593212297481
5537,mijn_heer_zak_met_rijst,21,voorgezet,0.0031197662465274334,5.76999720095226
5538,mijn_heer_zak_met_rijst,21,.,0.03181737661361694,3.4477427040464432
5539,mijn_heer_zak_met_rijst,22,hij,6.379739829753817e-07,14.26496833346856
5540,mijn_heer_zak_met_rijst,22,smulde,0.00019151678134221584,8.5605351221531
5541,mijn_heer_zak_met_rijst,22,",",0.04933221638202667,3.0091779350473056
5542,mijn_heer_zak_met_rijst,22,dansten,2.3410619178321213e-05,10.662320827502338
5543,mijn_heer_zak_met_rijst,22,tien,2.150093450836721e-06,13.049999251263849
5544,mijn_heer_zak_met_rijst,22,kleine,8.648629773233552e-06,11.658109657286978
5545,mijn_heer_zak_met_rijst,22,goudvischjes,0.00020917227084282786,8.47235238311129
5546,mijn_heer_zak_met_rijst,22,",",0.1496770828962326,1.8992750861410583
5547,mijn_heer_zak_met_rijst,22,en,0.007644827011972666,4.873726067460433
5548,mijn_heer_zak_met_rijst,22,vlak,0.0015728247817605734,6.454882052235322
5549,mijn_heer_zak_met_rijst,22,"
",0.0003432545636314899,7.977038218046995
5550,mijn_heer_zak_met_rijst,22,achter,8.890277240425348e-05,9.327967230281033
5551,mijn_heer_zak_met_rijst,22,de,0.015438420698046684,4.170896026013057
5552,mijn_heer_zak_met_rijst,22,goudvischjes,0.0005660216556861997,7.47687821956334
5553,mijn_heer_zak_met_rijst,22,maakten,0.00029903947142884135,8.114934981818639
5554,mijn_heer_zak_met_rijst,22,tien,2.3803697786206612e-06,12.948254713181084
5555,mijn_heer_zak_met_rijst,22,karpers,0.0007237600511871278,7.231050641522893
5556,mijn_heer_zak_met_rijst,22,liefelijke,0.001542115118354559,6.474600351404113
5557,mijn_heer_zak_met_rijst,22,muziek,9.936591959558427e-05,9.216701364303516
5558,mijn_heer_zak_met_rijst,22,op,0.002323873108252883,6.064520042062792
5559,mijn_heer_zak_met_rijst,22,de,0.00021136067516636103,8.461944522804933
5560,mijn_heer_zak_met_rijst,22,koto,0.0012399367988109589,6.6926948693649795
5561,mijn_heer_zak_met_rijst,22,"
",0.007960404269397259,4.8332754928027715
5562,mijn_heer_zak_met_rijst,22,en,0.005503248888999224,5.202416654051702
5563,mijn_heer_zak_met_rijst,22,de,0.014262964017689228,4.250089030216997
5564,mijn_heer_zak_met_rijst,22,samisen,3.216977711417712e-05,10.344483145112314
5565,mijn_heer_zak_met_rijst,22,.,0.1322035938501358,2.023412166985978
5566,mijn_heer_zak_met_rijst,23,dacht,0.00015486394113395363,8.772963625672078
5567,mijn_heer_zak_met_rijst,23,Hidesato,5.353058077162132e-05,9.835257464157324
5568,mijn_heer_zak_met_rijst,23,er,0.0004400323668960482,7.728662272630072
5569,mijn_heer_zak_met_rijst,23,over,1.0130194823432248e-05,11.499990007565595
5570,mijn_heer_zak_met_rijst,23,na,0.00017372444563079625,8.658040159842244
5571,mijn_heer_zak_met_rijst,23,",",0.05879410356283188,2.8337137086495607
5572,mijn_heer_zak_met_rijst,23,hoe,6.579164164577378e-07,14.234187940349637
5573,mijn_heer_zak_met_rijst,23,voortreffelijk,0.002018905244767666,6.205199872517172
5574,mijn_heer_zak_met_rijst,23,hij,5.715622137358878e-06,12.072307406212117
5575,mijn_heer_zak_met_rijst,23,"
",0.0015362605918198824,6.478404002513895
5576,mijn_heer_zak_met_rijst,23,onthaald,0.0004329166258685291,7.744965398459115
5577,mijn_heer_zak_met_rijst,23,was,1.221636739501264e-05,11.31273391559738
5578,mijn_heer_zak_met_rijst,23,",",0.03119250386953354,3.467577473625774
5579,mijn_heer_zak_met_rijst,23,en,0.004548604134470224,5.392934876719921
5580,mijn_heer_zak_met_rijst,23,hoe,7.561657548649237e-05,9.489835046344266
5581,mijn_heer_zak_met_rijst,23,bijzonder,1.187657835544087e-05,11.340942302733483
5582,mijn_heer_zak_met_rijst,23,lekker,6.640768697252497e-05,9.619697740523936
5583,mijn_heer_zak_met_rijst,23,de,0.029209056869149208,3.533276451047979
5584,mijn_heer_zak_met_rijst,23,wijn,0.0029844471719115973,5.814340751329253
5585,mijn_heer_zak_met_rijst,23,was,4.1521958337398246e-05,10.08928815409662
5586,mijn_heer_zak_met_rijst,23,",",0.37323081493377686,0.9855582439273294
5587,mijn_heer_zak_met_rijst,23,toen,0.0018355876673012972,6.300390594086074
5588,mijn_heer_zak_met_rijst,23,zij,0.0023204409517347813,6.065998045961136
5589,mijn_heer_zak_met_rijst,23,allen,2.888764902309049e-05,10.452096423637471
5590,mijn_heer_zak_met_rijst,23,een,1.548662839923054e-05,11.075533590285605
5591,mijn_heer_zak_met_rijst,23,"
",0.17057949304580688,1.7685538560395053
5592,mijn_heer_zak_met_rijst,23,vreeselijk,2.1154575733817182e-05,10.763654329118985
5593,mijn_heer_zak_met_rijst,23,leven,0.00048526254249736667,7.630820488753334
5594,mijn_heer_zak_met_rijst,23,hoorden,0.003601808799430728,5.626319115416625
5595,mijn_heer_zak_met_rijst,23,",",0.16224293410778046,1.8186604737589962
5596,mijn_heer_zak_met_rijst,23,als,0.000339037855155766,7.98939878969198
5597,mijn_heer_zak_met_rijst,23,een,8.09292760095559e-05,9.42193492038132
5598,mijn_heer_zak_met_rijst,23,dozijn,0.0010445720981806517,6.864147952848531
5599,mijn_heer_zak_met_rijst,23,donderslagen,0.004929982591420412,5.312419822085819
5600,mijn_heer_zak_met_rijst,23,",",0.2787383496761322,1.2774817519650696
5601,mijn_heer_zak_met_rijst,23,die,0.00130929343868047,6.63826764706179
5602,mijn_heer_zak_met_rijst,23,te,0.000695452094078064,7.270948428803347
5603,mijn_heer_zak_met_rijst,23,gelijk,0.0001657044776948169,8.705304610995137
5604,mijn_heer_zak_met_rijst,23,"
",0.32060524821281433,1.1375446689693225
5605,mijn_heer_zak_met_rijst,23,losbraken,0.0002482376294210553,8.301124087414319
5606,mijn_heer_zak_met_rijst,23,.,0.05929621309041977,2.8252098352128887
5607,mijn_heer_zak_met_rijst,23,"

",0.0009672346641309559,6.941069419633712
5608,mijn_heer_zak_met_rijst,23,Hidesato,0.02125043235719204,3.851378037597891
5609,mijn_heer_zak_met_rijst,23,en,0.0008769289124757051,7.039084626487807
5610,mijn_heer_zak_met_rijst,23,de,0.0069565619342029095,4.968069901652484
5611,mijn_heer_zak_met_rijst,23,Drakenkoning,2.8964441298739985e-05,10.449441642442045
5612,mijn_heer_zak_met_rijst,23,stonden,0.0032822333741933107,5.719231181531667
5613,mijn_heer_zak_met_rijst,23,haastig,0.00037038532900623977,7.900966664491159
5614,mijn_heer_zak_met_rijst,23,op,0.0015417980030179024,6.47480600916767
5615,mijn_heer_zak_met_rijst,23,en,0.00031036444124765694,8.077763334053618
5616,mijn_heer_zak_met_rijst,23,liepen,0.0002944537263829261,8.130388693252428
5617,mijn_heer_zak_met_rijst,23,naar,0.0004793077823705971,7.643167614979542
5618,mijn_heer_zak_met_rijst,23,het,3.531836409820244e-05,10.251107499886595
5619,mijn_heer_zak_met_rijst,23,"
",0.1300257295370102,2.040022928594575
5620,mijn_heer_zak_met_rijst,23,balkon,0.00015165391960181296,8.793909477794998
5621,mijn_heer_zak_met_rijst,23,.,0.015580552630126476,4.161731768685512
5622,mijn_heer_zak_met_rijst,24,zagen,0.008632905781269073,4.752174123576205
5623,mijn_heer_zak_met_rijst,24,",",0.06405730545520782,2.7479771985142665
5624,mijn_heer_zak_met_rijst,24,dat,5.738155323342653e-06,12.06837277152388
5625,mijn_heer_zak_met_rijst,24,de,0.0005142820300534368,7.5727387463860305
5626,mijn_heer_zak_met_rijst,24,berg,0.00016587553545832634,8.70427283723376
5627,mijn_heer_zak_met_rijst,24,Mikami,1.1676560163209615e-08,18.265682409496428
5628,mijn_heer_zak_met_rijst,24,nauwelijks,3.566802843124606e-05,10.241255832584017
5629,mijn_heer_zak_met_rijst,24,te,0.03668345510959625,3.3054294400214164
5630,mijn_heer_zak_met_rijst,24,herkennen,8.253326814156026e-05,9.40230909570642
5631,mijn_heer_zak_met_rijst,24,was,8.166302723111585e-05,9.412909201597634
5632,mijn_heer_zak_met_rijst,24,",",0.06915891915559769,2.6713482464615557
5633,mijn_heer_zak_met_rijst,24,daar,0.0014258314622566104,6.553000153135784
5634,mijn_heer_zak_met_rijst,24,"
",0.0028319007251411676,5.866807158446885
5635,mijn_heer_zak_met_rijst,24,hij,4.62584739580052e-06,12.283850983069124
5636,mijn_heer_zak_met_rijst,24,van,0.00011352563160471618,9.083481917421931
5637,mijn_heer_zak_met_rijst,24,den,0.0010004681535065174,6.907287235025283
5638,mijn_heer_zak_met_rijst,24,top,1.3492165635398123e-05,11.213401364276477
5639,mijn_heer_zak_met_rijst,24,tot,0.0001279850403079763,8.963597173468726
5640,mijn_heer_zak_met_rijst,24,den,0.0004160292446613312,7.784755000507255
5641,mijn_heer_zak_met_rijst,24,voet,0.0011707482626661658,6.750112193851187
5642,mijn_heer_zak_met_rijst,24,bedekt,0.0003321858821436763,8.009815859750532
5643,mijn_heer_zak_met_rijst,24,was,4.751932647195645e-05,9.95437405658027
5644,mijn_heer_zak_met_rijst,24,door,2.631012102938257e-05,10.545556862794088
5645,mijn_heer_zak_met_rijst,24,den,0.006189560517668724,5.084891193567274
5646,mijn_heer_zak_met_rijst,24,ontzaglijken,1.1804933564008024e-07,15.952163201214882
5647,mijn_heer_zak_met_rijst,24,"
",0.12815918028354645,2.054482191722286
5648,mijn_heer_zak_met_rijst,24,honderdpoot,0.010046890936791897,4.600492051861775
5649,mijn_heer_zak_met_rijst,24,.,0.041220635175704956,3.188816294232799
5650,mijn_heer_zak_met_rijst,24,"

",0.00010959873179672286,9.11868475471509
5651,mijn_heer_zak_met_rijst,25,44,0.0011487927986308932,6.769043628291204
5652,mijn_heer_zak_met_rijst,26,"

",0.01365239080041647,4.293840622474516
5653,mijn_heer_zak_met_rijst,26,In,0.03279894217848778,3.417359014767963
5654,mijn_heer_zak_met_rijst,26,zijn,4.335637277108617e-05,10.04605685813542
5655,mijn_heer_zak_met_rijst,26,kop,8.810777217149734e-05,9.336949809032498
5656,mijn_heer_zak_met_rijst,26,gloeiden,0.0005262946942821145,7.549649246821773
5657,mijn_heer_zak_met_rijst,26,twee,7.145500421756878e-05,9.546442618006393
5658,mijn_heer_zak_met_rijst,26,vuurballen,2.3417873308062553e-05,10.66201101057618
5659,mijn_heer_zak_met_rijst,26,en,0.0005614085239358246,7.485061710796175
5660,mijn_heer_zak_met_rijst,26,zijn,0.0004094243049621582,7.8007585192248055
5661,mijn_heer_zak_met_rijst,26,honderd,0.0006489043589681387,7.340225218886854
5662,mijn_heer_zak_met_rijst,26,pooten,1.3593347830465063e-05,11.205930014998287
5663,mijn_heer_zak_met_rijst,26,waren,0.0016740739811211824,6.39249511367324
5664,mijn_heer_zak_met_rijst,26,als,6.695518095511943e-05,9.611487103382514
5665,mijn_heer_zak_met_rijst,26,"
",0.013046372681856155,4.339245139263522
5666,mijn_heer_zak_met_rijst,26,een,2.0349347323644906e-05,10.802461719138167
5667,mijn_heer_zak_met_rijst,26,lange,0.0010593895567581058,6.850062426597257
5668,mijn_heer_zak_met_rijst,26,",",0.014465377666056156,4.235997231938345
5669,mijn_heer_zak_met_rijst,26,kronkelende,0.0010090810246765614,6.898715238875764
5670,mijn_heer_zak_met_rijst,26,ketens,0.00018399003602098674,8.600628953881419
5671,mijn_heer_zak_met_rijst,26,lantarens,1.149843774328474e-05,11.373299380233323
5672,mijn_heer_zak_met_rijst,26,.,0.010926544666290283,4.516560159776065
5673,mijn_heer_zak_met_rijst,26,"

",0.00299275666475296,5.81156035486912
5674,mijn_heer_zak_met_rijst,27,deed,1.1026704882510785e-08,18.322945789699247
5675,mijn_heer_zak_met_rijst,27,een,2.3436012270394713e-05,10.661236732711519
5676,mijn_heer_zak_met_rijst,27,pijl,0.00045496117672882974,7.695298468524487
5677,mijn_heer_zak_met_rijst,27,op,0.0040962244383990765,5.4976895982150715
5678,mijn_heer_zak_met_rijst,27,zijn,0.0007053393055684865,7.256831586437933
5679,mijn_heer_zak_met_rijst,27,boog,0.00012710811279248446,8.97047255180997
5680,mijn_heer_zak_met_rijst,27,en,0.0009795556543394923,6.928411503062132
5681,mijn_heer_zak_met_rijst,27,trok,4.461286880541593e-05,10.017488202319383
5682,mijn_heer_zak_met_rijst,27,toen,0.0005469418247230351,7.511168114538183
5683,mijn_heer_zak_met_rijst,27,de,0.006409007590264082,5.050050842147426
5684,mijn_heer_zak_met_rijst,27,pees,6.351578485919163e-05,9.66422210249692
5685,mijn_heer_zak_met_rijst,27,met,0.0010547148995101452,6.854484786005964
5686,mijn_heer_zak_met_rijst,27,alle,0.0010266057215631008,6.881497334540627
5687,mijn_heer_zak_met_rijst,27,kracht,0.0002039524697465822,8.497623582705103
5688,mijn_heer_zak_met_rijst,27,"
",0.004849201999604702,5.328941123734284
5689,mijn_heer_zak_met_rijst,27,aan,4.53626398666529e-06,12.303406795113817
5690,mijn_heer_zak_met_rijst,27,.,0.008608108386397362,4.755050684285408
5691,mijn_heer_zak_met_rijst,28,pijl,0.00020648039935622364,8.485305068440018
5692,mijn_heer_zak_met_rijst,28,vloog,5.6601507822051644e-05,9.779474933144398
5693,mijn_heer_zak_met_rijst,28,door,3.663316601887345e-05,10.214556552506938
5694,mijn_heer_zak_met_rijst,28,de,0.0062912884168326855,5.068589393501299
5695,mijn_heer_zak_met_rijst,28,lucht,7.04297490301542e-05,9.560894812607394
5696,mijn_heer_zak_met_rijst,28,en,7.976897904882208e-05,9.436375862809086
5697,mijn_heer_zak_met_rijst,28,trof,3.335094515932724e-05,10.308424445394717
5698,mijn_heer_zak_met_rijst,28,den,0.0024602829944342375,6.007478897266372
5699,mijn_heer_zak_met_rijst,28,honderdpoot,0.00722474604845047,4.930243194604777
5700,mijn_heer_zak_met_rijst,28,in,0.00037148871342651546,7.897992075354071
5701,mijn_heer_zak_met_rijst,28,het,3.674736217362806e-05,10.211444112469914
5702,mijn_heer_zak_met_rijst,28,midden,9.877467164187692e-06,11.525254438970345
5703,mijn_heer_zak_met_rijst,28,"
",0.0023120567202568054,6.069617795489887
5704,mijn_heer_zak_met_rijst,28,van,0.00020737832528539002,8.48096577445075
5705,mijn_heer_zak_met_rijst,28,den,0.000264582660747692,8.237356838484681
5706,mijn_heer_zak_met_rijst,28,kop,0.00010676137753762305,9.144914330386214
5707,mijn_heer_zak_met_rijst,28,",",0.005078963935375214,5.282647987921609
5708,mijn_heer_zak_met_rijst,28,maar,0.00023265409981831908,8.365957757570907
5709,mijn_heer_zak_met_rijst,28,sprong,4.333903234510217e-06,12.349041982162069
5710,mijn_heer_zak_met_rijst,28,terug,0.00011957089736824855,9.031601079099431
5711,mijn_heer_zak_met_rijst,28,zonder,0.0013197042280808091,6.63034763712696
5712,mijn_heer_zak_met_rijst,28,een,1.590912688698154e-05,11.048617595374276
5713,mijn_heer_zak_met_rijst,28,wond,0.003587601240724325,5.630271477883624
5714,mijn_heer_zak_met_rijst,28,te,2.0773357391590253e-05,10.78183928693881
5715,mijn_heer_zak_met_rijst,28,hebben,0.001093829981982708,6.818069996581864
5716,mijn_heer_zak_met_rijst,28,veroorzaakt,0.0013707922771573067,6.592366401801322
5717,mijn_heer_zak_met_rijst,28,.,0.0722062811255455,2.6282282406686153
5718,mijn_heer_zak_met_rijst,28,"
",9.630819477024488e-06,11.550542239510497
5719,mijn_heer_zak_met_rijst,29,liet,0.004625909961760044,5.376082178881536
5720,mijn_heer_zak_met_rijst,29,Hidesato,8.196917042369023e-05,9.40916735183743
5721,mijn_heer_zak_met_rijst,29,een,2.638073738125968e-06,12.845461551775514
5722,mijn_heer_zak_met_rijst,29,pijl,0.00027846029843203723,8.186235063760527
5723,mijn_heer_zak_met_rijst,29,voortsuizen,0.0007009261171333492,7.263108072870366
5724,mijn_heer_zak_met_rijst,29,",",0.06616178154945374,2.7156523007354516
5725,mijn_heer_zak_met_rijst,29,weer,0.00024856647360138595,8.29980024879722
5726,mijn_heer_zak_met_rijst,29,trof,8.673666940239855e-08,16.26038909675854
5727,mijn_heer_zak_met_rijst,29,die,1.633283136470709e-05,11.022333281767054
5728,mijn_heer_zak_met_rijst,29,pijl,0.01042450126260519,4.563596352959154
5729,mijn_heer_zak_met_rijst,29,het,7.2508742050558794e-06,11.834388516359168
5730,mijn_heer_zak_met_rijst,29,monster,0.0001844944345066324,8.597891260214379
5731,mijn_heer_zak_met_rijst,29,",",0.16987667977809906,1.7726825182412544
5732,mijn_heer_zak_met_rijst,29,"
",1.29670052047004e-05,11.253102488017149
5733,mijn_heer_zak_met_rijst,29,maar,0.0008291934500448406,7.095057076559703
5734,mijn_heer_zak_met_rijst,29,weer,0.018548542633652687,3.9873640572385978
5735,mijn_heer_zak_met_rijst,29,viel,7.041653589112684e-05,9.561082437564254
5736,mijn_heer_zak_met_rijst,29,hij,5.95484088989906e-05,9.72872098126063
5737,mijn_heer_zak_met_rijst,29,op,0.0007307851337827742,7.2213910760554345
5738,mijn_heer_zak_met_rijst,29,den,0.003950015641748905,5.534035740140515
5739,mijn_heer_zak_met_rijst,29,grond,0.0003224060346838087,8.039698829505092
5740,mijn_heer_zak_met_rijst,29,",",0.12587976455688477,2.0724280771651444
5741,mijn_heer_zak_met_rijst,29,zonder,0.003710170742124319,5.596677381285844
5742,mijn_heer_zak_met_rijst,29,schade,0.0005544654559344053,7.497506050798103
5743,mijn_heer_zak_met_rijst,29,te,7.714780804235488e-05,9.469787391193785
5744,mijn_heer_zak_met_rijst,29,hebben,0.0020652327220886946,6.182512360571087
5745,mijn_heer_zak_met_rijst,29,berokkend,0.0009706681594252586,6.937525899447561
5746,mijn_heer_zak_met_rijst,29,.,0.023826846852898598,3.736942315010784
5747,mijn_heer_zak_met_rijst,29,"
",1.1510628610267304e-05,11.372239722450084
5748,mijn_heer_zak_met_rijst,29,Hidesato,0.011631115339696407,4.454071415098323
5749,mijn_heer_zak_met_rijst,29,had,1.8093513062922284e-05,10.91995707824477
5750,mijn_heer_zak_met_rijst,29,nog,0.007345442194491625,4.913675267697843
5751,mijn_heer_zak_met_rijst,29,slechts,0.004207227844744921,5.470951317355621
5752,mijn_heer_zak_met_rijst,29,één,3.624236705945805e-05,10.225281762712296
5753,mijn_heer_zak_met_rijst,29,pijl,0.010905548930168152,4.518483543120133
5754,mijn_heer_zak_met_rijst,29,over,2.414431219222024e-05,10.631461725595761
5755,mijn_heer_zak_met_rijst,29,.,0.007100351620465517,4.947610972151913
5756,mijn_heer_zak_met_rijst,30,herinnerde,9.687729288998526e-06,11.54465049502312
5757,mijn_heer_zak_met_rijst,30,hij,1.2471842865124927e-06,13.594622118294005
5758,mijn_heer_zak_met_rijst,30,zich,0.0006419256678782403,7.3510380430987015
5759,mijn_heer_zak_met_rijst,30,"
",0.0017536854138597846,6.346035754675624
5760,mijn_heer_zak_met_rijst,30,de,0.0003932146937586367,7.8411548007083205
5761,mijn_heer_zak_met_rijst,30,tooverwerking,8.536661334801465e-05,9.368555478011075
5762,mijn_heer_zak_met_rijst,30,van,0.0008656809804961085,7.051994100070401
5763,mijn_heer_zak_met_rijst,30,menschelijk,6.285931158345193e-05,9.67461147823847
5764,mijn_heer_zak_met_rijst,30,speeksel,1.6033713109209202e-05,11.040816983156128
5765,mijn_heer_zak_met_rijst,30,",",0.0023653998505324125,6.046808201336398
5766,mijn_heer_zak_met_rijst,30,en,0.006846350617706776,4.984039525212349
5767,mijn_heer_zak_met_rijst,30,daarom,0.001995786326006055,6.216717157922414
5768,mijn_heer_zak_met_rijst,30,stak,0.010876377113163471,4.521162078928938
5769,mijn_heer_zak_met_rijst,30,hij,0.0001044894233928062,9.166424703233737
5770,mijn_heer_zak_met_rijst,30,de,0.003415656043216586,5.679385698050272
5771,mijn_heer_zak_met_rijst,30,punt,0.000489581492729485,7.621959628278247
5772,mijn_heer_zak_met_rijst,30,"
",0.1548328697681427,1.8654090033633153
5773,mijn_heer_zak_met_rijst,30,van,0.0040634190663695335,5.505730525191087
5774,mijn_heer_zak_met_rijst,30,den,0.0010019504697993398,6.905806708879217
5775,mijn_heer_zak_met_rijst,30,laatst,0.005112734157592058,5.276020957666049
5776,mijn_heer_zak_met_rijst,30,overgebleven,6.273381586652249e-05,9.676609927695768
5777,mijn_heer_zak_met_rijst,30,pijl,0.0037867343053221703,5.576251292195775
5778,mijn_heer_zak_met_rijst,30,een,2.6645977868611226e-06,12.835457435991415
5779,mijn_heer_zak_met_rijst,30,oogenblik,5.5779502872610465e-05,9.794104088092016
5780,mijn_heer_zak_met_rijst,30,in,0.0005188858485780656,7.56382664392611
5781,mijn_heer_zak_met_rijst,30,zijn,0.002713991329073906,5.909334912462586
5782,mijn_heer_zak_met_rijst,30,mond,6.478589057223871e-05,9.644422716397159
5783,mijn_heer_zak_met_rijst,30,",",0.038534436374902725,3.256202986175411
5784,mijn_heer_zak_met_rijst,30,waarna,0.004032082390040159,5.513472314384104
5785,mijn_heer_zak_met_rijst,30,hij,1.0928866913673119e-06,13.726688021694217
5786,mijn_heer_zak_met_rijst,30,"
",0.05090341344475746,2.9778252958911464
5787,mijn_heer_zak_met_rijst,30,dien,0.04803299903869629,3.0358670243075117
5788,mijn_heer_zak_met_rijst,30,haastig,0.0005650574457831681,7.47858315803377
5789,mijn_heer_zak_met_rijst,30,op,0.0021156445145606995,6.158395777889301
5790,mijn_heer_zak_met_rijst,30,den,0.0070607964880764484,4.953197416832351
5791,mijn_heer_zak_met_rijst,30,boog,0.004375528544187546,5.431727956369501
5792,mijn_heer_zak_met_rijst,30,legde,0.0015718195354565978,6.455521390892933
5793,mijn_heer_zak_met_rijst,30,en,0.008126484230160713,4.812626892967969
5794,mijn_heer_zak_met_rijst,30,nauwkeurig,0.002116188406944275,6.1581387297512205
5795,mijn_heer_zak_met_rijst,30,mikte,0.00032324198400601745,8.037109338745022
5796,mijn_heer_zak_met_rijst,30,.,0.02667156048119068,3.624157431769091
5797,mijn_heer_zak_met_rijst,30,"

",0.0014016652712598443,6.570094269759831
5798,mijn_heer_zak_met_rijst,31,laatste,0.000769700447563082,7.169509147946866
5799,mijn_heer_zak_met_rijst,31,pijl,0.0003901455202139914,7.84899075968198
5800,mijn_heer_zak_met_rijst,31,trof,3.4501139452913776e-05,10.27451820685167
5801,mijn_heer_zak_met_rijst,31,doel,0.0008424875559285283,7.079151666258083
5802,mijn_heer_zak_met_rijst,31,en,0.0009285999112762511,6.981832577924171
5803,mijn_heer_zak_met_rijst,31,doorboorde,8.602622983744368e-05,9.360858310103424
5804,mijn_heer_zak_met_rijst,31,de,0.0046601020731031895,5.368717926985077
5805,mijn_heer_zak_met_rijst,31,hersenen,3.274904429417802e-06,12.629221871160016
5806,mijn_heer_zak_met_rijst,31,van,0.0007609348394908011,7.180962828616435
5807,mijn_heer_zak_met_rijst,31,het,0.00015527127834502608,8.770336787959257
5808,mijn_heer_zak_met_rijst,31,monster,0.00015148853708524257,8.795000598681105
5809,mijn_heer_zak_met_rijst,31,.,0.04602939262986183,3.078475116333203
5810,mijn_heer_zak_met_rijst,32,"
",0.0024448230396956205,6.013782535077209
5811,mijn_heer_zak_met_rijst,32,bewoog,0.0007864930666983128,7.1479266508915575
5812,mijn_heer_zak_met_rijst,32,zich,0.0008610410732217133,7.057368350584088
5813,mijn_heer_zak_met_rijst,32,niet,0.0045346543192863464,5.396006423394991
5814,mijn_heer_zak_met_rijst,32,langer,6.545873475261033e-05,9.63409061763578
5815,mijn_heer_zak_met_rijst,32,;,0.0001754563272697851,8.648120393491634
5816,mijn_heer_zak_met_rijst,33,licht,5.383714096751646e-07,14.434717162412271
5817,mijn_heer_zak_met_rijst,33,in,0.009804592467844486,4.624904383905477
5818,mijn_heer_zak_met_rijst,33,zijn,0.0001101181551348418,9.113956631055396
5819,mijn_heer_zak_met_rijst,33,oogen,6.512735239994072e-07,14.24433612322692
5820,mijn_heer_zak_met_rijst,33,en,0.005118907429277897,5.274814255421347
5821,mijn_heer_zak_met_rijst,33,pooten,3.656750050140545e-05,10.21635067647339
5822,mijn_heer_zak_met_rijst,33,verzwakte,0.00014865293633192778,8.81389625538914
5823,mijn_heer_zak_met_rijst,33,en,0.0011466536670923233,6.7709074331672925
5824,mijn_heer_zak_met_rijst,33,"
",0.002151433378458023,6.14162097132516
5825,mijn_heer_zak_met_rijst,33,ging,8.357525871360849e-08,16.297518309058937
5826,mijn_heer_zak_met_rijst,33,eindelijk,0.008742105215787888,4.739604246947932
5827,mijn_heer_zak_met_rijst,33,uit,0.0002505062730051577,8.292026595816141
5828,mijn_heer_zak_met_rijst,33,",",0.009932175278663635,4.6119757636200465
5829,mijn_heer_zak_met_rijst,33,en,0.000709669606294483,7.25071103948189
5830,mijn_heer_zak_met_rijst,33,het,0.00012842935393564403,8.96013157963048
5831,mijn_heer_zak_met_rijst,33,meer,0.00043632014421746135,7.737134308335648
5832,mijn_heer_zak_met_rijst,33,Biwa,7.459159405698301e-06,11.806067830298796
5833,mijn_heer_zak_met_rijst,33,",",0.030684301629662514,3.484004102739735
5834,mijn_heer_zak_met_rijst,33,met,0.0008038731757551432,7.126069042825903
5835,mijn_heer_zak_met_rijst,33,zijn,0.013869665563106537,4.278051157195089
5836,mijn_heer_zak_met_rijst,33,onderzeesch,0.0009484664187766612,6.960664173774041
5837,mijn_heer_zak_met_rijst,33,paleis,0.00047375165740959346,7.6548273030838505
5838,mijn_heer_zak_met_rijst,33,",",0.1470153033733368,1.917218593041384
5839,mijn_heer_zak_met_rijst,33,werd,0.006709324661642313,5.004256979614822
5840,mijn_heer_zak_met_rijst,33,"
",0.006792857777327299,4.991883545643509
5841,mijn_heer_zak_met_rijst,33,in,0.0029337110463529825,5.831487088653537
5842,mijn_heer_zak_met_rijst,33,diepe,1.5931827874737792e-05,11.04719169644804
5843,mijn_heer_zak_met_rijst,33,duisternis,2.0362144823593553e-06,13.104418119854175
5844,mijn_heer_zak_met_rijst,33,gehuld,2.0941997718182392e-05,10.773753955057925
5845,mijn_heer_zak_met_rijst,33,.,0.04476894810795784,3.106240502471941
5846,mijn_heer_zak_met_rijst,34,donder,0.00013661688717547804,8.898329993465026
5847,mijn_heer_zak_met_rijst,34,raasde,0.00021719434880651534,8.434717988629187
5848,mijn_heer_zak_met_rijst,34,",",0.021654171869158745,3.8325571470620887
5849,mijn_heer_zak_met_rijst,34,de,0.0001997448707697913,8.518469651896437
5850,mijn_heer_zak_met_rijst,34,bliksem,0.00022411024838220328,8.403372446912526
5851,mijn_heer_zak_met_rijst,34,flitste,0.00024971997481770813,8.295170368612846
5852,mijn_heer_zak_met_rijst,34,",",0.07763940095901489,2.5556802363342914
5853,mijn_heer_zak_met_rijst,34,en,0.0045891813933849335,5.384053616482934
5854,mijn_heer_zak_met_rijst,34,een,8.266963050118648e-06,11.703243341267212
5855,mijn_heer_zak_met_rijst,34,"
",0.0019832109101116657,6.223038075991954
5856,mijn_heer_zak_met_rijst,34,oogenblik,0.0021962362807244062,6.121010165164592
5857,mijn_heer_zak_met_rijst,34,scheen,0.003849032334983349,5.5599335038367945
5858,mijn_heer_zak_met_rijst,34,het,5.043235796620138e-05,9.89487756575672
5859,mijn_heer_zak_met_rijst,34,",",0.2301919013261795,1.4688419643463257
5860,mijn_heer_zak_met_rijst,34,alsof,6.634899182245135e-05,9.620581992140213
5861,mijn_heer_zak_met_rijst,34,het,1.1153917512274347e-05,11.403719775373519
5862,mijn_heer_zak_met_rijst,34,paleis,0.0007809715461917222,7.1549718413212755
5863,mijn_heer_zak_met_rijst,34,van,0.0010660194093361497,6.8438237457718305
5864,mijn_heer_zak_met_rijst,34,den,0.0019689430482685566,6.230258403934139
5865,mijn_heer_zak_met_rijst,34,Drakenkoning,1.995533602894284e-05,10.822013980269709
5866,mijn_heer_zak_met_rijst,34,op,0.0028500945772975683,5.860403100235498
5867,mijn_heer_zak_met_rijst,34,den,0.0065847099758684635,5.023004987905118
5868,mijn_heer_zak_met_rijst,34,grond,0.000516806379891932,7.567842260579952
5869,mijn_heer_zak_met_rijst,34,"
",0.08914688974618912,2.4174698231538314
5870,mijn_heer_zak_met_rijst,34,zou,0.0016442665364593267,6.410460868689201
5871,mijn_heer_zak_met_rijst,34,vallen,1.3157600733393338e-05,11.238510963780211
5872,mijn_heer_zak_met_rijst,34,.,0.06440487504005432,2.7425659493571573
5873,mijn_heer_zak_met_rijst,34,"

",0.00040415136027149856,7.813721096031088
5874,mijn_heer_zak_met_rijst,35,volgenden,2.8662116164923646e-05,10.459934301412051
5875,mijn_heer_zak_met_rijst,35,dag,8.976253593573347e-05,9.318342864185531
5876,mijn_heer_zak_met_rijst,35,was,1.0492176443221979e-05,11.464880679171772
5877,mijn_heer_zak_met_rijst,35,ieder,1.9041923451368348e-06,13.17145260509196
5878,mijn_heer_zak_met_rijst,35,teeken,0.0009070742526091635,7.005286245037736
5879,mijn_heer_zak_met_rijst,35,van,0.0002549241471569985,8.2745445191859
5880,mijn_heer_zak_met_rijst,35,den,0.00012913107639178634,8.95468257341842
5881,mijn_heer_zak_met_rijst,35,storm,7.09233472662163e-06,11.856495973090905
5882,mijn_heer_zak_met_rijst,35,verdwenen,0.00024503417080268264,8.314112884480943
5883,mijn_heer_zak_met_rijst,35,.,0.059770356863737106,2.817245445547484
5884,mijn_heer_zak_met_rijst,36,lucht,0.00022270054614637047,8.409682531317921
5885,mijn_heer_zak_met_rijst,36,was,1.956407504621893e-05,10.841815579360206
5886,mijn_heer_zak_met_rijst,36,"
",0.006697665434330702,5.005996255942667
5887,mijn_heer_zak_met_rijst,36,helder,1.3448619938571937e-05,11.21663406397849
5888,mijn_heer_zak_met_rijst,36,.,0.05905001610517502,2.8293704636008687
5889,mijn_heer_zak_met_rijst,37,zon,7.707868462603074e-06,11.773268872606664
5890,mijn_heer_zak_met_rijst,37,scheen,2.647728649662895e-07,15.144393491826605
5891,mijn_heer_zak_met_rijst,37,schitterend,2.6178791813435964e-05,10.550560947766833
5892,mijn_heer_zak_met_rijst,37,aan,0.00014130034833215177,8.864622803081135
5893,mijn_heer_zak_met_rijst,37,den,0.00016867411613930017,8.687542011486448
5894,mijn_heer_zak_met_rijst,37,hemel,8.84451947058551e-06,11.63571255963099
5895,mijn_heer_zak_met_rijst,37,.,0.05777561292052269,2.851188514128113
5896,mijn_heer_zak_met_rijst,38,in,6.32467053947039e-05,9.668467520334586
5897,mijn_heer_zak_met_rijst,38,het,4.325846703068237e-07,14.653487760239278
5898,mijn_heer_zak_met_rijst,38,fonkelende,5.855243216501549e-06,12.048173021811248
5899,mijn_heer_zak_met_rijst,38,"
",0.018978076055645943,3.9644708578695234
5900,mijn_heer_zak_met_rijst,38,blauwe,4.402683407533914e-05,10.030711244589693
5901,mijn_heer_zak_met_rijst,38,meer,2.1010012005717726e-06,13.07309656467284
5902,mijn_heer_zak_met_rijst,38,lag,1.2845590390497819e-05,11.26250996578855
5903,mijn_heer_zak_met_rijst,38,het,9.892154776025563e-05,9.221183468847784
5904,mijn_heer_zak_met_rijst,38,lijk,0.00017259689047932625,8.664551795240117
5905,mijn_heer_zak_met_rijst,38,van,0.0007873167051002383,7.146879969784504
5906,mijn_heer_zak_met_rijst,38,den,0.0003268035361543298,8.026151374491283
5907,mijn_heer_zak_met_rijst,38,grooten,9.392441279487684e-05,9.273020218374976
5908,mijn_heer_zak_met_rijst,38,honderdpoot,0.0006576210726052523,7.326881670019708
5909,mijn_heer_zak_met_rijst,38,.,0.09033766388893127,2.4042008081897515
5910,mijn_heer_zak_met_rijst,38,"

",3.549349639797583e-05,10.246161078323103
5911,mijn_heer_zak_met_rijst,39,Drakenkoning,1.5071482266648673e-05,11.102706191393787
5912,mijn_heer_zak_met_rijst,39,en,0.0007909893174655735,7.142226095388228
5913,mijn_heer_zak_met_rijst,39,zijn,5.436537685454823e-05,9.81978306160539
5914,mijn_heer_zak_met_rijst,39,omgeving,0.00010041714267572388,9.206177621499595
5915,mijn_heer_zak_met_rijst,39,waren,0.00034173359745182097,7.981479079263853
5916,mijn_heer_zak_met_rijst,39,bijzonder,0.0007802674081176519,7.155873866113662
5917,mijn_heer_zak_met_rijst,39,verheugd,0.000928288500290364,6.982167989558889
5918,mijn_heer_zak_met_rijst,39,",",0.041501544415950775,3.182024637595752
5919,mijn_heer_zak_met_rijst,39,toen,0.00013895002484787256,8.881396222949778
5920,mijn_heer_zak_met_rijst,39,zij,0.002233871491625905,6.104019103881408
5921,mijn_heer_zak_met_rijst,39,"
",0.00014987702888902277,8.805695407500398
5922,mijn_heer_zak_met_rijst,39,zagen,0.0017392238369211555,6.354316336009814
5923,mijn_heer_zak_met_rijst,39,",",0.03994707390666008,3.2201998533406764
5924,mijn_heer_zak_met_rijst,39,dat,0.001525586354546249,6.485376448037514
5925,mijn_heer_zak_met_rijst,39,hun,2.0386843857522763e-07,15.405790960090382
5926,mijn_heer_zak_met_rijst,39,gevreesde,0.00039511779323220253,7.836326626804692
5927,mijn_heer_zak_met_rijst,39,vijand,0.001962316920980811,6.233629401331568
5928,mijn_heer_zak_met_rijst,39,gedood,6.729523011017591e-05,9.606421198859879
5929,mijn_heer_zak_met_rijst,39,was,1.8165952496929094e-05,10.915961457831573
5930,mijn_heer_zak_met_rijst,39,.,0.05123753845691681,2.971282842590034
5931,mijn_heer_zak_met_rijst,40,werd,0.00011526853631949052,9.068246053276246
5932,mijn_heer_zak_met_rijst,40,weer,0.00012086154310964048,9.020864939367536
5933,mijn_heer_zak_met_rijst,40,"
",0.02018515206873417,3.902807990956086
5934,mijn_heer_zak_met_rijst,40,feestelijk,6.535715510835871e-05,9.635643634853732
5935,mijn_heer_zak_met_rijst,40,onthaald,4.093916140845977e-05,10.103423461368868
5936,mijn_heer_zak_met_rijst,40,",",0.01191499549895525,4.429957546194386
5937,mijn_heer_zak_met_rijst,40,zelfs,2.1950118025415577e-06,13.029323134439496
5938,mijn_heer_zak_met_rijst,40,nog,0.004387745633721352,5.428939706863493
5939,mijn_heer_zak_met_rijst,40,vorstelijker,0.0003214591124560684,8.042640199804916
5940,mijn_heer_zak_met_rijst,40,dan,0.0003103522176388651,8.077802719524003
5941,mijn_heer_zak_met_rijst,40,te,3.1433355616172776e-05,10.367640948101194
5942,mijn_heer_zak_met_rijst,40,voren,0.0041382755152881145,5.487476120123654
5943,mijn_heer_zak_met_rijst,40,.,0.03272449970245361,3.4196312552341697
5944,mijn_heer_zak_met_rijst,41,hij,2.2601044591397113e-08,17.605269710878044
5945,mijn_heer_zak_met_rijst,41,"
",0.0033030954655259848,5.712895230319047
5946,mijn_heer_zak_met_rijst,41,eindelijk,0.00034388972562737763,7.9751895170195235
5947,mijn_heer_zak_met_rijst,41,vertrok,8.535026609024499e-06,11.671332084086584
5948,mijn_heer_zak_met_rijst,41,",",0.00836370512843132,4.783853752887609
5949,mijn_heer_zak_met_rijst,41,deed,5.449104492072365e-07,14.422644369165306
5950,mijn_heer_zak_met_rijst,41,hij,9.622137440601364e-06,11.551444130793874
5951,mijn_heer_zak_met_rijst,41,dit,4.281070869183168e-05,10.058722283591914
5952,mijn_heer_zak_met_rijst,41,met,0.00013562475214712322,8.905618661157868
5953,mijn_heer_zak_met_rijst,41,een,0.00012364589201752096,8.998088787213344
5954,mijn_heer_zak_met_rijst,41,stoet,4.14659662055783e-05,10.090637558618411
5955,mijn_heer_zak_met_rijst,41,van,0.00045140369911678135,7.703148498849725
5956,mijn_heer_zak_met_rijst,41,visschen,0.0014112392673268914,6.563287047612127
5957,mijn_heer_zak_met_rijst,41,",",0.22979602217674255,1.4705632236531465
5958,mijn_heer_zak_met_rijst,41,die,0.0009190290584228933,6.992192816497059
5959,mijn_heer_zak_met_rijst,41,"
",0.008723693899810314,4.741712518396067
5960,mijn_heer_zak_met_rijst,41,plotseling,1.6397900253650732e-05,11.018357264645065
5961,mijn_heer_zak_met_rijst,41,in,0.00011395367619115859,9.079718541352351
5962,mijn_heer_zak_met_rijst,41,mannen,1.478059289183875e-06,13.424780621774712
5963,mijn_heer_zak_met_rijst,41,veranderden,0.0015098146395757794,6.495768390938174
5964,mijn_heer_zak_met_rijst,41,.,0.07274899631738663,2.6207401693502876
5965,mijn_heer_zak_met_rijst,42,Drakenkoning,1.5071482266648673e-05,11.102706191393787
5966,mijn_heer_zak_met_rijst,42,schonk,6.2231933952716645e-06,11.98722737536183
5967,mijn_heer_zak_met_rijst,42,onze,1.6588768630754203e-05,11.006784680099859
5968,mijn_heer_zak_met_rijst,42,held,6.1585633375216275e-06,11.997667032048199
5969,mijn_heer_zak_met_rijst,42,vijf,0.0006128384848125279,7.397409139922806
5970,mijn_heer_zak_met_rijst,42,"
",0.010382608510553837,4.567623131220569
5971,mijn_heer_zak_met_rijst,42,kostbare,0.00018458158592693508,8.597418992079374
5972,mijn_heer_zak_met_rijst,42,gaven,0.00021491113875526935,8.445285923386978
5973,mijn_heer_zak_met_rijst,42,:,0.009860372170805931,4.6192313655620945
5974,mijn_heer_zak_met_rijst,42,twee,0.0002952571667265147,8.127663829763904
5975,mijn_heer_zak_met_rijst,42,klokken,5.050278559792787e-05,9.893482062849229
5976,mijn_heer_zak_met_rijst,42,",",0.011675708927214146,4.450244755453613
5977,mijn_heer_zak_met_rijst,42,een,7.463478686986491e-05,9.502903847515695
5978,mijn_heer_zak_met_rijst,42,zak,2.8081671189283952e-05,10.480393465289739
5979,mijn_heer_zak_met_rijst,42,met,0.00020284636411815882,8.50306169246477
5980,mijn_heer_zak_met_rijst,42,rijst,0.0005487236776389182,7.507915562581573
5981,mijn_heer_zak_met_rijst,42,",",0.1425136923789978,1.9483171970193194
5982,mijn_heer_zak_met_rijst,42,een,0.00030952022643759847,8.080487115995654
5983,mijn_heer_zak_met_rijst,42,rol,0.00018990723765455186,8.56897482789416
5984,mijn_heer_zak_met_rijst,42,zijde,0.0010983037063851953,6.813988374519203
5985,mijn_heer_zak_met_rijst,42,en,0.0042970324866473675,5.4498306139089525
5986,mijn_heer_zak_met_rijst,42,een,7.60919283493422e-06,11.786153458084812
5987,mijn_heer_zak_met_rijst,42,"
",0.14202632009983063,1.9517428857408785
5988,mijn_heer_zak_met_rijst,42,kookpan,0.002436164068058133,6.017330579982897
5989,mijn_heer_zak_met_rijst,42,.,0.007798071019351482,4.853878881082916
5990,mijn_heer_zak_met_rijst,42,"

",5.0627179007278755e-05,9.89102199134477
5991,mijn_heer_zak_met_rijst,43,Drakenkoning,1.5071482266648673e-05,11.102706191393787
5992,mijn_heer_zak_met_rijst,43,vergezelde,1.9050526134378742e-07,15.473586024158484
5993,mijn_heer_zak_met_rijst,43,Hidesato,0.003924503922462463,5.540515324917089
5994,mijn_heer_zak_met_rijst,43,tot,5.064193373982562e-06,12.193315687835952
5995,mijn_heer_zak_met_rijst,43,aan,0.00011046139115933329,9.110844499334316
5996,mijn_heer_zak_met_rijst,43,de,0.003642729017883539,5.615022148052985
5997,mijn_heer_zak_met_rijst,43,brug,4.1999977838713676e-05,10.07784146733072
5998,mijn_heer_zak_met_rijst,43,",",0.001219354453496635,6.709433696757249
5999,mijn_heer_zak_met_rijst,43,en,0.0024084991309791803,6.028751492708189
6000,mijn_heer_zak_met_rijst,43,toen,0.0003085870121140033,8.083506705395264
6001,mijn_heer_zak_met_rijst,43,liet,0.0009707608260214329,6.937430437190699
6002,mijn_heer_zak_met_rijst,43,hij,5.426791176432744e-05,9.821577449267068
6003,mijn_heer_zak_met_rijst,43,"
",0.0001925598771777004,8.555103402328774
6004,mijn_heer_zak_met_rijst,43,schoorvoetend,0.002136765979230404,6.148461817658801
6005,mijn_heer_zak_met_rijst,43,toe,1.4993792319728527e-05,11.107874287871116
6006,mijn_heer_zak_met_rijst,43,",",0.019948503002524376,3.914601175929166
6007,mijn_heer_zak_met_rijst,43,dat,0.00047807098599150777,7.6457513302403965
6008,mijn_heer_zak_met_rijst,43,onze,0.0028452870901674032,5.862091306067048
6009,mijn_heer_zak_met_rijst,43,held,1.457428061257815e-05,11.136252184573417
6010,mijn_heer_zak_met_rijst,43,met,0.0005721561028622091,7.466098696715082
6011,mijn_heer_zak_met_rijst,43,den,0.003468569368124008,5.66401305587977
6012,mijn_heer_zak_met_rijst,43,grooten,0.0005684895440936089,7.472527637038495
6013,mijn_heer_zak_met_rijst,43,stoet,0.00021276205370668322,8.455336135445057
6014,mijn_heer_zak_met_rijst,43,van,0.0010342575842514634,6.874071419556613
6015,mijn_heer_zak_met_rijst,43,dienaren,0.0031327856704592705,5.765832679674783
6016,mijn_heer_zak_met_rijst,43,",",0.09170405566692352,2.3891886731413097
6017,mijn_heer_zak_met_rijst,43,die,0.0030128334183245897,5.804874308007731
6018,mijn_heer_zak_met_rijst,43,"
",0.013398554176092148,4.31260847515316
6019,mijn_heer_zak_met_rijst,43,de,0.014248786494135857,4.251083534199908
6020,mijn_heer_zak_met_rijst,43,geschenken,0.0008438158547505736,7.077576268748529
6021,mijn_heer_zak_met_rijst,43,droegen,0.00011483598063932732,9.07200570298146
6022,mijn_heer_zak_met_rijst,43,",",0.17467160522937775,1.744847609514918
6023,mijn_heer_zak_met_rijst,43,wegtrok,0.0006162674399092793,7.391829532952188
6024,mijn_heer_zak_met_rijst,43,.,0.00708220899105072,4.95016941555406
6025,mijn_heer_zak_met_rijst,43,"

",0.0009114613058045506,7.000461415866158
6026,mijn_heer_zak_met_rijst,44,Hidesato,0.0017216261476278305,6.364486000131295
6027,mijn_heer_zak_met_rijst,44,zijn,0.0008642120519652963,7.053692388757971
6028,mijn_heer_zak_met_rijst,44,huis,0.0002200280869146809,8.421755351966748
6029,mijn_heer_zak_met_rijst,44,bereikte,5.2005116231157444e-06,12.16675354815606
6030,mijn_heer_zak_met_rijst,44,",",0.04457709938287735,3.1105350185769423
6031,mijn_heer_zak_met_rijst,44,legden,6.2323333622771315e-06,11.985759758805111
6032,mijn_heer_zak_met_rijst,44,de,0.005311161279678345,5.237944770901017
6033,mijn_heer_zak_met_rijst,44,dienaren,8.630024967715144e-05,9.3576780667487
6034,mijn_heer_zak_met_rijst,44,de,0.0005610527587123215,7.485695612812958
6035,mijn_heer_zak_met_rijst,44,geschenken,3.163017754559405e-05,10.361398907460003
6036,mijn_heer_zak_met_rijst,44,van,0.0002399132208665833,8.335233279730563
6037,mijn_heer_zak_met_rijst,44,"
",0.004321648273617029,5.444118404677076
6038,mijn_heer_zak_met_rijst,44,den,0.00021479633869603276,8.44582024065159
6039,mijn_heer_zak_met_rijst,44,Drakenkoning,1.5853127479203977e-05,11.052143759805547
6040,mijn_heer_zak_met_rijst,44,neer,0.00022314797388389707,8.407675446545285
6041,mijn_heer_zak_met_rijst,44,en,0.0020239397417753935,6.20270929985021
6042,mijn_heer_zak_met_rijst,44,verdwenen,6.382024730555713e-05,9.659440062073783
6043,mijn_heer_zak_met_rijst,44,plotseling,6.040269454388181e-06,12.017061935358948
6044,mijn_heer_zak_met_rijst,44,.,0.07646851241588593,2.5708762252878885
6045,mijn_heer_zak_met_rijst,44,"

",0.0004334421537350863,7.743752210705065
6046,mijn_heer_zak_met_rijst,45,geschenken,8.851930033415556e-05,9.33228994685519
6047,mijn_heer_zak_met_rijst,45,waren,0.0003964030765928328,7.833078994204471
6048,mijn_heer_zak_met_rijst,45,geen,6.668824789812788e-05,9.615481813997949
6049,mijn_heer_zak_met_rijst,45,gewone,0.00016134737234096974,8.73195092505928
6050,mijn_heer_zak_met_rijst,45,gaven,0.00014616528642363846,8.83077247780449
6051,mijn_heer_zak_met_rijst,45,.,0.046580832451581955,3.0665661432476363
6052,mijn_heer_zak_met_rijst,46,zak,2.459976485624793e-06,12.915358766754796
6053,mijn_heer_zak_met_rijst,46,met,2.597902130219154e-05,10.558221218632648
6054,mijn_heer_zak_met_rijst,46,rijst,2.2560467186849564e-05,10.699311422911888
6055,mijn_heer_zak_met_rijst,46,was,8.103014806692954e-06,11.723274367177352
6056,mijn_heer_zak_met_rijst,46,"
",0.0035358425229787827,5.644803670555148
6057,mijn_heer_zak_met_rijst,46,onuitputtelijk,0.0005087004974484444,7.583651128254287
6058,mijn_heer_zak_met_rijst,46,",",0.037172093987464905,3.2921969608423525
6059,mijn_heer_zak_met_rijst,46,er,0.0003179627819918096,8.053576219795156
6060,mijn_heer_zak_met_rijst,46,was,0.00019756802066694945,8.52942762447782
6061,mijn_heer_zak_met_rijst,46,evenmin,1.1507909221109003e-05,11.37247600063516
6062,mijn_heer_zak_met_rijst,46,een,9.279952791985124e-05,9.285069005255627
6063,mijn_heer_zak_met_rijst,46,einde,5.619902367470786e-06,12.089196266545734
6064,mijn_heer_zak_met_rijst,46,aan,9.189270349452272e-05,9.294888927896972
6065,mijn_heer_zak_met_rijst,46,de,0.019366947934031487,3.9441873806259933
6066,mijn_heer_zak_met_rijst,46,rol,3.1440176826436073e-06,12.670009059162618
6067,mijn_heer_zak_met_rijst,46,zijde,0.00040116565651260316,7.821136107453301
6068,mijn_heer_zak_met_rijst,46,",",0.06739066541194916,2.6972487660269193
6069,mijn_heer_zak_met_rijst,46,en,0.0173538476228714,4.053941032168496
6070,mijn_heer_zak_met_rijst,46,in,0.00036930531496182084,7.903886844219554
6071,mijn_heer_zak_met_rijst,46,de,0.2767305076122284,1.2847111430727385
6072,mijn_heer_zak_met_rijst,46,"
",0.023655053228139877,3.744178519715978
6073,mijn_heer_zak_met_rijst,46,kookpan,0.001098453882150352,6.813851649587718
6074,mijn_heer_zak_met_rijst,46,kon,9.483236453888821e-07,13.868569994864918
6075,mijn_heer_zak_met_rijst,46,gekookt,0.00010438563913339749,9.167418448170967
6076,mijn_heer_zak_met_rijst,46,worden,2.529902121750638e-05,10.584744850034246
6077,mijn_heer_zak_met_rijst,46,zonder,0.00028995846514590085,8.145772868876064
6078,mijn_heer_zak_met_rijst,46,vuur,2.5239471142413095e-05,10.587101473663987
6079,mijn_heer_zak_met_rijst,46,.,0.0976853296160698,2.326003888669063
6080,mijn_heer_zak_met_rijst,47,de,5.198483631829731e-05,9.864558491172609
6081,mijn_heer_zak_met_rijst,47,klokken,7.160328436839336e-07,14.149539799970864
6082,mijn_heer_zak_met_rijst,47,hadden,0.0003524700296111405,7.950544961706301
6083,mijn_heer_zak_met_rijst,47,geen,0.00012046888150507584,9.024119083155641
6084,mijn_heer_zak_met_rijst,47,"
",0.007738007698208094,4.861611027846712
6085,mijn_heer_zak_met_rijst,47,magische,1.980676461244002e-05,10.829487031518934
6086,mijn_heer_zak_met_rijst,47,eigenschappen,0.0003196174220647663,8.048385833465375
6087,mijn_heer_zak_met_rijst,47,;,0.0002560958091635257,8.269958928955454
6088,mijn_heer_zak_met_rijst,48,werden,1.8901020666817203e-05,10.876294633821514
6089,mijn_heer_zak_met_rijst,48,aan,1.3626113286591135e-06,13.506107604639412
6090,mijn_heer_zak_met_rijst,48,een,6.684905997644819e-07,14.218243502186926
6091,mijn_heer_zak_met_rijst,48,naburigen,0.00011225150228710845,9.094768648027383
6092,mijn_heer_zak_met_rijst,48,tempel,7.102877930265095e-07,14.157595606749185
6093,mijn_heer_zak_met_rijst,48,aangeboden,4.623082645593968e-07,14.587033929063795
6094,mijn_heer_zak_met_rijst,48,.,0.07336124032735825,2.612359543770119
6095,mijn_heer_zak_met_rijst,48,"
",1.5224519529510872e-06,13.395188395856325
6096,mijn_heer_zak_met_rijst,49,werd,0.00011526853631949052,9.068246053276246
6097,mijn_heer_zak_met_rijst,49,rijk,3.785014996537939e-05,10.181875615991455
6098,mijn_heer_zak_met_rijst,49,",",0.08800365775823593,2.43037689993325
6099,mijn_heer_zak_met_rijst,49,en,0.00032055089832283556,8.04546948509277
6100,mijn_heer_zak_met_rijst,49,zijn,0.00013981174561195076,8.87521371444095
6101,mijn_heer_zak_met_rijst,49,roem,0.00013026320084463805,8.945953532411565
6102,mijn_heer_zak_met_rijst,49,verspreidde,0.00012712333409581333,8.970352808139127
6103,mijn_heer_zak_met_rijst,49,zich,0.00047265138709917665,7.657152466369213
6104,mijn_heer_zak_met_rijst,49,wijd,0.0007640612311661243,7.176862626503834
6105,mijn_heer_zak_met_rijst,49,en,0.0001254621456610039,8.983506473090543
6106,mijn_heer_zak_met_rijst,49,zijd,0.001511569949798286,6.494606466417766
6107,mijn_heer_zak_met_rijst,49,.,0.10029905289411545,2.2995990267894837
6108,mijn_heer_zak_met_rijst,50,volk,3.868048588628881e-05,10.160175325764985
6109,mijn_heer_zak_met_rijst,50,"
",0.00767167704179883,4.870220037985845
6110,mijn_heer_zak_met_rijst,50,noemde,4.3081643525511026e-05,10.052413555858047
6111,mijn_heer_zak_met_rijst,50,hem,7.284409366548061e-05,9.527189103894937
6112,mijn_heer_zak_met_rijst,50,nu,0.0001979574008146301,8.527458697818119
6113,mijn_heer_zak_met_rijst,50,niet,4.86364915559534e-05,9.93113645374769
6114,mijn_heer_zak_met_rijst,50,langer,9.848008630797267e-05,9.225656199687437
6115,mijn_heer_zak_met_rijst,50,Hidesato,0.0006037510465830564,7.412348619528093
6116,mijn_heer_zak_met_rijst,50,",",0.011909093707799911,4.430452993573284
6117,mijn_heer_zak_met_rijst,50,maar,0.00012006030010525137,9.02751644051642
6118,mijn_heer_zak_met_rijst,50,Tawara,0.0005842767423018813,7.445135813574189
6119,mijn_heer_zak_met_rijst,50,Toda,1.998770130740013e-06,13.12297850118417
6120,mijn_heer_zak_met_rijst,50,",",0.16081860661506653,1.827478216151214
6121,mijn_heer_zak_met_rijst,50,of,9.2832233349327e-05,9.284716636355062
6122,mijn_heer_zak_met_rijst,50,“,6.031644261383917e-06,12.018490904232488
6123,mijn_heer_zak_met_rijst,50,Mijn,0.005492810159921646,5.204315285582677
6124,mijn_heer_zak_met_rijst,50,Heer,0.00045947046601213515,7.685435892418896
6125,mijn_heer_zak_met_rijst,51,"
",0.003686408745124936,5.603102534638606
6126,mijn_heer_zak_met_rijst,51,met,1.9452932974672876e-05,10.847512703655333
6127,mijn_heer_zak_met_rijst,51,Rijst,0.00017435937479604036,8.65439201630801
6128,mijn_heer_zak_met_rijst,51,”,3.2544470741413534e-05,10.332903073434624
6129,mijn_heer_zak_met_rijst,51,.,0.030040046200156212,3.505223914132785
6130,mijn_heer_zak_met_rijst,51,"
",2.4030377971939743e-05,10.636191779170238
6131,nomadisch_pastoralisme,1,pastoralisme,1.3622752703668084e-07,15.808939356187345
6132,nomadisch_pastoralisme,1,"

",0.038323041051626205,3.2617039696434493
6133,nomadisch_pastoralisme,1,Nomadisch,0.0008709729299880564,7.045899660827741
6134,nomadisch_pastoralisme,1,pastoralisme,0.43535786867141724,0.8315868995136282
6135,nomadisch_pastoralisme,1,is,3.7843212794541614e-06,12.484644005660513
6136,nomadisch_pastoralisme,1,een,3.574812623696744e-08,17.146767982131962
6137,nomadisch_pastoralisme,1,vorm,0.00022368931968230754,8.405252434540433
6138,nomadisch_pastoralisme,1,van,3.661856908365735e-06,12.517540187198021
6139,nomadisch_pastoralisme,1,pastoralisme,1.4734201840838068e-06,13.427924203806999
6140,nomadisch_pastoralisme,1,waarbij,2.1077936253277585e-05,10.767283739782105
6141,nomadisch_pastoralisme,1,het,0.00020099279936403036,8.512241474606446
6142,nomadisch_pastoralisme,1,vee,0.002459413604810834,6.00783232948111
6143,nomadisch_pastoralisme,1,op,0.0011983989970758557,6.726768782087637
6144,nomadisch_pastoralisme,1,"
",0.005930764600634575,5.1276021365718485
6145,nomadisch_pastoralisme,1,zoek,2.1084613763378002e-05,10.766966989009033
6146,nomadisch_pastoralisme,1,naar,0.008194155059754848,4.804334176463788
6147,nomadisch_pastoralisme,1,steeds,0.00031140734790824354,8.07440870247718
6148,nomadisch_pastoralisme,1,wisselende,0.003400081768631935,5.6839557980515805
6149,nomadisch_pastoralisme,1,verse,3.529162768245442e-06,12.554449891284213
6150,nomadisch_pastoralisme,1,weidegronden,0.000566042959690094,7.4768405821288555
6151,nomadisch_pastoralisme,1,wordt,2.1792315237689763e-05,10.733953162348783
6152,nomadisch_pastoralisme,1,gedreven,5.268299355520867e-05,9.851217857433971
6153,nomadisch_pastoralisme,1,.,0.006678367033600807,5.008881777365616
6154,nomadisch_pastoralisme,2,"
",0.008646689355373383,4.750578764782348
6155,nomadisch_pastoralisme,2,nomaden,0.00014029401063453406,8.871770261471053
6156,nomadisch_pastoralisme,2,volgen,7.591327448608354e-05,9.485918994440132
6157,nomadisch_pastoralisme,2,een,4.322845143178711e-06,12.35159677453068
6158,nomadisch_pastoralisme,2,onregelmatig,0.00025583271053619683,8.270986801560197
6159,nomadisch_pastoralisme,2,bewegingspatroon,0.002687182044610381,5.919262201509599
6160,nomadisch_pastoralisme,2,",",0.007776755839586258,4.856616014954885
6161,nomadisch_pastoralisme,2,in,0.0008919506799429655,7.022099718456659
6162,nomadisch_pastoralisme,2,tegenstelling,0.000553622841835022,7.499026893971866
6163,nomadisch_pastoralisme,2,tot,0.0006656959885731339,7.3146774652535935
6164,nomadisch_pastoralisme,2,"
",0.022923436015844345,3.7755954849402396
6165,nomadisch_pastoralisme,2,transhumance,0.0004916212637908757,7.617801926954628
6166,nomadisch_pastoralisme,2,waarbij,0.0003555022121872753,7.941979085991323
6167,nomadisch_pastoralisme,2,men,0.001065385527908802,6.844418547289796
6168,nomadisch_pastoralisme,2,seizoensgebonden,0.0012777970405295491,6.662617745865743
6169,nomadisch_pastoralisme,2,vaste,0.00012648035772144794,8.975423536782364
6170,nomadisch_pastoralisme,2,weiden,0.0009667377453297377,6.941583303709538
6171,nomadisch_pastoralisme,2,bezoekt,0.01199532113969326,4.423238610252427
6172,nomadisch_pastoralisme,2,.,0.15913867950439453,1.8379792587648334
6173,nomadisch_pastoralisme,3,"
",0.0010514265159144998,6.857607450271199
6174,nomadisch_pastoralisme,3,onderscheid,5.010793756810017e-06,12.203916220923903
6175,nomadisch_pastoralisme,3,wordt,2.0364411739137722e-06,13.104306796151027
6176,nomadisch_pastoralisme,3,echter,5.9492653235793114e-05,9.729657728065046
6177,nomadisch_pastoralisme,3,vaak,1.4327109056466725e-05,11.153357077127886
6178,nomadisch_pastoralisme,3,niet,0.01489575207233429,4.206679202494752
6179,nomadisch_pastoralisme,3,waargenomen,0.0019936123862862587,6.217807016365632
6180,nomadisch_pastoralisme,3,",",0.03524760901927948,3.3453575812646648
6181,nomadisch_pastoralisme,3,en,0.0024528121575713158,6.010520093249698
6182,nomadisch_pastoralisme,3,de,0.010024037212133408,4.6027693490914485
6183,nomadisch_pastoralisme,3,term,7.954834018164547e-07,14.044315854481843
6184,nomadisch_pastoralisme,3,"""",1.3705841411137953e-05,11.197688435629443
6185,nomadisch_pastoralisme,3,nomade,7.377764177363133e-08,16.422210108237593
6186,nomadisch_pastoralisme,3,"""",0.0663527175784111,2.7127705608149375
6187,nomadisch_pastoralisme,3,"
",0.045531149953603745,3.0893585729018254
6188,nomadisch_pastoralisme,3,wordt,0.00022055470617488027,8.41936479328288
6189,nomadisch_pastoralisme,3,vaak,0.00022241720580495894,8.410955634349374
6190,nomadisch_pastoralisme,3,voor,2.8607471904251724e-05,10.461842618866298
6191,nomadisch_pastoralisme,3,beide,0.020367572084069252,3.8938112466145482
6192,nomadisch_pastoralisme,3,gebruikt,0.00017867382848635316,8.629948601553279
6193,nomadisch_pastoralisme,3,.,0.10795244574546814,2.22606446599758
6194,nomadisch_pastoralisme,4,is,0.0008352944278158247,7.087726287102403
6195,nomadisch_pastoralisme,4,in,0.0003398543340153992,7.986993461522623
6196,nomadisch_pastoralisme,4,historische,1.347858358258236e-07,15.819578719465104
6197,nomadisch_pastoralisme,4,gevallen,2.3804575903341174e-05,10.645632730921093
6198,nomadisch_pastoralisme,4,de,0.0008732007117941976,7.043345118132843
6199,nomadisch_pastoralisme,4,"
",0.005914703477174044,5.130313913463646
6200,nomadisch_pastoralisme,4,regelmatigheid,1.7242042304133065e-05,10.96815983662816
6201,nomadisch_pastoralisme,4,van,0.001508923014625907,6.4963591179757225
6202,nomadisch_pastoralisme,4,het,4.777875801664777e-05,9.948929410195838
6203,nomadisch_pastoralisme,4,bewegingspatroon,0.0016415436984971166,6.412118200300436
6204,nomadisch_pastoralisme,4,vaak,0.0002558609121479094,8.270876573054345
6205,nomadisch_pastoralisme,4,onbekend,0.0015187377575784922,6.489875711761572
6206,nomadisch_pastoralisme,4,.,0.022325808182358742,3.8020119520972595
6207,nomadisch_pastoralisme,5,gehoedde,0.000363490340532735,7.919757834843823
6208,nomadisch_pastoralisme,5,vee,0.0009084155317395926,7.003808649971076
6209,nomadisch_pastoralisme,5,"
",0.02769332006573677,3.5865640477323595
6210,nomadisch_pastoralisme,5,omvat,7.407123484881595e-05,9.510483294702102
6211,nomadisch_pastoralisme,5,runderen,0.0005608491483144462,7.486058586436295
6212,nomadisch_pastoralisme,5,",",0.011501653119921684,4.4652645043855035
6213,nomadisch_pastoralisme,5,waterbuffels,1.0784410733322147e-05,11.43740891723085
6214,nomadisch_pastoralisme,5,",",0.22249533236026764,1.5028491557519872
6215,nomadisch_pastoralisme,5,jaks,0.002224608790129423,6.108174203483835
6216,nomadisch_pastoralisme,5,",",0.045410823076963425,3.092004808580399
6217,nomadisch_pastoralisme,5,lama's,0.010665551759302616,4.5407361928787635
6218,nomadisch_pastoralisme,5,",",0.13118362426757812,2.031157225295896
6219,nomadisch_pastoralisme,5,schapen,0.0006675057229585946,7.311962594005883
6220,nomadisch_pastoralisme,5,",",0.34219834208488464,1.0723647624075376
6221,nomadisch_pastoralisme,5,geiten,0.0011515230871737003,6.766669789253028
6222,nomadisch_pastoralisme,5,",",0.3989839255809784,0.9188341496682723
6223,nomadisch_pastoralisme,5,rendieren,2.392085298197344e-05,10.64075996973614
6224,nomadisch_pastoralisme,5,",",0.6159476041793823,0.48459337721662027
6225,nomadisch_pastoralisme,5,"
",0.00010561478848103434,9.155712154063101
6226,nomadisch_pastoralisme,5,paarden,0.00032303365878760815,8.037754033397986
6227,nomadisch_pastoralisme,5,",",0.6778209805488586,0.3888720663949776
6228,nomadisch_pastoralisme,5,ezels,6.69208966428414e-05,9.611999283207956
6229,nomadisch_pastoralisme,5,en,0.014953315258026123,4.202822247340048
6230,nomadisch_pastoralisme,5,kamelen,0.00010145289706997573,9.195915935471541
6231,nomadisch_pastoralisme,5,.,0.02504619024693966,3.687033548968017
6232,nomadisch_pastoralisme,6,pastoralisme,1.3622752703668084e-07,15.808939356187345
6233,nomadisch_pastoralisme,6,wordt,3.505955135096883e-07,14.863632661147863
6234,nomadisch_pastoralisme,6,gewoonlijk,0.00013708139886148274,8.894935656301131
6235,nomadisch_pastoralisme,6,"
",0.01833520457148552,3.9989323200907387
6236,nomadisch_pastoralisme,6,toegepast,0.0010138169163838029,6.894032945949826
6237,nomadisch_pastoralisme,6,in,7.36240908736363e-05,9.516538264134821
6238,nomadisch_pastoralisme,6,regio's,0.0005179137224331498,7.565701888586647
6239,nomadisch_pastoralisme,6,met,0.0006515963468700647,7.336085287651632
6240,nomadisch_pastoralisme,6,weinig,0.0005545549793168902,7.497344604931402
6241,nomadisch_pastoralisme,6,akkerland,0.00019390479428693652,8.548143270456944
6242,nomadisch_pastoralisme,6,",",0.02718745358288288,3.6049996774309534
6243,nomadisch_pastoralisme,6,zoals,0.0003096840810030699,8.07995787365245
6244,nomadisch_pastoralisme,6,in,0.0007926648249849677,7.140110092784313
6245,nomadisch_pastoralisme,6,de,0.021135276183485985,3.8568117774601203
6246,nomadisch_pastoralisme,6,steppelanden,8.036501822061837e-05,9.428931573219892
6247,nomadisch_pastoralisme,6,ten,0.0001243122387677431,8.992714102768133
6248,nomadisch_pastoralisme,6,"
",0.08218805491924286,2.4987453047637325
6249,nomadisch_pastoralisme,6,noorden,0.0008614329271949828,7.056913360865886
6250,nomadisch_pastoralisme,6,van,0.005470686126500368,5.20835123595373
6251,nomadisch_pastoralisme,6,de,0.018237363547086716,4.004282847157839
6252,nomadisch_pastoralisme,6,landbouwzone,0.0009837455581873655,6.9241432734272355
6253,nomadisch_pastoralisme,6,van,0.0002484865835867822,8.300121703475495
6254,nomadisch_pastoralisme,6,Eurazië,9.480098128733516e-08,16.17148607660678
6255,nomadisch_pastoralisme,6,.,0.0302871186286211,3.4970327846275238
6256,nomadisch_pastoralisme,6,"

",0.0007291908259503543,7.223575096217576
6257,nomadisch_pastoralisme,7,de,0.0005182382883504033,7.565075405359299
6258,nomadisch_pastoralisme,7,geschatte,1.086249199033773e-06,13.7327798977353
6259,nomadisch_pastoralisme,7,30-40,5.1134658860974014e-05,9.881048035069629
6260,nomadisch_pastoralisme,7,miljoen,4.884703685092973e-06,12.229401932427429
6261,nomadisch_pastoralisme,7,nomadische,6.097548612160608e-05,9.705038641420005
6262,nomadisch_pastoralisme,7,pastoralisten,4.3045861275459174e-07,14.658414655320138
6263,nomadisch_pastoralisme,7,wereldwijd,0.00035715335980057716,7.937345289154069
6264,nomadisch_pastoralisme,7,"
",0.012255661189556122,4.401767310821294
6265,nomadisch_pastoralisme,7,bevinden,0.0005696470034308732,7.470493681202855
6266,nomadisch_pastoralisme,7,zich,0.0008678140002302825,7.049533151715314
6267,nomadisch_pastoralisme,7,de,0.0022425390779972076,6.1001465380974444
6268,nomadisch_pastoralisme,7,meeste,0.0002761745126917958,8.194477599698137
6269,nomadisch_pastoralisme,7,in,0.003932090941816568,5.53858394832364
6270,nomadisch_pastoralisme,7,Centraal-Azië,2.4551009119022638e-05,10.61475759992401
6271,nomadisch_pastoralisme,7,en,0.0029939054511487484,5.8111765729259774
6272,nomadisch_pastoralisme,7,de,0.006334345322102308,5.061768813548136
6273,nomadisch_pastoralisme,7,Sahel-regio,0.005935382563620806,5.126823794089584
6274,nomadisch_pastoralisme,7,van,0.0014386462280526757,6.544052726991505
6275,nomadisch_pastoralisme,7,Noord-,0.00010357416613260284,9.175222620889091
6276,nomadisch_pastoralisme,7,en,1.5771268735420563e-08,17.965075986739578
6277,nomadisch_pastoralisme,7,"
",0.010768615640699863,4.531119334543596
6278,nomadisch_pastoralisme,7,West-Afrika,0.0012005837634205818,6.724947370958966
6279,nomadisch_pastoralisme,7,",",0.018256597220897675,4.003228772719931
6280,nomadisch_pastoralisme,7,zoals,5.013766713091172e-05,9.900737993422416
6281,nomadisch_pastoralisme,7,de,0.003728527808561921,5.591741812630359
6282,nomadisch_pastoralisme,7,Fulbe,0.00010473106522113085,9.164114777113491
6283,nomadisch_pastoralisme,7,",",0.15660911798477173,1.8540022724411676
6284,nomadisch_pastoralisme,7,Toeareg,0.0002142747543985024,8.448251467377617
6285,nomadisch_pastoralisme,7,en,0.01222675945609808,4.404128331187883
6286,nomadisch_pastoralisme,7,Toeboe,0.0001463608059566468,8.829435711155522
6287,nomadisch_pastoralisme,7,",",0.34130555391311646,1.0749771503829006
6288,nomadisch_pastoralisme,7,in,0.00014628549979534,8.829950367664003
6289,nomadisch_pastoralisme,7,andere,0.00016608320584055036,8.703021655183225
6290,nomadisch_pastoralisme,7,delen,6.819853297201917e-05,9.59308750402042
6291,nomadisch_pastoralisme,7,van,0.0003998770844191313,7.824353347031388
6292,nomadisch_pastoralisme,7,"
",0.15431581437587738,1.868754033770401
6293,nomadisch_pastoralisme,7,Afrika,3.4927747037727386e-05,10.26222900057505
6294,nomadisch_pastoralisme,7,zoals,0.00021051886142231524,8.465935305899576
6295,nomadisch_pastoralisme,7,Nigeria,2.0116961252369947e-07,15.419117441321523
6296,nomadisch_pastoralisme,7,en,0.0005614916444756091,7.484913664616693
6297,nomadisch_pastoralisme,7,Somalië,0.0012463638558983803,6.687524882066097
6298,nomadisch_pastoralisme,7,",",0.018886351957917213,3.9693157363985017
6299,nomadisch_pastoralisme,7,en,0.004811267834156752,5.336794646611588
6300,nomadisch_pastoralisme,7,sommige,3.917426511179656e-05,10.14749052900991
6301,nomadisch_pastoralisme,7,in,0.002711127744987607,5.910390588591773
6302,nomadisch_pastoralisme,7,het,1.7321157201877213e-06,13.266166937014512
6303,nomadisch_pastoralisme,7,Midden-Oosten,0.005133109167218208,5.272043727907896
6304,nomadisch_pastoralisme,7,",",0.15130968391895294,1.8884266554842066
6305,nomadisch_pastoralisme,7,zoals,0.002294231439009309,6.077357376519384
6306,nomadisch_pastoralisme,7,"
",0.08899073302745819,2.4192230379581896
6307,nomadisch_pastoralisme,7,traditionele,1.8368423297943082e-06,13.207462585684752
6308,nomadisch_pastoralisme,7,Bedoeïenen,4.5480708649847656e-05,9.998222307632362
6309,nomadisch_pastoralisme,7,.,0.0017523805145174265,6.346780121398479
6310,nomadisch_pastoralisme,7,"

",0.0002471450134180486,8.30553529475291
6311,nomadisch_pastoralisme,8,toenemend,2.9222974262665957e-05,10.440555368229564
6312,nomadisch_pastoralisme,8,aantal,0.00011741883645299822,9.049763216651746
6313,nomadisch_pastoralisme,8,vee,0.0008384297252632678,7.083979790274967
6314,nomadisch_pastoralisme,8,kan,5.665097341989167e-05,9.778601387585958
6315,nomadisch_pastoralisme,8,leiden,0.0002141203876817599,8.448972141859004
6316,nomadisch_pastoralisme,8,tot,8.832701860228553e-05,9.334464510722812
6317,nomadisch_pastoralisme,8,overbegrazing,2.691657755349297e-05,10.522768195241241
6318,nomadisch_pastoralisme,8,en,0.007929718121886253,4.837137789757027
6319,nomadisch_pastoralisme,8,woestijnvorming,0.0006351439515128732,7.361658889467215
6320,nomadisch_pastoralisme,8,"
",0.0017676420975476503,6.338108768772887
6321,nomadisch_pastoralisme,8,als,1.2006564247712959e-05,11.330057037094779
6322,nomadisch_pastoralisme,8,het,0.0001247866457561031,8.988905112913837
6323,nomadisch_pastoralisme,8,land,0.0019720362033694983,6.22868866426357
6324,nomadisch_pastoralisme,8,zich,0.0008628765936009586,7.055238874092033
6325,nomadisch_pastoralisme,8,niet,0.005863663740456104,5.138980659074686
6326,nomadisch_pastoralisme,8,kan,5.1494953368091956e-05,9.87402674794878
6327,nomadisch_pastoralisme,8,herstellen,0.00045283144572749734,7.699990586208609
6328,nomadisch_pastoralisme,8,tussen,0.00023758935276418924,8.344966783078384
6329,nomadisch_pastoralisme,8,een,2.8160497095086612e-05,10.477590374305853
6330,nomadisch_pastoralisme,8,graasperiode,5.859907832928002e-05,9.744791589674278
6331,nomadisch_pastoralisme,8,en,0.07384328544139862,2.60581019571726
6332,nomadisch_pastoralisme,8,de,0.0033535577822476625,5.697733472142728
6333,nomadisch_pastoralisme,8,"
",0.06864287704229355,2.6788379097290083
6334,nomadisch_pastoralisme,8,volgende,0.00300283869728446,5.808197205281574
6335,nomadisch_pastoralisme,8,.,0.015557690523564816,4.163200195183237
6336,nomadisch_pastoralisme,8,"

",0.0002593152748886496,8.257465958984023
6337,nomadisch_pastoralisme,9,"

",0.0009573447168804705,6.951347025643109
6338,nomadisch_pastoralisme,9,Nomadisch,5.648800652124919e-05,9.781482216305376
6339,nomadisch_pastoralisme,9,pastoralisme,1.7608749658393208e-07,15.552284825759818
6340,nomadisch_pastoralisme,9,ontstond,6.010683364365832e-07,14.324557204321692
6341,nomadisch_pastoralisme,9,met,6.345683232211741e-06,11.967735782183421
6342,nomadisch_pastoralisme,9,de,0.00037843536119908094,7.879465275895047
6343,nomadisch_pastoralisme,9,opkomst,0.0005197639111429453,7.562135866518538
6344,nomadisch_pastoralisme,9,van,0.0002969810157082975,8.121842341378638
6345,nomadisch_pastoralisme,9,de,0.0027737480122596025,5.887555800343377
6346,nomadisch_pastoralisme,9,landbouw,0.00015935928968247026,8.744349221451737
6347,nomadisch_pastoralisme,9,.,0.03696262836456299,3.297847920977296
6348,nomadisch_pastoralisme,10,"
",0.001963868970051408,6.232838787135237
6349,nomadisch_pastoralisme,10,begon,7.548817848146427e-06,11.794119583367152
6350,nomadisch_pastoralisme,10,dieren,1.3385131751419976e-05,11.221366037826359
6351,nomadisch_pastoralisme,10,en,6.80267476127483e-05,9.595609582882616
6352,nomadisch_pastoralisme,10,planten,4.463362529349979e-06,12.319608145647491
6353,nomadisch_pastoralisme,10,voor,1.892067666631192e-05,10.875255230375856
6354,nomadisch_pastoralisme,10,voedsel,0.010736330412328243,4.534121923115335
6355,nomadisch_pastoralisme,10,te,0.0017075624782592058,6.37268837670019
6356,nomadisch_pastoralisme,10,domesticeren,7.763254870951641e-06,11.766108869577465
6357,nomadisch_pastoralisme,10,",",0.007657033856958151,4.872130595160763
6358,nomadisch_pastoralisme,10,en,0.011195110157132149,4.492278189128812
6359,nomadisch_pastoralisme,10,steden,0.002425081329420209,6.021890217249832
6360,nomadisch_pastoralisme,10,begonnen,0.0005984444287605584,7.4211768881367055
6361,nomadisch_pastoralisme,10,"
",0.17341816425323486,1.752049466643095
6362,nomadisch_pastoralisme,10,zich,0.004324117675423622,5.443547165092684
6363,nomadisch_pastoralisme,10,te,0.012439320795238018,4.386892791615189
6364,nomadisch_pastoralisme,10,vormen,0.009744292125105858,4.631073588465439
6365,nomadisch_pastoralisme,10,.,0.019890984520316124,3.917488689085039
6366,nomadisch_pastoralisme,11,bestaat,9.589361070538871e-06,11.554856295841217
6367,nomadisch_pastoralisme,11,in,0.0005939134280197322,7.428776993297854
6368,nomadisch_pastoralisme,11,het,1.5879015791142592e-07,15.655682267941831
6369,nomadisch_pastoralisme,11,algemeen,9.518679144093767e-05,9.259669371161285
6370,nomadisch_pastoralisme,11,in,0.001026673591695726,6.8814312255293375
6371,nomadisch_pastoralisme,11,symbiose,1.3524165751732653e-06,13.513617510070317
6372,nomadisch_pastoralisme,11,met,0.00013085907266940922,8.94138959498055
6373,nomadisch_pastoralisme,11,"
",0.009572535753250122,4.648857139623704
6374,nomadisch_pastoralisme,11,dergelijke,1.1676542271743529e-05,11.357928662770327
6375,nomadisch_pastoralisme,11,gevestigde,0.000257514271652326,8.264435415503803
6376,nomadisch_pastoralisme,11,culturen,4.95350468554534e-06,12.21541521462778
6377,nomadisch_pastoralisme,11,die,3.192223084624857e-05,10.35220789915783
6378,nomadisch_pastoralisme,11,dierlijke,0.0011476007057353854,6.770081858890902
6379,nomadisch_pastoralisme,11,producten,9.712421160656959e-05,9.239519866616284
6380,nomadisch_pastoralisme,11,als,0.000230581674259156,8.374905423108736
6381,nomadisch_pastoralisme,11,vlees,0.0018893915694206953,6.271500422679686
6382,nomadisch_pastoralisme,11,",",0.0058835712261497974,5.13559135004879
6383,nomadisch_pastoralisme,11,"
",9.921628225129098e-05,9.21820842154453
6384,nomadisch_pastoralisme,11,huiden,0.00014551174535881728,8.835253750495161
6385,nomadisch_pastoralisme,11,",",0.023168830201029778,3.764947429467564
6386,nomadisch_pastoralisme,11,wol,3.450117219472304e-05,10.274517257845515
6387,nomadisch_pastoralisme,11,en,0.0015011872164905071,6.501499006266906
6388,nomadisch_pastoralisme,11,kaas,0.0013216248480603099,6.628893353875888
6389,nomadisch_pastoralisme,11,ruilen,0.00026830151909962296,8.223399138604547
6390,nomadisch_pastoralisme,11,voor,0.0028702602721750736,5.853352566153425
6391,nomadisch_pastoralisme,11,ambachtelijke,4.5479691834771074e-06,12.300829757939507
6392,nomadisch_pastoralisme,11,producten,0.0001552885805722326,8.770225361921876
6393,nomadisch_pastoralisme,11,die,9.91077968137688e-07,13.824472629487534
6394,nomadisch_pastoralisme,11,door,4.622392589226365e-05,9.98201301747239
6395,nomadisch_pastoralisme,11,de,0.01544114388525486,4.170719651297158
6396,nomadisch_pastoralisme,11,"
",0.23213474452495575,1.4604372805459904
6397,nomadisch_pastoralisme,11,nomadische,0.0004680581041611731,7.66691811556258
6398,nomadisch_pastoralisme,11,herders,0.001023133285343647,6.884885511796016
6399,nomadisch_pastoralisme,11,niet,0.005068992730230093,5.284613153655491
6400,nomadisch_pastoralisme,11,worden,2.0059296730323695e-05,10.81681783435393
6401,nomadisch_pastoralisme,11,geproduceerd,0.0005980587447993457,7.4218215733880175
6402,nomadisch_pastoralisme,11,.,0.0018893092637881637,6.271543985605771
6403,nomadisch_pastoralisme,11,"

",0.0004184111603535712,7.779045971684094
6404,nomadisch_pastoralisme,12,het,5.422154572443105e-06,12.125017298912912
6405,nomadisch_pastoralisme,12,verleden,1.7612548617762513e-05,10.946898920330936
6406,nomadisch_pastoralisme,12,werd,4.547357093542814e-05,9.998379259333078
6407,nomadisch_pastoralisme,12,gesteld,1.765520210028626e-05,10.944480081451127
6408,nomadisch_pastoralisme,12,dat,6.944244523765519e-05,9.575012274556256
6409,nomadisch_pastoralisme,12,pastorale,7.74070301190477e-08,16.37418823206391
6410,nomadisch_pastoralisme,12,nomaden,4.223434757477662e-07,14.67744693039366
6411,nomadisch_pastoralisme,12,archeologisch,7.274003291968256e-05,9.528618665839097
6412,nomadisch_pastoralisme,12,geen,0.0038462853990495205,5.560647427847587
6413,nomadisch_pastoralisme,12,"
",0.004243080038577318,5.462465849263855
6414,nomadisch_pastoralisme,12,aanwezigheid,3.094232397415908e-06,12.685970696347209
6415,nomadisch_pastoralisme,12,achterlieten,6.496546120615676e-05,9.64165479535274
6416,nomadisch_pastoralisme,12,of,0.0007110637379810214,7.248748486636027
6417,nomadisch_pastoralisme,12,verarmd,0.003996765241026878,5.522269934771473
6418,nomadisch_pastoralisme,12,waren,0.00013440892507787794,8.914623725250612
6419,nomadisch_pastoralisme,12,.,0.04635704681277275,3.0713819637308624
6420,nomadisch_pastoralisme,13,was,5.198940471018432e-06,12.167055708711258
6421,nomadisch_pastoralisme,13,echter,9.357765520690009e-06,11.57930402239647
6422,nomadisch_pastoralisme,13,duidelijk,4.323862594901584e-05,10.048776343010482
6423,nomadisch_pastoralisme,13,"
",0.006898622494190931,4.976433525832399
6424,nomadisch_pastoralisme,13,niet,0.0008355664904229343,7.0874006314999
6425,nomadisch_pastoralisme,13,het,3.302651384728961e-05,10.318199869173032
6426,nomadisch_pastoralisme,13,geval,0.001768356654793024,6.3377046072868986
6427,nomadisch_pastoralisme,13,voor,0.0002979218843393028,8.11867923891134
6428,nomadisch_pastoralisme,13,veel,0.001631428487598896,6.418299275193802
6429,nomadisch_pastoralisme,13,oude,7.503088272642344e-05,9.49761075949619
6430,nomadisch_pastoralisme,13,Euraziatische,6.610940062046211e-08,16.53195488203951
6431,nomadisch_pastoralisme,13,nomaden,5.583086476690369e-06,12.095768802468822
6432,nomadisch_pastoralisme,13,",",0.05903325602412224,2.829654332448049
6433,nomadisch_pastoralisme,13,die,0.0019125922117382288,6.25929577813794
6434,nomadisch_pastoralisme,13,zeer,0.0006556127918884158,7.329940199557654
6435,nomadisch_pastoralisme,13,rijke,0.00015143206110224128,8.795373475164206
6436,nomadisch_pastoralisme,13,"
",0.06424301862716675,2.7450822206100294
6437,nomadisch_pastoralisme,13,grafheuvel-begraafplaatsen,1.825511753850151e-05,10.911065104175593
6438,nomadisch_pastoralisme,13,hebben,0.0023120520636439323,6.069619809548419
6439,nomadisch_pastoralisme,13,achtergelaten,0.00012468734348658472,8.989701206126314
6440,nomadisch_pastoralisme,13,.,0.19044597446918488,1.6583867232240215
6441,nomadisch_pastoralisme,14,nomadische,5.376120384426031e-07,14.4361286550518
6442,nomadisch_pastoralisme,14,"
",0.0033347411081194878,5.703360231377596
6443,nomadisch_pastoralisme,14,sites,3.945347543776734e-06,12.442973510264967
6444,nomadisch_pastoralisme,14,kan,6.511931860586628e-05,9.639289299993864
6445,nomadisch_pastoralisme,14,men,6.082738036639057e-05,9.707470535388985
6446,nomadisch_pastoralisme,14,identificeren,6.735188549100712e-07,14.210749846075725
6447,nomadisch_pastoralisme,14,op,0.0027437680400907993,5.898423106186262
6448,nomadisch_pastoralisme,14,basis,7.26246298654587e-07,14.135376625310197
6449,nomadisch_pastoralisme,14,van,0.00013586862769443542,8.903822111915684
6450,nomadisch_pastoralisme,14,hun,3.0972677222962375e-07,14.987575308015305
6451,nomadisch_pastoralisme,14,locatie,7.430208484038303e-07,14.112541732859425
6452,nomadisch_pastoralisme,14,buiten,0.00163850758690387,6.413969459440111
6453,nomadisch_pastoralisme,14,de,0.007382728159427643,4.908612039381478
6454,nomadisch_pastoralisme,14,"
",0.103042833507061,2.272610517906157
6455,nomadisch_pastoralisme,14,landbouwzone,0.001337565598078072,6.616904035104777
6456,nomadisch_pastoralisme,14,",",0.049940526485443115,2.996922451826386
6457,nomadisch_pastoralisme,14,de,0.04290340468287468,3.1488040929600887
6458,nomadisch_pastoralisme,14,afwezigheid,0.00031878516892902553,8.050993133682992
6459,nomadisch_pastoralisme,14,van,0.005047686398029327,5.2888252796767
6460,nomadisch_pastoralisme,14,granen,2.8828746508224867e-05,10.454137525988816
6461,nomadisch_pastoralisme,14,of,0.001345451339147985,6.611025754078964
6462,nomadisch_pastoralisme,14,graanverwerkingsapparatuur,0.0005973294610157609,7.423041735793028
6463,nomadisch_pastoralisme,14,",",0.0961257740855217,2.342097798283456
6464,nomadisch_pastoralisme,14,"
",0.0004692354123108089,7.664405970224755
6465,nomadisch_pastoralisme,14,de,0.0901869535446167,2.405870501569753
6466,nomadisch_pastoralisme,14,beperkte,0.0012597547611221671,6.676838210992438
6467,nomadisch_pastoralisme,14,en,0.01835317350924015,3.9979527761516813
6468,nomadisch_pastoralisme,14,karakteristieke,0.00018518972501624376,8.594129717765139
6469,nomadisch_pastoralisme,14,architectuur,0.00019285795860923827,8.553556605770378
6470,nomadisch_pastoralisme,14,",",0.34557387232780457,1.0625488458134722
6471,nomadisch_pastoralisme,14,een,3.7251196772558615e-05,10.197826485532424
6472,nomadisch_pastoralisme,14,overheersing,0.0005898221861571074,7.435689445883138
6473,nomadisch_pastoralisme,14,van,0.008619667030870914,4.753708822561771
6474,nomadisch_pastoralisme,14,"
",0.17156891524791718,1.7627702549112068
6475,nomadisch_pastoralisme,14,schapen-,0.012375353835523129,4.392048378166603
6476,nomadisch_pastoralisme,14,en,3.220493090339005e-05,10.343390983492018
6477,nomadisch_pastoralisme,14,geitenbeenderen,0.0007154270424507558,7.24263093139144
6478,nomadisch_pastoralisme,14,",",0.23670853674411774,1.440925697442428
6479,nomadisch_pastoralisme,14,en,0.017760302871465683,4.030789487990005
6480,nomadisch_pastoralisme,14,door,0.00037664861883968115,7.884197850658855
6481,nomadisch_pastoralisme,14,etnografische,0.00022921216441318393,8.380862501176079
6482,nomadisch_pastoralisme,14,analogie,4.783929853147129e-06,12.250248204227137
6483,nomadisch_pastoralisme,14,met,0.00023284951748792082,8.365118160739362
6484,nomadisch_pastoralisme,14,moderne,0.001952644670382142,6.238570584049288
6485,nomadisch_pastoralisme,14,"
",0.21783167123794556,1.5240326647392775
6486,nomadisch_pastoralisme,14,pastorale,2.636915451148525e-05,10.543315620627872
6487,nomadisch_pastoralisme,14,nomadische,8.493245331919752e-06,11.676239377216037
6488,nomadisch_pastoralisme,14,volkeren,0.00020733736164402217,8.481163324930716
6489,nomadisch_pastoralisme,14,.,0.10426018387079239,2.2608657360642925
6490,nomadisch_pastoralisme,16,Zarins,1.0744794963102322e-05,11.441089110127033
6491,nomadisch_pastoralisme,16,stelde,3.1366266739496496e-06,12.672362643185565
6492,nomadisch_pastoralisme,16,voor,0.00012229908315930516,9.009041011952517
6493,nomadisch_pastoralisme,16,dat,0.0006116980803199112,7.399271729991218
6494,nomadisch_pastoralisme,16,het,1.7156389731098898e-05,10.973139874669851
6495,nomadisch_pastoralisme,16,pastoraal,1.1620018085523043e-06,13.665366343122423
6496,nomadisch_pastoralisme,16,nomadisme,0.00018288118008058518,8.606673905179488
6497,nomadisch_pastoralisme,16,als,0.00013332456001080573,8.922724101608269
6498,nomadisch_pastoralisme,16,een,6.773143104510382e-05,9.599960216286465
6499,nomadisch_pastoralisme,16,culturele,0.00016157228674273938,8.730557919512465
6500,nomadisch_pastoralisme,16,"
",0.013542932458221912,4.301890457530826
6501,nomadisch_pastoralisme,16,levensstijl,3.5801404010271654e-06,12.540108540156664
6502,nomadisch_pastoralisme,16,begon,0.00010597327491268516,9.152323619105905
6503,nomadisch_pastoralisme,16,in,0.0013418979942798615,6.61367025354522
6504,nomadisch_pastoralisme,16,de,0.04877513274550438,3.0205346708876473
6505,nomadisch_pastoralisme,16,nasleep,2.7329695058142534e-06,12.810121808850715
6506,nomadisch_pastoralisme,16,van,0.00013521262735594064,8.908662001113584
6507,nomadisch_pastoralisme,16,de,0.005800694692879915,5.149777593967704
6508,nomadisch_pastoralisme,16,klimaatcrisis,3.999763066531159e-05,10.126690338971914
6509,nomadisch_pastoralisme,16,van,0.00024748308351263404,8.304168327735361
6510,nomadisch_pastoralisme,16,6.200,4.956104385200888e-05,9.912305439035938
6511,nomadisch_pastoralisme,16,v.Chr.,0.0017529322067275643,6.346465346507583
6512,nomadisch_pastoralisme,16,",",0.00012252417218405753,9.007202223493813
6513,nomadisch_pastoralisme,16,"
",0.0010400651954114437,6.868471879898041
6514,nomadisch_pastoralisme,16,toen,0.0003855973482131958,7.860716872291998
6515,nomadisch_pastoralisme,16,Harifian-aardewerk,7.936190741020255e-06,11.744077153363751
6516,nomadisch_pastoralisme,16,producerende,0.0004042978980578482,7.813358580297553
6517,nomadisch_pastoralisme,16,jager-verzamelaars,0.0035045305266976357,5.653698711347712
6518,nomadisch_pastoralisme,16,in,0.0005595054244622588,7.488457335063119
6519,nomadisch_pastoralisme,16,de,0.08646548539400101,2.4480099574572027
6520,nomadisch_pastoralisme,16,Sinaï,0.0006327213486656547,7.365480440219073
6521,nomadisch_pastoralisme,16,"
",0.07822555303573608,2.5481589196441146
6522,nomadisch_pastoralisme,16,samengingen,0.00010568075231276453,9.155087778994652
6523,nomadisch_pastoralisme,16,met,0.00046363554429262877,7.676411779263766
6524,nomadisch_pastoralisme,16,landbouwers,0.000924234336707741,6.986544907320899
6525,nomadisch_pastoralisme,16,van,0.0005017884541302919,7.597331933204011
6526,nomadisch_pastoralisme,16,het,5.7460663811070845e-05,9.764409951902923
6527,nomadisch_pastoralisme,16,Prekeramisch,3.625842509791255e-05,10.22483878717398
6528,nomadisch_pastoralisme,16,Neolithicum,0.00012863856682088226,8.958503893602503
6529,nomadisch_pastoralisme,17,om,0.00011123855074401945,9.1038335568745
6530,nomadisch_pastoralisme,17,de,3.660889342427254e-05,10.215219357339954
6531,nomadisch_pastoralisme,17,"
",0.00378559622913599,5.57655188028806
6532,nomadisch_pastoralisme,17,Munhata-cultuur,1.2557320587802678e-05,11.285206748678691
6533,nomadisch_pastoralisme,17,te,0.00015778408851474524,8.754282987876405
6534,nomadisch_pastoralisme,17,produceren,5.858577196704573e-07,14.350188876047067
6535,nomadisch_pastoralisme,17,",",0.0009392863139510155,6.970390211546889
6536,nomadisch_pastoralisme,17,een,1.5200586858554743e-05,11.094176521741913
6537,nomadisch_pastoralisme,17,nomadische,1.1932957932003774e-05,11.336206411932523
6538,nomadisch_pastoralisme,17,levensstijl,1.5060338228067849e-05,11.103445877141676
6539,nomadisch_pastoralisme,17,gebaseerd,0.00041269490611739457,7.792801964103829
6540,nomadisch_pastoralisme,17,op,0.00603095069527626,5.110850619762049
6541,nomadisch_pastoralisme,17,"
",0.010507284663617611,4.555686484883616
6542,nomadisch_pastoralisme,17,dierlijke,0.0012740031816065311,6.665591224498917
6543,nomadisch_pastoralisme,17,domesticatie,2.1326823116396554e-05,10.755544976264371
6544,nomadisch_pastoralisme,17,.,0.04947752505540848,3.0062367517992166
6545,nomadisch_pastoralisme,18,ontwikkelde,7.023236321401782e-06,11.866286431716366
6546,nomadisch_pastoralisme,18,zich,0.0001348449004581198,8.911385325496116
6547,nomadisch_pastoralisme,18,tot,4.069529040862108e-06,12.411983279981136
6548,nomadisch_pastoralisme,18,het,7.225449735415168e-06,11.837901078786764
6549,nomadisch_pastoralisme,18,Yarmukian,2.708281135710422e-05,10.516611298576722
6550,nomadisch_pastoralisme,18,en,0.01233715657144785,4.395139710764147
6551,nomadisch_pastoralisme,18,"
",0.011346607469022274,4.478836481142384
6552,nomadisch_pastoralisme,18,vandaar,0.0003150201519019902,8.062873946892877
6553,nomadisch_pastoralisme,18,in,0.00021564758208114654,8.441865047170023
6554,nomadisch_pastoralisme,18,een,9.913356734614354e-06,11.521627545016642
6555,nomadisch_pastoralisme,18,circum-Arabian,5.584258246926765e-07,14.398144038908834
6556,nomadisch_pastoralisme,18,nomadic,5.6877819588407874e-05,9.77460510674117
6557,nomadisch_pastoralisme,18,pastoral,9.83634454314597e-05,9.226841312443078
6558,nomadisch_pastoralisme,18,complex,0.00018135433492716402,8.615057788869747
6559,nomadisch_pastoralisme,18,",",0.03232094645500183,3.432039761878
6560,nomadisch_pastoralisme,18,daarbij,0.0006043337052688003,7.411384020430177
6561,nomadisch_pastoralisme,18,de,0.014020800590515137,4.26721329554561
6562,nomadisch_pastoralisme,18,"
",0.04433216527104378,3.1160447870452774
6563,nomadisch_pastoralisme,18,Proto-Semitische,1.4806820217927452e-05,11.120422657806044
6564,nomadisch_pastoralisme,18,talen,3.96529594581807e-06,12.437930066112271
6565,nomadisch_pastoralisme,18,verspreidend,0.00018609863764140755,8.589233714915634
6566,nomadisch_pastoralisme,18,.,0.00680164759978652,4.990590402062295
6567,nomadisch_pastoralisme,18,"

",0.0007372561376541853,7.2125751852385225
6568,nomadisch_pastoralisme,19,Euraziatische,2.0347915778984316e-06,13.105117163038
6569,nomadisch_pastoralisme,19,steppe,2.928937092860906e-08,17.346041153680904
6570,nomadisch_pastoralisme,19,werd,0.005125746130943298,5.2734791780288335
6571,nomadisch_pastoralisme,19,sinds,0.023053061217069626,3.7699567106756597
6572,nomadisch_pastoralisme,19,de,0.00248432788066566,5.9977531265743815
6573,nomadisch_pastoralisme,19,late,3.8643129300908186e-06,12.463726658844847
6574,nomadisch_pastoralisme,19,prehistorie,0.0002512783103156835,8.288949427065296
6575,nomadisch_pastoralisme,19,grotendeels,0.0010960828512907028,6.816012499070072
6576,nomadisch_pastoralisme,19,"
",0.0069896928034722805,4.963318671703264
6577,nomadisch_pastoralisme,19,bevolkt,0.0009168376564048231,6.9945801391073115
6578,nomadisch_pastoralisme,19,door,5.852233152836561e-05,9.746102141041316
6579,nomadisch_pastoralisme,19,pastoralistische,1.2952519682585262e-05,11.254220218661228
6580,nomadisch_pastoralisme,19,nomaden,4.995022027287632e-05,9.90448364301204
6581,nomadisch_pastoralisme,19,",",0.03587424010038376,3.327735786997527
6582,nomadisch_pastoralisme,19,met,0.0002864031703211367,8.158110053382009
6583,nomadisch_pastoralisme,19,een,0.00015057172277010977,8.801071024039004
6584,nomadisch_pastoralisme,19,opeenvolging,0.00014260588795877993,8.85542576080297
6585,nomadisch_pastoralisme,19,van,0.000583504093810916,7.446459090305264
6586,nomadisch_pastoralisme,19,volkeren,0.0005371936713345349,7.5291518742212675
6587,nomadisch_pastoralisme,19,"
",0.09490258991718292,2.354904282725129
6588,nomadisch_pastoralisme,19,waaronder,0.0009197856998071074,6.991369850047032
6589,nomadisch_pastoralisme,19,de,0.12140032649040222,2.108661710983072
6590,nomadisch_pastoralisme,19,bronstijd-Indo-Europeanen,0.00010315807594452053,9.179248028302649
6591,nomadisch_pastoralisme,19,",",0.13981109857559204,1.9674630633808305
6592,nomadisch_pastoralisme,19,en,0.010822233743965626,4.526152581032953
6593,nomadisch_pastoralisme,19,later,4.657541921915254e-06,12.277022733563188
6594,nomadisch_pastoralisme,19,de,0.09024391323328018,2.4052391274421128
6595,nomadisch_pastoralisme,19,Indo-Iraniërs,0.00027593967388384044,8.195328289022294
6596,nomadisch_pastoralisme,19,",",0.05088191106915474,2.978247800334204
6597,nomadisch_pastoralisme,19,"
",0.00043938224553130567,7.730140804994645
6598,nomadisch_pastoralisme,19,Scythen,5.748617331846617e-05,9.763966103103755
6599,nomadisch_pastoralisme,19,",",0.05370005965232849,2.924341166623829
6600,nomadisch_pastoralisme,19,Sarmaten,0.051278695464134216,2.9704799061602727
6601,nomadisch_pastoralisme,19,",",0.5640475153923035,0.5726167838831957
6602,nomadisch_pastoralisme,19,Saken,0.07306186854839325,2.616448682409702
6603,nomadisch_pastoralisme,19,",",0.29661184549331665,1.2153309124718905
6604,nomadisch_pastoralisme,19,Alanen,0.004859074484556913,5.32690729448119
6605,nomadisch_pastoralisme,19,",",0.6593852639198303,0.41644729630451693
6606,nomadisch_pastoralisme,19,Massageten,0.0006999790202826262,7.26446019439483
6607,nomadisch_pastoralisme,19,",",0.7522329688072205,0.28470920406431
6608,nomadisch_pastoralisme,19,Wusun,0.013421190902590752,4.3109204104972445
6609,nomadisch_pastoralisme,19,",",0.396135538816452,0.9259988565500662
6610,nomadisch_pastoralisme,19,Yuezhi,0.008960460312664509,4.714933679133599
6611,nomadisch_pastoralisme,19,",",0.5278148651123047,0.6390096910194386
6612,nomadisch_pastoralisme,19,"
",0.0004069129645358771,7.806911241739266
6613,nomadisch_pastoralisme,19,Hephthalieten,0.02756611444056034,3.591167998207213
6614,nomadisch_pastoralisme,19,",",0.8370848298072815,0.17782986379872068
6615,nomadisch_pastoralisme,19,Jie,0.009635252878069878,4.642326731682341
6616,nomadisch_pastoralisme,19,",",0.07590910792350769,2.57821860278766
6617,nomadisch_pastoralisme,19,Xiongnu,0.0038004969246685505,5.572623451149783
6618,nomadisch_pastoralisme,19,",",0.44552600383758545,0.8084996637689321
6619,nomadisch_pastoralisme,19,Xianbei,0.0078085437417030334,4.85253679324595
6620,nomadisch_pastoralisme,19,",",0.8243539929389954,0.19315523824434352
6621,nomadisch_pastoralisme,19,Kitan,0.027053987607359886,3.6099208683857698
6622,nomadisch_pastoralisme,19,",",0.4222680330276489,0.8621150172134894
6623,nomadisch_pastoralisme,19,Petsjenegen,0.017848938703536987,4.025811228908572
6624,nomadisch_pastoralisme,19,",",0.48624762892723083,0.7210372603035687
6625,nomadisch_pastoralisme,19,Koemanen,0.0006833809893578291,7.288458036408035
6626,nomadisch_pastoralisme,19,",",0.06680656224489212,2.7059539660655108
6627,nomadisch_pastoralisme,19,"
",0.00293424678966403,5.831304489075453
6628,nomadisch_pastoralisme,19,Kiptsjaken,0.06996903568506241,2.6597024821534823
6629,nomadisch_pastoralisme,19,",",0.8814986348152161,0.12613182585191612
6630,nomadisch_pastoralisme,19,Karlukken,0.002008644165471196,6.210295329060376
6631,nomadisch_pastoralisme,19,",",0.863807737827301,0.1464050606034364
6632,nomadisch_pastoralisme,19,Avaren,0.00021973230468574911,8.423100549393274
6633,nomadisch_pastoralisme,19,",",0.37072688341140747,0.9922896507875407
6634,nomadisch_pastoralisme,19,Hunnen,0.0265404861420393,3.629083932912027
6635,nomadisch_pastoralisme,19,",",0.6414514183998108,0.44402182904936854
6636,nomadisch_pastoralisme,19,Mongolen,0.00012669737043324858,8.973709225128413
6637,nomadisch_pastoralisme,19,",",0.7214007377624512,0.3265604878316977
6638,nomadisch_pastoralisme,19,Dzjoengaren,0.02738134004175663,3.59789351796167
6639,nomadisch_pastoralisme,19,",",0.32747942209243774,1.116330059186459
6640,nomadisch_pastoralisme,19,en,0.00053229252807796,7.538317354934693
6641,nomadisch_pastoralisme,19,"
",0.3237781822681427,1.1276966202800867
6642,nomadisch_pastoralisme,19,verschillende,6.384230800904334e-05,9.659094452452363
6643,nomadisch_pastoralisme,19,Turkse,0.0017264210619032383,6.36170476363721
6644,nomadisch_pastoralisme,19,federaties,4.821161837753607e-06,12.24249561377139
6645,nomadisch_pastoralisme,19,.,0.07882656902074814,2.5405051686333775
6646,nomadisch_pastoralisme,19,"

",0.0006406719330698252,7.352993036943697
6647,nomadisch_pastoralisme,20,nomaden,3.302479672129266e-05,10.318251862872554
6648,nomadisch_pastoralisme,20,van,3.6068390727450605e-06,12.532678772301523
6649,nomadisch_pastoralisme,20,de,0.0007084159296937287,7.25247916544545
6650,nomadisch_pastoralisme,20,Centraal-Aziatische,0.0025566541589796543,5.969055844468321
6651,nomadisch_pastoralisme,20,bronstijd,7.772953267703997e-07,14.067445472859534
6652,nomadisch_pastoralisme,20,worden,2.0637221496144775e-06,13.090999336841545
6653,nomadisch_pastoralisme,20,geassocieerd,0.00011478215310489759,9.072474546922816
6654,nomadisch_pastoralisme,20,met,0.0001230523339472711,9.002900813836378
6655,nomadisch_pastoralisme,20,"
",0.0007608251180499792,7.181107031965285
6656,nomadisch_pastoralisme,20,de,0.0036919040139764547,5.601612961060737
6657,nomadisch_pastoralisme,20,vroegste,0.0008911201730370522,7.023031265248065
6658,nomadisch_pastoralisme,20,transmissies,3.372329592821188e-05,10.29732168559148
6659,nomadisch_pastoralisme,20,van,0.002121273661032319,6.155738587190566
6660,nomadisch_pastoralisme,20,gierst,1.685119786998257e-05,10.991088813486012
6661,nomadisch_pastoralisme,20,en,2.026210950134555e-06,13.109343036070115
6662,nomadisch_pastoralisme,20,tarwe,3.081489694523043e-06,12.690097410855062
6663,nomadisch_pastoralisme,20,door,2.0100237634324003e-06,13.117364013359992
6664,nomadisch_pastoralisme,20,de,0.11259427666664124,2.183964393461441
6665,nomadisch_pastoralisme,20,regio,0.000142903663800098,8.85333983444811
6666,nomadisch_pastoralisme,20,",",0.001111329416744411,6.80219830755304
6667,nomadisch_pastoralisme,20,die,0.0011743350187316537,6.747053233096331
6668,nomadisch_pastoralisme,20,"
",0.013258143328130245,4.3231433245312045
6669,nomadisch_pastoralisme,20,uiteindelijk,1.0089721399708651e-05,11.503993335505369
6670,nomadisch_pastoralisme,20,het,3.991000266978517e-05,10.12888357200849
6671,nomadisch_pastoralisme,20,centrum,2.0255203708074987e-05,10.807098824185422
6672,nomadisch_pastoralisme,20,van,0.0025466105435043573,5.972992002605615
6673,nomadisch_pastoralisme,20,de,0.0057746488600969315,5.154277827869303
6674,nomadisch_pastoralisme,20,zijderoute,0.002482839161530137,5.998352550417973
6675,nomadisch_pastoralisme,20,zou,0.0012800543336197734,6.66085275381106
6676,nomadisch_pastoralisme,20,vormen,0.0037583569064736366,5.583773410048722
6677,nomadisch_pastoralisme,20,.,0.025078734382987022,3.6857350276890117
6678,nomadisch_pastoralisme,20,"

",0.0007967345300130546,7.134989021217983
6679,nomadisch_pastoralisme,21,"

",0.007806736510246992,4.852768262862243
6680,nomadisch_pastoralisme,21,Nomadisch,2.675876567082014e-05,10.52864844967166
6681,nomadisch_pastoralisme,21,pastoralisme,2.262927978335938e-07,15.30143611055975
6682,nomadisch_pastoralisme,21,is,0.0001685949828242883,8.688011270702352
6683,nomadisch_pastoralisme,21,historisch,2.318339511475642e-06,12.97465935635371
6684,nomadisch_pastoralisme,21,gezien,0.005474533885717392,5.207648141932552
6685,nomadisch_pastoralisme,21,wijdverspreid,0.007070449646562338,4.951831201865119
6686,nomadisch_pastoralisme,21,over,2.511270849936409e-06,12.894721618238927
6687,nomadisch_pastoralisme,21,de,0.015875229611992836,4.142995270560401
6688,nomadisch_pastoralisme,21,minder,2.960709207400214e-05,10.427496628238393
6689,nomadisch_pastoralisme,21,"
",0.0335344634950161,3.395181607917854
6690,nomadisch_pastoralisme,21,vruchtbare,9.212480108544696e-06,11.594951459632187
6691,nomadisch_pastoralisme,21,gebieden,0.0004922141088172793,7.616596755612622
6692,nomadisch_pastoralisme,21,van,0.0010864180512726307,6.824869185619834
6693,nomadisch_pastoralisme,21,de,0.0053937435150146484,5.22251560544804
6694,nomadisch_pastoralisme,21,aarde,0.000568063638638705,7.473277105662244
6695,nomadisch_pastoralisme,21,.,0.010311146266758442,4.574529807040355
6696,nomadisch_pastoralisme,22,is,0.0007003467180766165,7.2639350340091156
6697,nomadisch_pastoralisme,22,te,6.235889304662123e-05,9.682604264948587
6698,nomadisch_pastoralisme,22,vinden,0.002474238397553563,6.001822648476608
6699,nomadisch_pastoralisme,22,in,0.0004185595316812396,7.778691428016951
6700,nomadisch_pastoralisme,22,gebieden,2.526697016946855e-06,12.888597635066004
6701,nomadisch_pastoralisme,22,met,7.911700959084556e-05,9.444582667233089
6702,nomadisch_pastoralisme,22,een,6.806557212257758e-05,9.595039021502547
6703,nomadisch_pastoralisme,22,"
",0.010454874485731125,4.560686951364313
6704,nomadisch_pastoralisme,22,lage,1.0180988283536863e-05,11.494988470656413
6705,nomadisch_pastoralisme,22,regenval,4.3038849980803207e-05,10.053407362244602
6706,nomadisch_pastoralisme,22,",",0.010378694161772728,4.568000212455718
6707,nomadisch_pastoralisme,22,zoals,4.4229396735318005e-05,10.026120905441852
6708,nomadisch_pastoralisme,22,het,0.00014293099229689687,8.853148615529765
6709,nomadisch_pastoralisme,22,Arabisch,4.499271199165378e-06,12.311595130045275
6710,nomadisch_pastoralisme,22,Schiereiland,0.0010915695456787944,6.82013866831114
6711,nomadisch_pastoralisme,22,met,0.0003443326859269291,7.9739022576880005
6712,nomadisch_pastoralisme,22,de,0.001542784390039742,6.4741664496229605
6713,nomadisch_pastoralisme,22,Bedoeïnen,0.00017780564667191356,8.634819476829069
6714,nomadisch_pastoralisme,22,",",0.08145923167467117,2.5076526087401696
6715,nomadisch_pastoralisme,22,en,0.0034863846376538277,5.65889000014726
6716,nomadisch_pastoralisme,22,in,0.0006268679862841964,7.37477458769081
6717,nomadisch_pastoralisme,22,"
",0.023088624700903893,3.7684152199317094
6718,nomadisch_pastoralisme,22,Noordoost-Afrika,0.00040331101627089083,7.815802541132219
6719,nomadisch_pastoralisme,22,met,2.4186974769691005e-06,12.932281395352268
6720,nomadisch_pastoralisme,22,verscheidene,3.830438436125405e-05,10.169946194145165
6721,nomadisch_pastoralisme,22,etnische,0.0029686640482395887,5.819643242772373
6722,nomadisch_pastoralisme,22,groepen,1.758590769895818e-05,10.948412675573598
6723,nomadisch_pastoralisme,22,zoals,0.00024266040418297052,8.32384760570701
6724,nomadisch_pastoralisme,22,de,0.0020908222068101168,6.170197889979446
6725,nomadisch_pastoralisme,22,Somaliërs,0.000125735517940484,8.981329921099707
6726,nomadisch_pastoralisme,22,.,0.007857809774577618,4.846247366006329
6727,nomadisch_pastoralisme,22,"
",8.448163134744391e-05,9.378976427735335
6728,nomadisch_pastoralisme,23,transhumance,1.0133123851119308e-06,13.802286004014844
6729,nomadisch_pastoralisme,23,is,0.0022357110865414143,6.103195941992254
6730,nomadisch_pastoralisme,23,ook,1.8236680716654519e-06,13.214660661125777
6731,nomadisch_pastoralisme,23,gebruikelijk,2.307173599547241e-05,10.676902239564495
6732,nomadisch_pastoralisme,23,in,0.0004185588040854782,7.7786931663512595
6733,nomadisch_pastoralisme,23,gebieden,9.141660848399624e-05,9.300083383933076
6734,nomadisch_pastoralisme,23,met,0.00020098444656468928,8.512283033174384
6735,nomadisch_pastoralisme,23,een,0.00025927965180017054,8.257603342080934
6736,nomadisch_pastoralisme,23,hard,4.452788289199816e-06,12.321980076163912
6737,nomadisch_pastoralisme,23,"
",0.002614167984575033,5.946809402426766
6738,nomadisch_pastoralisme,23,klimaat,0.0001025259043672122,9.185395065781751
6739,nomadisch_pastoralisme,23,",",0.01729516312479973,4.057328404732326
6740,nomadisch_pastoralisme,23,zoals,0.0006413096562027931,7.3519981346909535
6741,nomadisch_pastoralisme,23,Noord-Eurazië,9.295551535615232e-06,11.585974601744853
6742,nomadisch_pastoralisme,23,met,0.00046880744048394263,7.665318448487952
6743,nomadisch_pastoralisme,23,de,0.0010595122585073113,6.849946610235726
6744,nomadisch_pastoralisme,23,inheemse,0.007195848505944014,4.934251015652421
6745,nomadisch_pastoralisme,23,Samen,0.00017346748791169375,8.659520365694938
6746,nomadisch_pastoralisme,23,",",0.023879747837781906,3.73472455007036
6747,nomadisch_pastoralisme,23,Nenetsen,0.01728648692369461,4.057830185374661
6748,nomadisch_pastoralisme,23,en,0.0005045957514084876,7.591752941514349
6749,nomadisch_pastoralisme,23,"
",0.030894052237272263,3.4771915978365753
6750,nomadisch_pastoralisme,23,Tsjoektsjen,1.6608400983386673e-05,11.005601907282212
6751,nomadisch_pastoralisme,23,.,0.04283822327852249,3.15032450768648
6752,nomadisch_pastoralisme,24,zijn,0.004282027017325163,5.45332877932377
6753,nomadisch_pastoralisme,24,naar,0.0011291455011814833,6.786294125961227
6754,nomadisch_pastoralisme,24,schatting,0.00017923390259966254,8.626818886703164
6755,nomadisch_pastoralisme,24,30-40,2.2793914467911236e-05,10.689016966932645
6756,nomadisch_pastoralisme,24,miljoen,2.8398937502061017e-05,10.469158825396216
6757,nomadisch_pastoralisme,24,nomaden,2.7970641895080917e-05,10.484355101600764
6758,nomadisch_pastoralisme,24,in,0.000925482134334743,6.985195729935267
6759,nomadisch_pastoralisme,24,de,0.039146579802036285,3.240442221739936
6760,nomadisch_pastoralisme,24,wereld,0.0002730641863308847,8.205803675649314
6761,nomadisch_pastoralisme,24,.,0.04732762277126312,3.0506611630048006
6762,nomadisch_pastoralisme,24,"
",7.970164119797118e-07,14.04239056617284
6763,nomadisch_pastoralisme,25,nomaden,5.376120384426031e-07,14.4361286550518
6764,nomadisch_pastoralisme,25,en,0.002407840685918927,6.029024914056925
6765,nomadisch_pastoralisme,25,semi-nomadische,3.3689927931845887e-06,12.600896732697803
6766,nomadisch_pastoralisme,25,pastoralisten,4.6687539168033254e-08,16.879788535113256
6767,nomadisch_pastoralisme,25,vormen,0.002219780348241329,6.1103470302266905
6768,nomadisch_pastoralisme,25,een,2.2655693101114593e-05,10.695099386576025
6769,nomadisch_pastoralisme,25,"
",0.006408849265426397,5.050075545939874
6770,nomadisch_pastoralisme,25,significante,5.614572364720516e-05,9.787560039124353
6771,nomadisch_pastoralisme,25,maar,1.812572190829087e-05,10.918178528593762
6772,nomadisch_pastoralisme,25,dalende,2.1098667275509797e-05,10.766300681775189
6773,nomadisch_pastoralisme,25,minderheid,0.00019058221369050443,8.565426888567016
6774,nomadisch_pastoralisme,25,in,0.00123622827231884,6.695690250656957
6775,nomadisch_pastoralisme,25,landen,0.000801153015345335,7.12945859874622
6776,nomadisch_pastoralisme,25,als,6.408989429473877e-05,9.655223861774841
6777,nomadisch_pastoralisme,25,Saoedi-Arabië,1.0000690053857397e-07,16.118026647953343
6778,nomadisch_pastoralisme,25,"
",0.04153881594538689,3.181126964903178
6779,nomadisch_pastoralisme,25,(,0.0003189157578162849,8.050583572135855
6780,nomadisch_pastoralisme,25,waarschijnlijk,5.8277139032725245e-05,9.750300667877825
6781,nomadisch_pastoralisme,25,minder,0.00016009552928153425,8.739739862889078
6782,nomadisch_pastoralisme,25,dan,3.871390435961075e-05,10.159311736678163
6783,nomadisch_pastoralisme,25,3%,3.6342287330626277e-06,12.52511364746624
6784,nomadisch_pastoralisme,25,),0.0634249895811081,2.7578973377678637
6785,nomadisch_pastoralisme,25,",",5.794774187961593e-05,9.755968955639789
6786,nomadisch_pastoralisme,25,Iran,8.894310667528771e-06,11.630098736473578
6787,nomadisch_pastoralisme,25,(,0.06559302657842636,2.7242858908407035
6788,nomadisch_pastoralisme,25,4%,0.0004899993655271828,7.621106461702924
6789,nomadisch_pastoralisme,25,),0.10671209543943405,2.237620767779205
6790,nomadisch_pastoralisme,25,en,0.002232888014987111,6.104459457409835
6791,nomadisch_pastoralisme,25,Afghanistan,0.0033941566944122314,5.685699945170926
6792,nomadisch_pastoralisme,25,(,0.7540640830993652,0.28227792373773397
6793,nomadisch_pastoralisme,25,maximaal,1.2252832675585523e-05,11.309753408881805
6794,nomadisch_pastoralisme,25,10%,0.012442555278539658,4.38663280452175
6795,nomadisch_pastoralisme,25,),0.30949896574020386,1.1728005285748506
6796,nomadisch_pastoralisme,25,.,4.247900506015867e-06,12.36908569566995
6797,nomadisch_pastoralisme,25,"
",0.0007870308472774923,7.147243114282624
6798,nomadisch_pastoralisme,26,omvatten,0.002770420163869858,5.888756286578171
6799,nomadisch_pastoralisme,26,minder,0.0009550262475386262,6.953771733527591
6800,nomadisch_pastoralisme,26,dan,2.4112830942613073e-05,10.632766454886724
6801,nomadisch_pastoralisme,26,2%,9.044654234457994e-07,13.915921760099012
6802,nomadisch_pastoralisme,26,van,1.903794100144296e-07,15.474246861117289
6803,nomadisch_pastoralisme,26,de,0.0019084990490227938,6.261438184064263
6804,nomadisch_pastoralisme,26,bevolking,0.00025293551152572036,8.282375996883301
6805,nomadisch_pastoralisme,26,in,0.00042433617636561394,7.764984548099903
6806,nomadisch_pastoralisme,26,de,0.032405540347099304,3.429425872435145
6807,nomadisch_pastoralisme,26,landen,0.0002070815971819684,8.482397653086219
6808,nomadisch_pastoralisme,26,van,0.00033453121432103217,8.002780366393841
6809,nomadisch_pastoralisme,26,"
",0.003034750232473016,5.7976261535826845
6810,nomadisch_pastoralisme,26,Noord-Afrika,0.001007197191938758,6.900583863225753
6811,nomadisch_pastoralisme,26,",",0.048286303877830505,3.030607322141365
6812,nomadisch_pastoralisme,26,behalve,3.0089018764556386e-05,10.411350277872105
6813,nomadisch_pastoralisme,26,Libië,6.726876563334372e-06,11.909399628526593
6814,nomadisch_pastoralisme,26,en,0.007997499778866768,4.828626313790896
6815,nomadisch_pastoralisme,26,Mauritanië,4.308308052713983e-05,10.052380201103077
6816,nomadisch_pastoralisme,26,.,0.008780494332313538,4.73522257083419
6817,nomadisch_pastoralisme,28,Mongolië,1.224866985616302e-09,20.520433582015666
6818,nomadisch_pastoralisme,28,volgt,7.998528417374473e-06,11.736252981033106
6819,nomadisch_pastoralisme,28,nog,0.0005816839984618127,7.449583215657285
6820,nomadisch_pastoralisme,28,ongeveer,2.800340325848083e-06,12.785769603223361
6821,nomadisch_pastoralisme,28,40%,2.8255883535166504e-06,12.776793948318817
6822,nomadisch_pastoralisme,28,van,5.4916356020839885e-05,9.809699329942429
6823,nomadisch_pastoralisme,28,de,0.003688132856041193,5.602634950064293
6824,nomadisch_pastoralisme,28,bevolking,0.000498912762850523,7.603079301443091
6825,nomadisch_pastoralisme,28,een,0.00018300458032172173,8.605999376355628
6826,nomadisch_pastoralisme,28,traditionele,5.922120180912316e-06,12.036816034517084
6827,nomadisch_pastoralisme,28,"
",0.004855867475271225,5.327567516521721
6828,nomadisch_pastoralisme,28,nomadische,0.0001835819275584072,8.602849518400545
6829,nomadisch_pastoralisme,28,levensstijl,1.9144014004268683e-05,10.863520475835868
6830,nomadisch_pastoralisme,28,.,0.03293515369296074,3.413214690346225
6831,nomadisch_pastoralisme,29,China,2.3618264094693586e-05,10.65349024292317
6832,nomadisch_pastoralisme,29,wordt,3.876620667142561e-06,12.460546745913595
6833,nomadisch_pastoralisme,29,geschat,1.097503445635084e-05,11.419887459477138
6834,nomadisch_pastoralisme,29,dat,6.517511792480946e-05,9.638432788789853
6835,nomadisch_pastoralisme,29,iets,6.700321137032006e-06,11.913355101815704
6836,nomadisch_pastoralisme,29,meer,0.00018968386575579643,8.570151736006764
6837,nomadisch_pastoralisme,29,dan,0.0001257552794413641,8.981172766236575
6838,nomadisch_pastoralisme,29,vijf,0.007547507993876934,4.886537837241485
6839,nomadisch_pastoralisme,29,"
",0.002428600797429681,6.020439990995074
6840,nomadisch_pastoralisme,29,miljoen,2.141572849723161e-06,13.053970022387327
6841,nomadisch_pastoralisme,29,herders,7.945182733237743e-05,9.440359665467847
6842,nomadisch_pastoralisme,29,over,2.0078252418898046e-05,10.815873297859529
6843,nomadisch_pastoralisme,29,de,0.030177248641848564,3.5006669947469
6844,nomadisch_pastoralisme,29,pastorale,3.405033112358069e-06,12.590255893782162
6845,nomadisch_pastoralisme,29,provincies,1.0826506695593707e-05,11.433513107101358
6846,nomadisch_pastoralisme,29,",",0.008788415230810642,4.734320875825138
6847,nomadisch_pastoralisme,29,en,0.005853962618857622,5.140636476305495
6848,nomadisch_pastoralisme,29,meer,0.0012377137318253517,6.694489365848388
6849,nomadisch_pastoralisme,29,dan,0.0005922751734033227,7.4315392111375465
6850,nomadisch_pastoralisme,29,11,2.190726445405744e-05,10.72869226591456
6851,nomadisch_pastoralisme,29,miljoen,0.00017615185061004013,8.644164147356312
6852,nomadisch_pastoralisme,29,"
",0.04182007536292076,3.1743787829048236
6853,nomadisch_pastoralisme,29,over,0.0002370839356444776,8.347096320691122
6854,nomadisch_pastoralisme,29,de,0.07984957098960876,2.5276107770392584
6855,nomadisch_pastoralisme,29,semi-pastorale,1.9840850029595458e-07,15.432937798779784
6856,nomadisch_pastoralisme,29,provincies,0.05615125596523285,2.879706230011642
6857,nomadisch_pastoralisme,29,verspreid,0.00014563619333785027,8.834398872475628
6858,nomadisch_pastoralisme,29,leven,0.000551729928702116,7.502451891011325
6859,nomadisch_pastoralisme,29,.,0.015448068268597126,4.170271314614191
6860,nomadisch_pastoralisme,30,brengt,0.00016565437545068562,8.70560701573874
6861,nomadisch_pastoralisme,30,het,1.5259651036103605e-06,13.392883493246602
6862,nomadisch_pastoralisme,30,totaal,0.0005053258500993252,7.590307089050284
6863,nomadisch_pastoralisme,30,"
",0.02114539034664631,3.8563333477576918
6864,nomadisch_pastoralisme,30,van,0.00027784594567492604,8.188443750121209
6865,nomadisch_pastoralisme,30,de,5.505181252374314e-05,9.807235770292314
6866,nomadisch_pastoralisme,30,(,0.00013219036918599159,8.931267483533295
6867,nomadisch_pastoralisme,30,semi,0.01381151843816042,4.282252365529884
6868,nomadisch_pastoralisme,30,),0.5613766312599182,0.5773632417491659
6869,nomadisch_pastoralisme,30,nomadische,0.003991786856204271,5.523516314692763
6870,nomadisch_pastoralisme,30,populatie,1.431417672392854e-06,13.456845225488665
6871,nomadisch_pastoralisme,30,in,0.001273022498935461,6.666361285615319
6872,nomadisch_pastoralisme,30,China,3.2708931030356325e-06,12.63044749015126
6873,nomadisch_pastoralisme,30,tot,1.0869529432966374e-05,11.42954714820369
6874,nomadisch_pastoralisme,30,meer,0.0005063795251771808,7.58822412006628
6875,nomadisch_pastoralisme,30,dan,0.00028945424128323793,8.147513334642008
6876,nomadisch_pastoralisme,30,16,0.00012919411528855562,8.954194514955283
6877,nomadisch_pastoralisme,30,miljoen,6.241667870199308e-05,9.681678031412755
6878,nomadisch_pastoralisme,30,",",0.024267295375466347,3.718625704453564
6879,nomadisch_pastoralisme,30,in,0.0011864104308187962,6.736822975187633
6880,nomadisch_pastoralisme,30,"
",0.02314571663737297,3.7659455420327723
6881,nomadisch_pastoralisme,30,het,0.0001793104165699333,8.62639208327976
6882,nomadisch_pastoralisme,30,algemeen,1.1046540748793632e-05,11.413393233420088
6883,nomadisch_pastoralisme,30,in,0.003144162939861417,5.762207580102413
6884,nomadisch_pastoralisme,30,afgelegen,7.264077430590987e-05,9.52998416423039
6885,nomadisch_pastoralisme,30,",",0.07689330726861954,2.565336437875441
6886,nomadisch_pastoralisme,30,verspreide,0.0004672122886404395,7.668726824055501
6887,nomadisch_pastoralisme,30,en,0.1587980091571808,1.8401222670412598
6888,nomadisch_pastoralisme,30,resource-arme,4.086879812348343e-07,14.710313854112634
6889,nomadisch_pastoralisme,30,gemeenschappen,4.0046156755124684e-06,12.428062943218938
6890,nomadisch_pastoralisme,30,.,0.08510354906320572,2.4638865396519085
6891,nomadisch_pastoralisme,30,"

",0.0005350976134650409,7.533061372636327
6892,nomadisch_pastoralisme,31,Tsjaad,5.77766923015588e-06,12.061510203983952
6893,nomadisch_pastoralisme,31,leven,0.0005173221579752862,7.5668447479744385
6894,nomadisch_pastoralisme,31,de,0.00027586997020989656,8.195580925688075
6895,nomadisch_pastoralisme,31,Zaghawa,0.0005477069062180817,7.5097702567633515
6896,nomadisch_pastoralisme,31,",",0.12622907757759094,2.0696569467177977
6897,nomadisch_pastoralisme,31,Kreda,0.0009088633814826608,7.003315770480894
6898,nomadisch_pastoralisme,31,en,0.00018015739624388516,8.6216796655825
6899,nomadisch_pastoralisme,31,Amdang,0.002671157708391547,5.925243301898189
6900,nomadisch_pastoralisme,31,als,0.00016713370860088617,8.696716415592286
6901,nomadisch_pastoralisme,31,nomadische,4.957434612151701e-06,12.214622166321401
6902,nomadisch_pastoralisme,31,"
",0.0024018860422074795,6.031500999327613
6903,nomadisch_pastoralisme,31,pastoralisten,8.858259548105707e-07,13.936745344903771
6904,nomadisch_pastoralisme,31,.,0.10753382742404938,2.229949807201721
6905,nomadisch_pastoralisme,32,noord,3.476651181699708e-05,10.26685593860498
6906,nomadisch_pastoralisme,32,in,5.626930033031385e-06,12.087946551741604
6907,nomadisch_pastoralisme,32,Egypte,1.0319836007965932e-07,16.086612874726182
6908,nomadisch_pastoralisme,32,en,0.00022293257643468678,8.408641180046992
6909,nomadisch_pastoralisme,32,West-Libië,7.939955685287714e-05,9.44101777092478
6910,nomadisch_pastoralisme,32,beoefenen,0.0004660735430661589,7.671167118551999
6911,nomadisch_pastoralisme,32,de,0.0019139477517455816,6.258587284262537
6912,nomadisch_pastoralisme,32,"
",0.013760541565716267,4.285950089277878
6913,nomadisch_pastoralisme,32,Bedoeïenen,0.00020550044428091496,8.490062362079398
6914,nomadisch_pastoralisme,32,ook,5.895302820135839e-06,12.041354656314494
6915,nomadisch_pastoralisme,32,het,0.00010392847616458312,9.171807624603801
6916,nomadisch_pastoralisme,32,pastoralisme,1.383139647259668e-06,13.491154536221812
6917,nomadisch_pastoralisme,32,.,0.016550809144973755,4.101320287419218
6918,nomadisch_pastoralisme,32,"

",0.00017383902741130441,8.657380816766539
6919,nomadisch_pastoralisme,32,Grensoverschrijdend,0.0009787118760868907,6.929273263053257
6920,nomadisch_pastoralisme,32,pastoralisme,8.182783858501352e-06,11.71347814024687
6921,nomadisch_pastoralisme,32,"

",0.12123673409223557,2.1100101646987786
6922,nomadisch_pastoralisme,32,Soms,0.011213797144591808,4.490610370922442
6923,nomadisch_pastoralisme,32,bewegen,0.0012145050568506122,6.713418645800282
6924,nomadisch_pastoralisme,32,nomadische,4.342248575994745e-05,10.044533145960092
6925,nomadisch_pastoralisme,32,pastoralisten,0.002810512203723192,5.874388533342213
6926,nomadisch_pastoralisme,32,hun,8.559945285924186e-07,13.971001852656384
6927,nomadisch_pastoralisme,32,kuddes,0.0009769774042069912,6.931047033919759
6928,nomadisch_pastoralisme,32,over,9.690048318589106e-05,9.241826052641482
6929,nomadisch_pastoralisme,32,internationale,1.4525522601616103e-05,11.139603276416326
6930,nomadisch_pastoralisme,32,"
",0.09042441099882126,2.4032410148635996
6931,nomadisch_pastoralisme,32,grenzen,2.7432053684606217e-05,10.503798385798927
6932,nomadisch_pastoralisme,32,",",0.0083272410556674,4.788223083466374
6933,nomadisch_pastoralisme,32,op,0.0012845642631873488,6.657335712936432
6934,nomadisch_pastoralisme,32,zoek,0.0011198862921446562,6.794528123699975
6935,nomadisch_pastoralisme,32,naar,0.002157556125894189,6.138779121025619
6936,nomadisch_pastoralisme,32,nieuwe,0.0007176317740231752,7.239553970018255
6937,nomadisch_pastoralisme,32,weidegebieden,0.0025376484263688326,5.97651744317461
6938,nomadisch_pastoralisme,32,of,0.0007799456361681223,7.156286337929957
6939,nomadisch_pastoralisme,32,voor,0.0013563681859523058,6.602944602756137
6940,nomadisch_pastoralisme,32,de,0.044055402278900146,3.122307294416968
6941,nomadisch_pastoralisme,32,handel,0.004253612365573645,5.459986688694102
6942,nomadisch_pastoralisme,32,.,0.02767176181077957,3.587342814973952
6943,nomadisch_pastoralisme,33,"
",0.0013575614430010319,6.602065245301258
6944,nomadisch_pastoralisme,33,grensoverschrijdende,0.00010468994150869548,9.164507514342732
6945,nomadisch_pastoralisme,33,activiteiten,1.789485281733505e-06,13.233582531566832
6946,nomadisch_pastoralisme,33,kunnen,4.261812136974186e-06,12.365816103866992
6947,nomadisch_pastoralisme,33,leiden,0.0003834718372672796,7.866244375923198
6948,nomadisch_pastoralisme,33,tot,4.761341551784426e-05,9.952395997825766
6949,nomadisch_pastoralisme,33,spanningen,0.002225885633379221,6.107600405086027
6950,nomadisch_pastoralisme,33,met,0.00019891184638254344,8.522648814388031
6951,nomadisch_pastoralisme,33,"
",0.004919026512652636,5.314644631337426
6952,nomadisch_pastoralisme,33,nationale,1.7370770365232602e-05,10.960721628364679
6953,nomadisch_pastoralisme,33,regeringen,0.0002955868549179286,8.126547839033513
6954,nomadisch_pastoralisme,33,",",0.03957818076014519,3.2294773034783972
6955,nomadisch_pastoralisme,33,aangezien,0.0016572140157222748,6.402617390324987
6956,nomadisch_pastoralisme,33,deze,0.02472868748009205,3.6997912728527558
6957,nomadisch_pastoralisme,33,vaak,0.00013597334327641875,8.903051696760226
6958,nomadisch_pastoralisme,33,informeel,1.1195602382940706e-05,11.399989501148507
6959,nomadisch_pastoralisme,33,en,0.0008311800193041563,7.092664156841431
6960,nomadisch_pastoralisme,33,buiten,0.002205014694482088,6.117021105941321
6961,nomadisch_pastoralisme,33,hun,7.178524583650869e-07,14.147001778756316
6962,nomadisch_pastoralisme,33,"
",0.014945843257009983,4.203322060815931
6963,nomadisch_pastoralisme,33,controle,0.0001109190852730535,9.10670958397759
6964,nomadisch_pastoralisme,33,en,0.046813543885946274,3.061582718654072
6965,nomadisch_pastoralisme,33,regelgeving,0.0018938032444566488,6.26916817321714
6966,nomadisch_pastoralisme,33,vallen,2.581878834462259e-05,10.56440810065608
6967,nomadisch_pastoralisme,33,.,0.12307620048522949,2.094951599290546
6968,nomadisch_pastoralisme,34,Oost-Afrika,8.108600013656542e-05,9.420000236447528
6969,nomadisch_pastoralisme,34,verloopt,2.0703284917544806e-06,13.087803271608356
6970,nomadisch_pastoralisme,34,meer,0.00018684925453271717,8.585208391697057
6971,nomadisch_pastoralisme,34,dan,7.733124948572367e-05,9.46741242163443
6972,nomadisch_pastoralisme,34,95%,2.190395662182709e-06,13.031428362790964
6973,nomadisch_pastoralisme,34,van,0.00018594841822050512,8.590041244106896
6974,nomadisch_pastoralisme,34,"
",0.008635926060378551,4.751824328156577
6975,nomadisch_pastoralisme,34,de,0.0013870549155399203,6.580572545397955
6976,nomadisch_pastoralisme,34,grensoverschrijdende,0.00103894027415663,6.869554052485908
6977,nomadisch_pastoralisme,34,handel,0.0024127638898789883,6.026982346327372
6978,nomadisch_pastoralisme,34,via,0.00019229586177971214,8.55647542520737
6979,nomadisch_pastoralisme,34,onofficiële,8.729901310289279e-06,11.648756492839974
6980,nomadisch_pastoralisme,34,kanalen,0.00010530083818593994,9.158689178875589
6981,nomadisch_pastoralisme,34,",",0.02356303110718727,3.748076273669857
6982,nomadisch_pastoralisme,34,en,0.008196467533707619,4.804052006100226
6983,nomadisch_pastoralisme,34,de,0.023147517815232277,3.7658677260027837
6984,nomadisch_pastoralisme,34,"
",0.002414290327578783,6.026349895278799
6985,nomadisch_pastoralisme,34,onofficiële,1.5192225873761345e-05,11.094726716623706
6986,nomadisch_pastoralisme,34,handel,0.000389101798646152,7.851669555403746
6987,nomadisch_pastoralisme,34,in,0.0008842073148116469,7.030819003804217
6988,nomadisch_pastoralisme,34,levende,7.707898475928232e-05,9.47067988576481
6989,nomadisch_pastoralisme,34,runderen,0.000213989827898331,8.44958207725753
6990,nomadisch_pastoralisme,34,",",0.08332942426204681,2.484953559743693
6991,nomadisch_pastoralisme,34,kamelen,5.7997298426926136e-05,9.755114127348785
6992,nomadisch_pastoralisme,34,",",0.1014765202999115,2.2879278343550022
6993,nomadisch_pastoralisme,34,schapen,0.001452605938538909,6.534396136587078
6994,nomadisch_pastoralisme,34,en,0.02097601257264614,3.8643757525785287
6995,nomadisch_pastoralisme,34,geiten,0.00018390559125691652,8.601088023026534
6996,nomadisch_pastoralisme,34,van,0.0008556288667023182,7.063673842776397
6997,nomadisch_pastoralisme,34,"
",0.49906760454177856,0.6950137123635662
6998,nomadisch_pastoralisme,34,Ethiopië,3.3014482596627204e-06,12.621149319201143
6999,nomadisch_pastoralisme,34,naar,0.00173078547231853,6.359179943271067
7000,nomadisch_pastoralisme,34,Somalië,0.00013627369480673224,8.90084523270256
7001,nomadisch_pastoralisme,34,",",0.03760633245110512,3.2805828265139176
7002,nomadisch_pastoralisme,34,Kenia,0.008156518451869488,4.808937861361641
7003,nomadisch_pastoralisme,34,en,0.005716455169022083,5.164406391395214
7004,nomadisch_pastoralisme,34,Djibouti,0.008958393707871437,4.715164341741807
7005,nomadisch_pastoralisme,34,genereert,4.528686622506939e-05,10.002493496319182
7006,nomadisch_pastoralisme,34,een,3.975029176217504e-05,10.132893376961938
7007,nomadisch_pastoralisme,34,geschatte,2.7920385036850348e-05,10.486153489447057
7008,nomadisch_pastoralisme,34,totale,3.737550650839694e-05,10.19449497428112
7009,nomadisch_pastoralisme,34,"
",0.19919881224632263,1.613451896468278
7010,nomadisch_pastoralisme,34,waarde,0.0005598984425887465,7.4877551432015315
7011,nomadisch_pastoralisme,34,van,0.007515227887779474,4.890823931848488
7012,nomadisch_pastoralisme,34,tussen,0.00012976684956811368,8.949771182552952
7013,nomadisch_pastoralisme,34,250,5.013213012716733e-05,9.900848435527644
7014,nomadisch_pastoralisme,34,en,0.016522936522960663,4.103005771058806
7015,nomadisch_pastoralisme,34,300,0.007953725755214691,4.834114811642608
7016,nomadisch_pastoralisme,34,miljoen,0.0005346550024114549,7.53388887438257
7017,nomadisch_pastoralisme,34,USD,7.5707389441959094e-06,11.79121988045781
7018,nomadisch_pastoralisme,34,per,0.0004543081158772111,7.696734920781751
7019,nomadisch_pastoralisme,34,jaar,0.00016007633530534804,8.73985976084597
7020,nomadisch_pastoralisme,34,(,0.006306042894721031,5.066246915674818
7021,nomadisch_pastoralisme,34,100x,0.009940948337316513,4.61109285669587
7022,nomadisch_pastoralisme,34,meer,6.117839802755043e-05,9.701716404161807
7023,nomadisch_pastoralisme,34,dan,0.0006653969758190215,7.315126739297017
7024,nomadisch_pastoralisme,34,het,9.009883797261864e-06,11.617188383512449
7025,nomadisch_pastoralisme,34,"
",0.013766501098871231,4.285517094471957
7026,nomadisch_pastoralisme,34,officiële,0.00030256074387580156,8.103228494451248
7027,nomadisch_pastoralisme,34,bedrag,0.00026333611458539963,8.242079339510383
7028,nomadisch_pastoralisme,34,),0.032522451132535934,3.4258246240637242
7029,nomadisch_pastoralisme,34,.,2.4484292225679383e-05,10.617478779673396
7030,nomadisch_pastoralisme,35,handel,1.0146964996238239e-05,11.498335912339362
7031,nomadisch_pastoralisme,35,helpt,1.017076783682569e-06,13.79857794356833
7032,nomadisch_pastoralisme,35,de,0.00030767478165216744,8.0864672365765
7033,nomadisch_pastoralisme,35,voedselprijzen,0.001697384170256555,6.378666936349081
7034,nomadisch_pastoralisme,35,te,0.00017069658497348428,8.675622934377568
7035,nomadisch_pastoralisme,35,verlagen,6.57810305710882e-05,9.629179050389508
7036,nomadisch_pastoralisme,35,",",0.027351101860404015,3.5989984635251497
7037,nomadisch_pastoralisme,35,de,0.02451181784272194,3.708599916802665
7038,nomadisch_pastoralisme,35,"
",0.0016715411329641938,6.394009243992787
7039,nomadisch_pastoralisme,35,voedselzekerheid,0.007837350480258465,4.848854450684059
7040,nomadisch_pastoralisme,35,te,0.004574492573738098,5.387259499250068
7041,nomadisch_pastoralisme,35,vergroten,1.8549520973465405e-05,10.895066592777125
7042,nomadisch_pastoralisme,35,",",0.20191848278045654,1.5998912136211847
7043,nomadisch_pastoralisme,35,de,0.3930073082447052,0.9339270712432732
7044,nomadisch_pastoralisme,35,grensspanningen,0.0010911457939073443,6.820526947780375
7045,nomadisch_pastoralisme,35,te,0.00015746064309496433,8.756335016036411
7046,nomadisch_pastoralisme,35,verlichten,0.47223421931266785,0.7502801891193142
7047,nomadisch_pastoralisme,35,en,0.0007744274917058647,7.163386521978806
7048,nomadisch_pastoralisme,35,de,0.016796136274933815,4.0866064026581075
7049,nomadisch_pastoralisme,35,"
",0.14858543872833252,1.9065951412149085
7050,nomadisch_pastoralisme,35,regionale,4.780763993039727e-05,9.948325100058646
7051,nomadisch_pastoralisme,35,integratie,0.0008078244281932712,7.121165814894482
7052,nomadisch_pastoralisme,35,te,7.434321742039174e-05,9.506818114230908
7053,nomadisch_pastoralisme,35,bevorderen,0.0007882053614594042,7.145751891070448
7054,nomadisch_pastoralisme,35,.,0.2255864441394806,1.4890518491978086
7055,nomadisch_pastoralisme,36,zijn,0.004282027017325163,5.45332877932377
7056,nomadisch_pastoralisme,36,echter,1.6467785144413938e-06,13.316689593989432
7057,nomadisch_pastoralisme,36,ook,9.428351859241957e-07,13.874374345914525
7058,nomadisch_pastoralisme,36,risico's,3.451792736086645e-06,12.576616828235515
7059,nomadisch_pastoralisme,36,aan,1.1456301081125275e-06,13.679555759562577
7060,nomadisch_pastoralisme,36,de,0.001754680764861405,6.345468338974057
7061,nomadisch_pastoralisme,36,"
",0.024793092161417007,3.697190206489541
7062,nomadisch_pastoralisme,36,niet-gereguleerde,0.0028983925003558397,5.8435990058985405
7063,nomadisch_pastoralisme,36,en,0.003370170248672366,5.692792017000026
7064,nomadisch_pastoralisme,36,ongedocumenteerde,1.1630294466158375e-05,11.36189727222213
7065,nomadisch_pastoralisme,36,aard,0.00011531109339557588,9.067876921999375
7066,nomadisch_pastoralisme,36,van,1.5266470654751174e-05,11.089851594803106
7067,nomadisch_pastoralisme,36,deze,0.014040719717741013,4.265793619750955
7068,nomadisch_pastoralisme,36,handel,9.5727140433155e-05,9.254008700619458
7069,nomadisch_pastoralisme,36,",",0.00869197491556406,4.745355102514338
7070,nomadisch_pastoralisme,36,zoals,0.0001703214511508122,8.677823017272015
7071,nomadisch_pastoralisme,36,het,9.51418696786277e-05,9.26014141528622
7072,nomadisch_pastoralisme,36,"
",0.0731036514043808,2.6158769626615817
7073,nomadisch_pastoralisme,36,gemakkelijker,0.0004475419409573078,7.711740301831446
7074,nomadisch_pastoralisme,36,verspreiden,7.375416316790506e-05,9.514773114603265
7075,nomadisch_pastoralisme,36,van,0.00047971922322176397,7.6423095768346085
7076,nomadisch_pastoralisme,36,ziektes,0.0009518864098936319,6.95706484763041
7077,nomadisch_pastoralisme,36,over,8.892431651474908e-05,9.327724926245894
7078,nomadisch_pastoralisme,36,nationale,3.3066501714529295e-07,14.922160006813987
7079,nomadisch_pastoralisme,36,grenzen,1.626059747650288e-05,11.026765709347318
7080,nomadisch_pastoralisme,36,.,0.06851928681135178,2.6806400140545286
7081,nomadisch_pastoralisme,37,"
",0.009986798278987408,4.606491230284255
7082,nomadisch_pastoralisme,37,zijn,8.465243445243686e-05,9.376956690762198
7083,nomadisch_pastoralisme,37,regeringen,1.540090306662023e-05,11.081084409574363
7084,nomadisch_pastoralisme,37,ongelukkig,4.736911250802223e-06,12.26012526951541
7085,nomadisch_pastoralisme,37,met,0.0008412465103901923,7.080625825138526
7086,nomadisch_pastoralisme,37,verloren,9.86129161901772e-05,9.224308309091308
7087,nomadisch_pastoralisme,37,belastinginkomsten,2.157746894226875e-05,10.743860892210893
7088,nomadisch_pastoralisme,37,en,0.011792387813329697,4.440301056242698
7089,nomadisch_pastoralisme,37,"
",0.11657341569662094,2.1492340268015404
7090,nomadisch_pastoralisme,37,wisselkoersopbrengsten,0.006896039005368948,4.976808089405745
7091,nomadisch_pastoralisme,37,",",0.014842601493000984,4.210253753843767
7092,nomadisch_pastoralisme,37,en,0.005013852845877409,5.295550628325018
7093,nomadisch_pastoralisme,37,kan,2.879938438127283e-05,10.455156546701085
7094,nomadisch_pastoralisme,37,dergelijk,0.00011097808601334691,9.106177799445666
7095,nomadisch_pastoralisme,37,handelsverkeer,0.0006290431483648717,7.371310705262266
7096,nomadisch_pastoralisme,37,ook,1.6246927998508909e-06,13.330191806299673
7097,nomadisch_pastoralisme,37,worden,8.267136763606686e-06,11.703222328512965
7098,nomadisch_pastoralisme,37,"
",0.4854797124862671,0.7226177789698518
7099,nomadisch_pastoralisme,37,misbruikt,0.00025401354650966823,8.278122959652647
7100,nomadisch_pastoralisme,37,voor,0.005359375849366188,5.228907756693561
7101,nomadisch_pastoralisme,37,illegale,8.583468115830328e-06,11.665672516830742
7102,nomadisch_pastoralisme,37,zaken,3.0440125556197017e-05,10.399748900268486
7103,nomadisch_pastoralisme,37,als,0.00026833824813365936,8.223262253355497
7104,nomadisch_pastoralisme,37,smokkel,4.5399701775750145e-05,10.000005021754623
7105,nomadisch_pastoralisme,37,",",0.003301258198916912,5.71345161077649
7106,nomadisch_pastoralisme,37,mensenhandel,0.0003514522104524076,7.953436814840421
7107,nomadisch_pastoralisme,37,",",0.06929105520248413,2.6694394546742153
7108,nomadisch_pastoralisme,37,"
",0.0002615929115563631,8.24872103524543
7109,nomadisch_pastoralisme,37,witwaspraktijken,0.0005357522750273347,7.531838677185008
7110,nomadisch_pastoralisme,37,en,0.010297375731170177,4.575866199590883
7111,nomadisch_pastoralisme,37,terrorisme,2.747804899172479e-07,15.107293276508578
7112,nomadisch_pastoralisme,37,.,0.026408566161990166,3.634066845627804
7113,nomadisch_pastoralisme,37,"

",0.0006172236171551049,7.390279173212045
7114,nomadisch_pastoralisme,38,zijn,0.004282027017325163,5.45332877932377
7115,nomadisch_pastoralisme,38,initiatieven,6.381098501151428e-05,9.65958520357075
7116,nomadisch_pastoralisme,38,geweest,4.482099393499084e-05,10.012833913688544
7117,nomadisch_pastoralisme,38,om,0.00030050723580643535,8.110038725056166
7118,nomadisch_pastoralisme,38,grensoverschrijdende,0.0004502572410274297,7.705691491800037
7119,nomadisch_pastoralisme,38,handel,0.001429221942089498,6.550625079225414
7120,nomadisch_pastoralisme,38,te,0.001144855166785419,6.772477141867172
7121,nomadisch_pastoralisme,38,"
",0.002436090959236026,6.017360590243732
7122,nomadisch_pastoralisme,38,bevorderen,0.0012053177924826741,6.721012018608298
7123,nomadisch_pastoralisme,38,en,0.0008459854288958013,7.075008422033799
7124,nomadisch_pastoralisme,38,te,0.0006861626752652228,7.28439582239554
7125,nomadisch_pastoralisme,38,documenteren,1.227028315042844e-05,11.308330222863182
7126,nomadisch_pastoralisme,38,",",0.022119401022791862,3.8113001812302634
7127,nomadisch_pastoralisme,38,om,0.0006852293154224753,7.285757008683922
7128,nomadisch_pastoralisme,38,regionale,7.928538821033726e-07,14.047626891932115
7129,nomadisch_pastoralisme,38,groei,6.266165291890502e-05,9.677760893616352
7130,nomadisch_pastoralisme,38,en,0.0006245591212064028,7.378464563213554
7131,nomadisch_pastoralisme,38,voedselzekerheid,0.0020864468533545732,6.1722927299299375
7132,nomadisch_pastoralisme,38,te,0.004728938918560743,5.354054431758067
7133,nomadisch_pastoralisme,38,"
",0.198714479804039,1.615886259386754
7134,nomadisch_pastoralisme,38,stimuleren,0.0036368409637361765,5.6166398412536225
7135,nomadisch_pastoralisme,38,",",0.34620723128318787,1.0607177488695287
7136,nomadisch_pastoralisme,38,maar,0.0015978262526914477,6.439111165527186
7137,nomadisch_pastoralisme,38,ook,2.3243143004947342e-05,10.669500393948091
7138,nomadisch_pastoralisme,38,om,0.017376041039824486,4.05266297336505
7139,nomadisch_pastoralisme,38,de,0.014768275432288647,4.215273950780133
7140,nomadisch_pastoralisme,38,effectieve,3.114930905212532e-06,12.679303587283055
7141,nomadisch_pastoralisme,38,vaccinatie,0.026295872405171394,3.638343294884372
7142,nomadisch_pastoralisme,38,van,0.017998943105340004,4.017442239179846
7143,nomadisch_pastoralisme,38,vee,0.00813088659197092,4.8120853094652025
7144,nomadisch_pastoralisme,38,mogelijk,6.596067123609828e-07,14.231622069901311
7145,nomadisch_pastoralisme,38,te,0.01971473917365074,3.9263887415827834
7146,nomadisch_pastoralisme,38,"
",0.48675182461738586,0.7200008861649261
7147,nomadisch_pastoralisme,38,maken,0.010131405666470528,4.59211520761666
7148,nomadisch_pastoralisme,38,.,0.11861567199230194,2.1318666595607363
7149,nomadisch_pastoralisme,39,omvatten,0.005760956555604935,5.156651749380802
7150,nomadisch_pastoralisme,39,de,0.0005339693743735552,7.535172072009115
7151,nomadisch_pastoralisme,39,regionale,7.698796267163743e-09,18.68220184924719
7152,nomadisch_pastoralisme,39,veerkrachtverbetering,6.251010927371681e-05,9.680182265922308
7153,nomadisch_pastoralisme,39,tegen,0.0013508513802662492,6.607020233260161
7154,nomadisch_pastoralisme,39,"
",0.015472250059247017,4.168707178351195
7155,nomadisch_pastoralisme,39,droogte,5.397048994382203e-07,14.432243329285901
7156,nomadisch_pastoralisme,39,(,0.0018760163802653551,6.278604696951493
7157,nomadisch_pastoralisme,39,Regional,4.053848442708841e-06,12.415843895263569
7158,nomadisch_pastoralisme,39,Resilience,0.0014527648454532027,6.534286748198285
7159,nomadisch_pastoralisme,39,Enhancement,0.004872599616646767,5.32412768212315
7160,nomadisch_pastoralisme,39,Against,0.00015393328794743866,8.778991244553271
7161,nomadisch_pastoralisme,39,Drought,0.01864250749349594,3.982310956588731
7162,nomadisch_pastoralisme,39,",",0.09600666910409927,2.3433376200928504
7163,nomadisch_pastoralisme,39,RREAD,0.0057088453322649,5.16573849428067
7164,nomadisch_pastoralisme,39,),0.11793407052755356,2.1376295350038483
7165,nomadisch_pastoralisme,39,",",1.5485943549720105e-06,13.378162906246454
7166,nomadisch_pastoralisme,39,"
",0.005602460354566574,5.184549428696814
7167,nomadisch_pastoralisme,39,verbeterd,1.7870394003693946e-05,10.932365180703936
7168,nomadisch_pastoralisme,39,levensonderhoud,4.62687876279233e-06,12.283628050502355
7169,nomadisch_pastoralisme,39,in,0.007510874420404434,4.8914033858422865
7170,nomadisch_pastoralisme,39,Mandera-driehoek,1.0675393241399433e-05,11.447569161926253
7171,nomadisch_pastoralisme,39,/,0.0026459749788045883,5.9347156695681775
7172,nomadisch_pastoralisme,39,verbeterd,0.0027463012374937534,5.897500277181873
7173,nomadisch_pastoralisme,39,"
",0.0006542439805343747,7.33203021715519
7174,nomadisch_pastoralisme,39,levensonderhoud,0.001280035823583603,6.660867214267555
7175,nomadisch_pastoralisme,39,in,0.8222096562385559,0.1957598601959885
7176,nomadisch_pastoralisme,39,het,6.317424663393467e-07,14.274784015815541
7177,nomadisch_pastoralisme,39,zuiden,1.7380672943545505e-05,10.960151719455116
7178,nomadisch_pastoralisme,39,van,0.0006973129929974675,7.268276190614667
7179,nomadisch_pastoralisme,39,Ethiopië,1.5829620679141954e-05,11.053627646509938
7180,nomadisch_pastoralisme,39,(,0.06961478292942047,2.6647783357838986
7181,nomadisch_pastoralisme,39,Enhanced,0.0014748562825843692,6.519194729473525
7182,nomadisch_pastoralisme,39,Livelihoods,0.0006039267755113542,7.41205759997582
7183,nomadisch_pastoralisme,39,in,0.0007141785463318229,7.2443775619951944
7184,nomadisch_pastoralisme,39,"
",0.024342553690075874,3.7155292795032016
7185,nomadisch_pastoralisme,39,Mandera,0.00038051779847592115,7.87397760521008
7186,nomadisch_pastoralisme,39,Triangle/Enhanced,7.261304290295811e-06,11.832951090952754
7187,nomadisch_pastoralisme,39,Livelihoods,0.9361355900764465,0.06599495180312966
7188,nomadisch_pastoralisme,39,in,0.16998855769634247,1.7720241518657118
7189,nomadisch_pastoralisme,39,Southern,0.009957618080079556,4.609417384572604
7190,nomadisch_pastoralisme,39,Ethiopia,0.038778726011514664,3.2498834813958966
7191,nomadisch_pastoralisme,39,;,0.0019303512526676059,6.25005329642381
7192,nomadisch_pastoralisme,39,ELMT/ELSE,3.392496728338301e-05,10.291359316624558
7193,nomadisch_pastoralisme,39,),0.015081940218806267,4.194257262953983
7194,nomadisch_pastoralisme,39,"
",1.85180465450685e-06,13.199349905431546
7195,nomadisch_pastoralisme,39,als,0.00010982183448504657,9.116651191781688
7196,nomadisch_pastoralisme,39,onderdeel,0.019648846238851547,3.9297366579707678
7197,nomadisch_pastoralisme,39,van,0.014965534210205078,4.202005441007219
7198,nomadisch_pastoralisme,39,het,0.00022027025988791138,8.420655311508227
7199,nomadisch_pastoralisme,39,regionaal,5.792509546154179e-05,9.75635983962748
7200,nomadisch_pastoralisme,39,verbeterd,0.00023513074847869575,8.355368822035048
7201,nomadisch_pastoralisme,39,levensonderhoud,0.14421866834163666,1.9364246010569082
7202,nomadisch_pastoralisme,39,in,0.756242573261261,0.2793930901662843
7203,nomadisch_pastoralisme,39,pastorale,4.4555304157256614e-07,14.62394953635377
7204,nomadisch_pastoralisme,39,"
",0.20882612466812134,1.5662533126579317
7205,nomadisch_pastoralisme,39,gebieden,0.0026214835233986378,5.944014891152198
7206,nomadisch_pastoralisme,39,(,0.3409633934497833,1.0759801580482526
7207,nomadisch_pastoralisme,39,Regional,0.15435542166233063,1.868497402882606
7208,nomadisch_pastoralisme,39,Enhanced,0.00022510519193019718,8.398942745323367
7209,nomadisch_pastoralisme,39,Livelihoods,0.9160763025283813,0.08765561807376133
7210,nomadisch_pastoralisme,39,in,0.04195273295044899,3.171211700385251
7211,nomadisch_pastoralisme,39,Pastoral,0.012716454453766346,4.364858497836244
7212,nomadisch_pastoralisme,39,Areas,0.0034505038056522608,5.669235027976459
7213,nomadisch_pastoralisme,39,;,0.13916803896427155,1.9720731625868413
7214,nomadisch_pastoralisme,39,RELPA,0.004364966414868832,5.434144783908297
7215,nomadisch_pastoralisme,39,),0.03216352313756943,3.43692229037401
7216,nomadisch_pastoralisme,39,),1.9697740754054394e-06,13.137591704326232
7217,nomadisch_pastoralisme,39,in,1.1521534361236263e-05,11.371292720486137
7218,nomadisch_pastoralisme,39,"
",0.3151078522205353,1.1548403107562006
7219,nomadisch_pastoralisme,39,Oost-Afrika,0.0017940939869731665,6.323255127100671
7220,nomadisch_pastoralisme,39,",",0.035642269998788834,3.3342229859614303
7221,nomadisch_pastoralisme,39,en,0.0018335676286369562,6.301491686138879
7222,nomadisch_pastoralisme,39,het,1.9733075532712974e-05,10.833214369048388
7223,nomadisch_pastoralisme,39,regionaal,0.016973255202174187,4.076116397142834
7224,nomadisch_pastoralisme,39,levensonderhoud,0.0009963985066860914,6.911363273286634
7225,nomadisch_pastoralisme,39,pleitbezorgingsproject,1.7293982637056615e-06,13.267737034407135
7226,nomadisch_pastoralisme,39,"
",0.145650252699852,1.9265470605980957
7227,nomadisch_pastoralisme,39,(,0.006558773573487997,5.026951648765428
7228,nomadisch_pastoralisme,39,Regional,0.14621955156326294,1.9226460089848698
7229,nomadisch_pastoralisme,39,Livelihoods,0.5324925184249878,0.6301864314033839
7230,nomadisch_pastoralisme,39,Advocacy,1.6424513887614012e-05,11.016735589915037
7231,nomadisch_pastoralisme,39,Project,0.11284171789884567,2.1817691687631857
7232,nomadisch_pastoralisme,39,;,0.10417071729898453,2.261724213159583
7233,nomadisch_pastoralisme,39,REGLAP,0.05581067502498627,2.8857901192005357
7234,nomadisch_pastoralisme,39,),0.11698880046606064,2.1456770712783753
7235,nomadisch_pastoralisme,39,gefinancierd,0.0006348289316520095,7.3621549943392175
7236,nomadisch_pastoralisme,39,door,0.00017478688096161932,8.651943149266343
7237,nomadisch_pastoralisme,39,het,0.00028336659306660295,8.168769116743478
7238,nomadisch_pastoralisme,39,"
",0.22577804327011108,1.4882028717195928
7239,nomadisch_pastoralisme,39,bureau,0.0074408166110515594,4.900774676610334
7240,nomadisch_pastoralisme,39,voor,0.007837059907615185,4.848891526738102
7241,nomadisch_pastoralisme,39,humanitaire,2.1327701688278466e-05,10.7555037814844
7242,nomadisch_pastoralisme,39,hulp,0.0032332702539861202,5.734261191407672
7243,nomadisch_pastoralisme,39,van,0.001974569633603096,6.227404811410647
7244,nomadisch_pastoralisme,39,de,0.01885453797876835,3.9710016524824985
7245,nomadisch_pastoralisme,39,Europese,4.139454540563747e-05,10.092361439300277
7246,nomadisch_pastoralisme,39,Commissie,2.688670065253973e-05,10.523878793146066
7247,nomadisch_pastoralisme,39,(,0.26246345043182373,1.3376434430949484
7248,nomadisch_pastoralisme,39,European,0.042404673993587494,3.1604966871219147
7249,nomadisch_pastoralisme,39,"
",0.4254362881183624,0.8546400763318952
7250,nomadisch_pastoralisme,39,Commission,0.029569989070296288,3.520995314739183
7251,nomadisch_pastoralisme,40,Aid,1.6378393411287107e-05,11.019547566688743
7252,nomadisch_pastoralisme,40,Office,0.00230354443192482,6.073306284898784
7253,nomadisch_pastoralisme,40,;,0.03956428915262222,3.229828356653284
7254,nomadisch_pastoralisme,40,ECHO,7.184488822531421e-06,11.843586186053791
7255,nomadisch_pastoralisme,40,),0.052093956619501114,2.954706332737774
7256,nomadisch_pastoralisme,40,.,1.0733835551945958e-05,11.442109604622694
7257,nomadisch_pastoralisme,40,"
",0.00010654915968189016,9.146904086059005
7258,permafrost,1,"

",0.0024266880936920643,6.021227875662476
7259,permafrost,1,Permafrost,0.004034722689539194,5.512817705882405
7260,permafrost,1,",",0.043297816067934036,3.1396530824758537
7261,permafrost,1,vanuit,2.293547574083732e-08,17.59058096610664
7262,permafrost,1,het,1.3101383956382051e-05,11.242792687811916
7263,permafrost,1,Russisch,6.614694569861967e-08,16.53138711980789
7264,permafrost,1,soms,9.13251205929555e-05,9.301084664802492
7265,permafrost,1,ook,1.775190503394697e-05,10.93901772194569
7266,permafrost,1,merzlota,6.294221384450793e-05,9.673293493058644
7267,permafrost,1,(,0.004972104914486408,5.3039120044930606
7268,permafrost,1,"""",0.011215485632419586,4.490459809903817
7269,permafrost,1,bevroren,0.0004835693980567157,7.6343157206784795
7270,permafrost,1,grond,0.00012954184785485268,8.9515065795679
7271,permafrost,1,"""",0.30114731192588806,1.2001557255628335
7272,permafrost,1,),0.31179511547088623,1.1654089880652398
7273,permafrost,1,"
",6.331135296022694e-07,14.272616079221468
7274,permafrost,1,genoemd,8.688579633542304e-09,18.561256359412337
7275,permafrost,1,",",0.0042686546221375465,5.456456578171498
7276,permafrost,1,is,0.0015237228944897652,6.486598666012975
7277,permafrost,1,het,3.715097773238085e-05,10.200520468643983
7278,permafrost,1,verschijnsel,0.00017090467736124992,8.674404599222227
7279,permafrost,1,dat,0.0006032093660905957,7.413246214052555
7280,permafrost,1,in,0.004472821950912476,5.409735760619346
7281,permafrost,1,bepaalde,0.0007764435722492635,7.160786587366672
7282,permafrost,1,gebieden,0.0009372424683533609,6.972568538279862
7283,permafrost,1,nabij,0.0005394703475758433,7.524922737564651
7284,permafrost,1,de,0.01355676632374525,4.300869496608987
7285,permafrost,1,polenen,4.133928450755775e-05,10.093697311369917
7286,permafrost,1,"
",0.11471696943044662,2.1652873195783817
7287,permafrost,1,in,0.0032044234685599804,5.743223089795438
7288,permafrost,1,het,5.055162910139188e-05,9.892515385492027
7289,permafrost,1,hooggebergte,0.0007989733130671084,7.132183013172441
7290,permafrost,1,de,0.0017031165771186352,6.375295425669916
7291,permafrost,1,ondergrond,0.000204559531994164,8.4946515148498
7292,permafrost,1,nooit,0.0008248582016676664,7.1002990631685625
7293,permafrost,1,helemaal,2.523780131014064e-05,10.587167635411323
7294,permafrost,1,ontdooit,8.13765509519726e-05,9.416423398299532
7295,permafrost,1,.,0.003932405728846788,5.538503895640406
7296,permafrost,2,"
",0.014937848784029484,4.203857100004545
7297,permafrost,2,betekent,2.5801036827033386e-06,12.86768097274391
7298,permafrost,2,letterlijk,1.7762833977030823e-06,13.240987355345595
7299,permafrost,2,altijd,2.020936517510563e-05,10.809364438466853
7300,permafrost,2,bevroren,7.378894952125847e-05,9.514301573053627
7301,permafrost,2,grond,1.953746505023446e-05,10.843176651073842
7302,permafrost,2,.,0.03550000861287117,3.338222339884707
7303,permafrost,2,"

",2.3637378035346046e-05,10.652681283787995
7304,permafrost,3,"

",0.0029826092068105936,5.814956788799817
7305,permafrost,3,In,0.02474476583302021,3.6991412938269352
7306,permafrost,3,de,4.245806394465035e-06,12.369578792881287
7307,permafrost,3,geologie,0.00030146207427605987,8.106866339838431
7308,permafrost,3,wordt,5.075487479189178e-07,14.49367307563081
7309,permafrost,3,voor,3.90732784580905e-05,10.150071740001811
7310,permafrost,3,permafrost,0.0001750391093082726,8.650501127247532
7311,permafrost,3,de,0.005582993384450674,5.188030197599865
7312,permafrost,3,definitie,7.710686622885987e-05,9.47031822521421
7313,permafrost,3,gehanteerd,3.5376385199015203e-07,14.854636231186268
7314,permafrost,3,dat,9.950390085577965e-05,9.215313709987507
7315,permafrost,3,de,0.00034741387935355306,7.964993752872567
7316,permafrost,3,"
",0.02183103933930397,3.8244224989579405
7317,permafrost,3,grond,0.0017326665110886097,6.358093721222058
7318,permafrost,3,meer,0.0006288023432716727,7.371693590279134
7319,permafrost,3,dan,0.00012716534547507763,8.970022385410774
7320,permafrost,3,twee,3.3566666388651356e-05,10.30197705519035
7321,permafrost,3,opeenvolgende,6.314225174719468e-05,9.670120412701964
7322,permafrost,3,jaren,5.16197360411752e-06,12.174191570180051
7323,permafrost,3,bevroren,0.005315622314810753,5.237105187530416
7324,permafrost,3,moet,0.00037147474358789623,7.898029681076099
7325,permafrost,3,blijven,0.0029990493785589933,5.809459914342812
7326,permafrost,3,.,0.08711232244968414,2.440556930392237
7327,permafrost,3,"
",6.03051194048021e-06,12.018678651910115
7328,permafrost,4,bevindt,1.1282331797701772e-05,11.392272613603513
7329,permafrost,4,zich,0.00012032710219500586,9.025296671953225
7330,permafrost,4,naar,0.0002206440403824672,8.418959831983669
7331,permafrost,4,schatting,0.0002444808487780392,8.316373580223333
7332,permafrost,4,onder,5.3510511861531995e-06,12.138217532963571
7333,permafrost,4,20%,5.965079253655858e-06,12.029588216055743
7334,permafrost,4,van,3.666904376586899e-05,10.213577652963094
7335,permafrost,4,de,0.0013849165989086032,6.582115358550485
7336,permafrost,4,aardse,0.00014156127872411162,8.862777869438577
7337,permafrost,4,"
",0.003834310220554471,5.563765724602631
7338,permafrost,4,landmassa,9.647214028518647e-05,9.246256293009607
7339,permafrost,4,.,0.04052131250500679,3.205927208591037
7340,permafrost,5,bovenzijde,0.0001688487100182101,8.686507450971119
7341,permafrost,5,van,0.00044954827171750367,7.707267320013124
7342,permafrost,5,de,0.00010856677545234561,9.12814513233339
7343,permafrost,5,permafrost,7.2822995207388885e-06,11.830063877398183
7344,permafrost,5,heet,1.557786345074419e-05,11.069659661023987
7345,permafrost,5,permafrost-tafel,0.001235509174875915,6.696272106520353
7346,permafrost,5,"
",0.010117517784237862,4.593486923445809
7347,permafrost,5,(,9.346791921416298e-05,9.277892290554291
7348,permafrost,5,meestal,0.00013802277680952102,8.88809183708186
7349,permafrost,5,ter,0.0006109888199716806,7.400431896878778
7350,permafrost,5,hoogte,0.0008813748136162758,7.034027581394358
7351,permafrost,5,van,0.004456045106053352,5.413493653864995
7352,permafrost,5,de,0.010780882090330124,4.529980890287661
7353,permafrost,5,maximale,0.000993050285615027,6.914729255105571
7354,permafrost,5,dooilaag,1.837617105593381e-06,13.207040876954975
7355,permafrost,5,),0.03616910055279732,3.319550100543324
7356,permafrost,5,.,6.386024779203581e-06,11.96139858344063
7357,permafrost,5,"

",0.001925250398926437,6.252699242337333
7358,permafrost,6,Winters,5.1989911298733205e-05,9.864460871691797
7359,permafrost,6,is,9.938138100551441e-05,9.216545775674994
7360,permafrost,6,de,0.0008195816772058606,7.106716497625582
7361,permafrost,6,grond,0.0007626840961165726,7.178666641094126
7362,permafrost,6,tot,3.502954132272862e-05,10.259318814682208
7363,permafrost,6,op,0.004864457994699478,5.3257999786565895
7364,permafrost,6,grote,0.0017147032776847482,6.368515229260477
7365,permafrost,6,diepte,1.8716493286774494e-05,10.88610542888668
7366,permafrost,6,bevroren,0.004689856432378292,5.362353308425688
7367,permafrost,6,en,0.0007725632167421281,7.165796718570198
7368,permafrost,6,'s,0.0010795592097565532,6.831202460271749
7369,permafrost,6,zomers,0.0035222964361310005,5.648642105462174
7370,permafrost,6,"
",0.0005187438218854368,7.564100396108722
7371,permafrost,6,ontdooit,3.372122228029184e-05,10.297383177554824
7372,permafrost,6,alleen,6.232515443116426e-05,9.683145450721153
7373,permafrost,6,het,0.00022943952353671193,8.379871077190845
7374,permafrost,6,bovenste,0.001875146059319377,6.279068724290011
7375,permafrost,6,laagje,2.4236262106569484e-05,10.627660612178108
7376,permafrost,6,",",0.03934513032436371,3.235383064651872
7377,permafrost,6,enige,0.01071371603757143,4.536230485741371
7378,permafrost,6,decimeters,1.1375559552107006e-05,11.384043402943094
7379,permafrost,6,tot,0.0011252901749685407,6.78971434327946
7380,permafrost,6,enige,0.0010347323259338737,6.873612507999428
7381,permafrost,6,meters,0.0002912126947194338,8.141456648088406
7382,permafrost,6,.,0.02853517420589924,3.556617770021765
7383,permafrost,6,"
",9.077743925445247e-06,11.609684862584608
7384,permafrost,7,water,4.748658284370322e-06,12.257648446267238
7385,permafrost,7,uit,3.895414010912646e-06,12.455710591373016
7386,permafrost,7,het,0.00014366103278007358,8.84805397228545
7387,permafrost,7,bovenste,0.0013793838443234563,6.586118369139878
7388,permafrost,7,laagje,3.231568916817196e-05,10.339957712904893
7389,permafrost,7,kan,4.145708226133138e-05,10.090851828220053
7390,permafrost,7,niet,0.045453183352947235,3.0910724200424733
7391,permafrost,7,in,0.0032925365958362818,5.7160970095000945
7392,permafrost,7,de,0.0071924771182239056,4.934719643881984
7393,permafrost,7,bevroren,0.002523623639717698,5.982059458053221
7394,permafrost,7,bodem,0.0021424409933388233,6.1458094489036545
7395,permafrost,7,"
",0.004005549009889364,5.520074626735633
7396,permafrost,7,wegzakken,2.2874360183777753e-06,12.988079010295982
7397,permafrost,7,",",0.020921632647514343,3.866971600406363
7398,permafrost,7,zodat,0.0002878874074667692,8.152941100563694
7399,permafrost,7,het,0.00010796710557769984,9.13368395521761
7400,permafrost,7,erg,0.00047568342415615916,7.6507580002957285
7401,permafrost,7,moerassig,8.210042142309248e-05,9.407567408472872
7402,permafrost,7,zal,1.333957970928168e-05,11.224775024023971
7403,permafrost,7,zijn,0.00023975782096385956,8.335881223402824
7404,permafrost,7,.,0.058012451976537704,2.8470976022275067
7405,permafrost,8,laag,0.000769700447563082,7.169509147946866
7406,permafrost,8,die,2.5726626518007834e-06,12.870569144103515
7407,permafrost,8,wel,6.972942628635792e-06,11.87347323740362
7408,permafrost,8,ontdooit,2.511156526452396e-05,10.592182050436374
7409,permafrost,8,en,0.0004132250032853335,7.791518311210385
7410,permafrost,8,"
",0.015920134261250496,4.140170665105828
7411,permafrost,8,weer,8.801744115771726e-05,9.337975568150037
7412,permafrost,8,bevriest,0.0032666916958987713,5.7239775199932454
7413,permafrost,8,wordt,1.0874357940338086e-05,11.429103022701366
7414,permafrost,8,de,0.008659650571644306,4.749080906916517
7415,permafrost,8,actieve,0.00017068795568775386,8.675673489014375
7416,permafrost,8,laag,3.2681306038284674e-05,10.328707324319234
7417,permafrost,8,genoemd,1.7191952110806596e-06,13.273654277173026
7418,permafrost,8,.,0.00712484959512949,4.944166662505741
7419,permafrost,9,die,4.864855327468831e-07,14.536058673178996
7420,permafrost,9,actieve,4.3070090214314405e-06,12.355266857296993
7421,permafrost,9,laag,1.4209854271030053e-06,13.464159964283315
7422,permafrost,9,kunnen,3.5669663702719845e-06,12.543795079646546
7423,permafrost,9,"
",0.013346505351364613,4.316500699837363
7424,permafrost,9,planten,5.807086927234195e-05,9.753846409304687
7425,permafrost,9,groeien,4.2711613446044794e-07,14.666209883037876
7426,permafrost,9,",",0.020323434844613075,3.89598063292851
7427,permafrost,9,in,0.00025944437948055565,8.256968215593673
7428,permafrost,9,de,0.04376045614480972,3.1290246971382385
7429,permafrost,9,permafrostlaag,0.00016928389959502965,8.68393337319962
7430,permafrost,9,niet,0.001336722052656114,6.617534891287883
7431,permafrost,9,.,0.025679519400000572,3.662061515288752
7432,permafrost,10,dikte,1.529766564090096e-06,13.39039540669043
7433,permafrost,10,van,5.311336644808762e-05,9.843081939206888
7434,permafrost,10,de,0.00013831349497195333,8.885987746527162
7435,permafrost,10,actieve,2.4156424842658453e-06,12.93354526720837
7436,permafrost,10,laag,1.1064326827181503e-05,11.411784424343464
7437,permafrost,10,"
",0.004962437320500612,5.305858263678195
7438,permafrost,10,hangt,1.359624206997978e-06,13.50830221478311
7439,permafrost,10,af,3.118928361800499e-05,10.375435995931358
7440,permafrost,10,van,0.00010578223736956716,9.154127941391424
7441,permafrost,10,het,0.00010495109017938375,9.162016124144305
7442,permafrost,10,weer,0.00019498905749060214,8.542567116407866
7443,permafrost,10,en,0.0006409335765056312,7.352584731209231
7444,permafrost,10,wisselt,0.0007020402699708939,7.261519790952848
7445,permafrost,10,met,3.820405981969088e-05,10.172568769996472
7446,permafrost,10,het,7.946086407173425e-05,9.440245933338755
7447,permafrost,10,jaar,0.0004926219698973,7.615768473399665
7448,permafrost,10,maar,0.0022638565860688686,6.090685466023545
7449,permafrost,10,ligt,0.0008046869188547134,7.125057276872347
7450,permafrost,10,meestal,0.0016378002474084496,6.414401250066743
7451,permafrost,10,tussen,0.00048008805606514215,7.641541020751543
7452,permafrost,10,"
",0.1839781403541565,1.6929383308537809
7453,permafrost,10,60,8.452839392703027e-05,9.378423057239074
7454,permafrost,10,en,0.00016389154188800603,8.716305678866371
7455,permafrost,10,360,7.79057081672363e-05,9.460011332197817
7456,permafrost,10,cm,0.0015874393284320831,6.445633046238265
7457,permafrost,10,.,0.016363803297281265,4.11268349944181
7458,permafrost,11,dikte,1.529766564090096e-06,13.39039540669043
7459,permafrost,11,van,5.311336644808762e-05,9.843081939206888
7460,permafrost,11,de,0.00013831349497195333,8.885987746527162
7461,permafrost,11,permafrostlaag,1.0509256753721274e-05,11.463254093585444
7462,permafrost,11,kan,3.8462607335532084e-05,10.16582402666594
7463,permafrost,11,tientallen,1.1547331979500086e-07,15.974226331114462
7464,permafrost,11,meters,0.000369746150681749,7.902693867024583
7465,permafrost,11,"
",0.008529393933713436,4.764236971150113
7466,permafrost,11,bedragen,7.729305252723861e-06,11.770491576153924
7467,permafrost,11,(,0.005330122075974941,5.23438113750664
7468,permafrost,11,bij,0.009655295871198177,4.640248719221299
7469,permafrost,11,Barrow,3.5750494475905725e-07,14.844116643414136
7470,permafrost,11,in,0.002918111626058817,5.836818575309308
7471,permafrost,11,Alaska,0.0013576350174844265,6.602011050708357
7472,permafrost,11,is,0.0016814266564324498,6.388112645676096
7473,permafrost,11,eens,0.0005501009291037917,7.505408789111753
7474,permafrost,11,meer,0.0007198338862508535,7.236490086113117
7475,permafrost,11,dan,0.00037297519156709313,7.893998651076369
7476,permafrost,11,400,1.5664089005440474e-05,11.064139790026758
7477,permafrost,11,meter,0.0003240792138967663,8.034522584718404
7478,permafrost,11,gemeten,1.834455019888992e-06,13.208763112454672
7479,permafrost,11,),0.165902242064476,1.7963565673232553
7480,permafrost,11,.,3.7636600609403104e-06,12.49011865356609
7481,permafrost,11,"
",0.00010195895447395742,9.19094023278554
7482,permafrost,12,op,3.9345617551589385e-05,10.143125960291904
7483,permafrost,12,het,3.2238374842563644e-05,10.342353049705446
7484,permafrost,12,vasteland,4.672890281653963e-05,9.97114768073709
7485,permafrost,12,komt,1.2193037264296436e-06,13.617230578180775
7486,permafrost,12,permafrost,5.5884091125335544e-05,9.792230813561524
7487,permafrost,12,ook,6.7710125222220086e-06,11.902859922072134
7488,permafrost,12,voor,0.0006725857965648174,7.3043808760906845
7489,permafrost,12,op,0.004376672208309174,5.431466613157553
7490,permafrost,12,Antarctische,1.710558353806846e-05,10.976105625058532
7491,permafrost,12,en,0.002041848609223962,6.1938997004679965
7492,permafrost,12,"
",0.009238147176802158,4.684413935426875
7493,permafrost,12,Arctische,0.0008779264171607792,7.0379477751751525
7494,permafrost,12,eilanden,0.006803938653320074,4.990253620756059
7495,permafrost,12,",",0.026901712641119957,3.615565327444866
7496,permafrost,12,zoals,1.1443160474300385e-05,11.378118344930789
7497,permafrost,12,Bouveteiland,0.00010858503810595721,9.127976930619067
7498,permafrost,12,.,0.002801670925691724,5.877539280615312
7499,permafrost,12,"

",0.00036250511766411364,7.922471966075092
7500,permafrost,13,"

",0.004570217803120613,5.38819441588552
7501,permafrost,14,combinatie,2.0187103473290335e-06,13.113051692358308
7502,permafrost,14,van,0.0001256074756383896,8.982348786287456
7503,permafrost,14,permanent,2.5475010261288844e-05,10.577812576057182
7504,permafrost,14,bevroren,0.0006552349659614265,7.330516659997381
7505,permafrost,14,onderlaag,0.0010188787709921598,6.889052500423232
7506,permafrost,14,en,0.0002454956411384046,8.31223136592437
7507,permafrost,14,periodiek,2.931159997388022e-06,12.740112309739029
7508,permafrost,14,ontdooiende,0.0032051829621195793,5.742986103774107
7509,permafrost,14,"
",0.0031057593878358603,5.774497024147579
7510,permafrost,14,bovenlaag,0.0012411157367751002,6.691744516209645
7511,permafrost,14,kan,1.1650813576125074e-05,11.360134545530384
7512,permafrost,14,leiden,9.650739229982719e-05,9.245890948409995
7513,permafrost,14,tot,0.00029226718470454216,8.137842157956596
7514,permafrost,14,het,3.95415372622665e-05,10.138158862316292
7515,permafrost,14,ontstaan,0.0003835480019915849,7.866045776824043
7516,permafrost,14,van,0.004563278052955866,5.389714042457772
7517,permafrost,14,ijswiggen,9.139490430243313e-05,9.300320832672867
7518,permafrost,14,",",0.04423459991812706,3.118247992551868
7519,permafrost,14,pingo's,0.0005557200056500733,7.495245977516491
7520,permafrost,14,",",0.005587342660874128,5.187251478566599
7521,permafrost,14,palsa's,0.0010078063933178782,6.89997919790194
7522,permafrost,14,en,0.003353695385158062,5.697692441065778
7523,permafrost,14,"
",0.012095549143850803,4.414917733400104
7524,permafrost,14,polygoonbodems,2.8288275643717498e-05,10.473063127364014
7525,permafrost,14,.,0.015960494056344032,4.137638731528319
7526,permafrost,14,"

",0.00029532474582083523,8.127434973806146
7527,permafrost,15,van,1.2733663425024133e-05,11.271261407924646
7528,permafrost,15,permafrost,4.2410010792082176e-05,10.068126120007584
7529,permafrost,15,"

",0.0035765613429248333,5.633353458899332
7530,permafrost,16,bevroren,0.00011378814815543592,9.08117218795719
7531,permafrost,16,pakketten,5.106278877065051e-06,12.18503962311491
7532,permafrost,16,worden,1.2985714192836895e-06,13.554245805982474
7533,permafrost,16,onder,0.00032547558657824993,8.030223101960301
7534,permafrost,16,een,1.2864014024671633e-05,11.261076755301918
7535,permafrost,16,vijfde,0.0024516484700143337,6.010994635780339
7536,permafrost,16,van,0.0009633095469325781,6.945135757596242
7537,permafrost,16,het,9.580462210578844e-05,9.25319962670051
7538,permafrost,16,"
",0.002160801785066724,6.137275929372398
7539,permafrost,16,landoppervlak,6.179055617394624e-06,11.994345110891045
7540,permafrost,16,van,0.0007166015566326678,7.240990580848128
7541,permafrost,16,de,0.019851231947541237,3.9194892109263315
7542,permafrost,16,aarde,0.0005867638974450529,7.440888038051255
7543,permafrost,16,aangetroffen,0.0013229749165475368,6.627872353554724
7544,permafrost,16,.,0.020784838125109673,3.8735314943709054
7545,permafrost,17,zijn,0.0011974899098277092,6.727527654745844
7546,permafrost,17,de,0.0011227226350456476,6.791998619443626
7547,permafrost,17,gebieden,8.273596904473379e-05,9.399856116455545
7548,permafrost,17,met,1.2455480828066356e-05,11.293349804771177
7549,permafrost,17,zeer,0.0009436808177269995,6.965722565807771
7550,permafrost,17,"
",0.016610104590654373,4.097744058528211
7551,permafrost,17,koude,7.925901445560157e-05,9.442789404601756
7552,permafrost,17,en,0.004283825401216745,5.452908883245684
7553,permafrost,17,tevens,0.000285453163087368,8.161432594559635
7554,permafrost,17,lange,0.0037150245625525713,5.595369989110834
7555,permafrost,17,winters,0.0004308920179028064,7.749653037759112
7556,permafrost,17,",",0.004250390455126762,5.4607444284712345
7557,permafrost,17,afgewisseld,4.163977337157121e-06,12.389039849791896
7558,permafrost,17,door,3.842368823825382e-05,10.166836407359064
7559,permafrost,17,vrij,0.00308813014999032,5.780189500690177
7560,permafrost,17,korte,0.01767069101333618,4.03584788683135
7561,permafrost,17,zomers,0.001860759686678648,6.286770440945168
7562,permafrost,17,en,0.04851386323571205,3.025905681971555
7563,permafrost,17,met,0.00029232894303277135,8.137630872504886
7564,permafrost,17,"
",0.0015092032263055444,6.496173432117628
7565,permafrost,17,een,0.00023854394385125488,8.340957013659342
7566,permafrost,17,gemiddelde,0.00029850637656636536,8.116719263328408
7567,permafrost,17,jaartemperatuur,0.0002771693398244679,8.190881903459736
7568,permafrost,17,van,0.001765875844284892,6.339108482621203
7569,permafrost,17,minder,0.008311672136187553,4.790094470598932
7570,permafrost,17,dan,7.953780004754663e-05,9.439278177008939
7571,permafrost,17,-2,3.2467287383042276e-06,12.6378626105865
7572,permafrost,17,°,0.00017094075155910105,8.67419354361093
7573,permafrost,17,C,0.002007309580221772,6.210959970828217
7574,permafrost,17,(,0.010369079187512398,4.5689270564872935
7575,permafrost,17,dit,6.829131598351523e-05,9.591727944661278
7576,permafrost,17,laatste,0.0002259452739963308,8.395217738473857
7577,permafrost,17,doordat,1.1014223673555534e-05,11.416323059217287
7578,permafrost,17,"
",0.0569101944565773,2.866280789458915
7579,permafrost,17,de,0.022350233048200607,3.800918530764367
7580,permafrost,17,gemiddelde,0.00021097467106301337,8.463772474049255
7581,permafrost,17,jaartemperatuur,0.8612639307975769,0.14935428169355794
7582,permafrost,17,van,0.8620147109031677,0.1484829424511111
7583,permafrost,17,de,4.4764430640498176e-05,10.014096692813096
7584,permafrost,17,bodem,0.0011472636833786964,6.7703755776489345
7585,permafrost,17,enige,0.0058856746181845665,5.135233911333517
7586,permafrost,17,graden,5.0533835747046396e-05,9.892867431249663
7587,permafrost,17,hoger,0.0003764997236430645,7.88459324474036
7588,permafrost,17,is,0.0010597740765661001,6.849699528889721
7589,permafrost,17,dan,0.00010529145947657526,9.15877824869889
7590,permafrost,17,die,3.523227633195347e-06,12.556133047239411
7591,permafrost,17,"
",0.15361027419567108,1.8733365712108208
7592,permafrost,17,van,0.0065056211315095425,5.0350886863325055
7593,permafrost,17,de,0.008276229724287987,4.79436776159525
7594,permafrost,17,lucht,0.0008025878923945129,7.127669185724296
7595,permafrost,17,),0.05589170753955841,2.8843392543769526
7596,permafrost,17,.,1.7403091987944208e-05,10.958862667074083
7597,permafrost,18,delen,8.727336535230279e-06,11.649050327993066
7598,permafrost,18,van,4.2253122956026345e-05,10.071832290773786
7599,permafrost,18,noordoostelijk,0.00018031986837740988,8.620778237612017
7600,permafrost,18,Azië,2.4003431462915614e-05,10.63731376021517
7601,permafrost,18,bezitten,0.0022525584790855646,6.095688606960598
7602,permafrost,18,in,0.001555038383230567,6.466255049906017
7603,permafrost,18,de,0.007738318294286728,4.861570889628013
7604,permafrost,18,"
",0.010844899341464043,4.524060416308011
7605,permafrost,18,ondergrond,3.0941628210712224e-06,12.68599318241742
7606,permafrost,18,bevroren,0.00027256441535428166,8.207635585174673
7607,permafrost,18,pakketten,2.2114587409305386e-05,10.71927310341737
7608,permafrost,18,",",0.017399461939930916,4.051315996232256
7609,permafrost,18,hoewel,0.0001047752084559761,9.163693374596768
7610,permafrost,18,ze,0.0034749871119856834,5.662164508753357
7611,permafrost,18,ten,5.723144568037242e-06,12.07099215397269
7612,permafrost,18,zuiden,3.923373878933489e-05,10.145973497942029
7613,permafrost,18,van,0.0007229175535030663,7.23221537619021
7614,permafrost,18,de,0.005254487972706556,5.248672715612321
7615,permafrost,18,-2,3.873713012580993e-06,12.461297076110498
7616,permafrost,18,°,0.0002850680612027645,8.162782594968718
7617,permafrost,18,C,0.0046635279431939125,5.367983047922113
7618,permafrost,18,isotherm,0.0006359323160722852,7.360418421557289
7619,permafrost,18,"
",0.06284221261739731,2.7671282558804466
7620,permafrost,18,liggen,2.0158960978733376e-05,10.811861654842579
7621,permafrost,18,.,0.047008853405714035,3.057419324677201
7622,permafrost,19,ligt,0.00022412100224755704,8.403324463353412
7623,permafrost,19,de,0.0006398381083272398,7.354295369347944
7624,permafrost,19,permafrost,6.189377018017694e-05,9.690091026631379
7625,permafrost,19,echter,3.7219298974378034e-05,10.198683141576172
7626,permafrost,19,zo,0.000128943458548747,8.956136555510342
7627,permafrost,19,diep,7.998917084250934e-08,16.34137457590376
7628,permafrost,19,",",0.004757277201861143,5.34807979081834
7629,permafrost,19,dat,8.801473450148478e-05,9.338006319985292
7630,permafrost,19,deze,0.002299789572134614,6.0749376506087875
7631,permafrost,19,niet,1.2258866263437085e-05,11.309261106166403
7632,permafrost,19,in,0.002563940593972802,5.966209909469503
7633,permafrost,19,"
",0.0024084965698421,6.02875255608347
7634,permafrost,19,evenwicht,1.5639185221516527e-05,11.065730920015106
7635,permafrost,19,is,0.00014280196046456695,8.854051779409563
7636,permafrost,19,met,0.0005440498935058713,7.516469599310547
7637,permafrost,19,het,1.3047090760665014e-05,11.246945379265446
7638,permafrost,19,huidige,8.348064875463024e-05,9.390895704407534
7639,permafrost,19,klimaat,0.00017964752623811364,8.624513814395941
7640,permafrost,19,en,0.0008575444226153195,7.061437575466795
7641,permafrost,19,als,3.365213706274517e-05,10.299433995339001
7642,permafrost,19,fossiel,7.041131084406516e-06,11.863741735300973
7643,permafrost,19,beschouwd,0.00018595422443468124,8.59001001972981
7644,permafrost,19,moet,7.700180867686868e-05,9.471681647076476
7645,permafrost,19,"
",0.1374494880437851,1.9844987890501717
7646,permafrost,19,worden,9.439411769562867e-06,11.570616892294678
7647,permafrost,19,",",0.10112184286117554,2.2914291242522693
7648,permafrost,19,d.w.z.,0.029021183028817177,3.5397292663743323
7649,permafrost,19,daterend,5.432347734313225e-06,12.12313915386704
7650,permafrost,19,uit,0.00031590601429343224,8.06006581173844
7651,permafrost,19,de,0.01931828446686268,3.946703249851379
7652,permafrost,19,ijstijd,0.00017359507910441607,8.658785102312503
7653,permafrost,19,.,0.07682361453771591,2.5662432051312503
7654,permafrost,20,condities,1.0368974017183064e-06,13.779277571202362
7655,permafrost,20,spelen,4.941775478073396e-05,9.915200789825285
7656,permafrost,20,ook,7.985426009327057e-07,14.040477519515088
7657,permafrost,20,een,0.00013350015797186643,8.92140789681481
7658,permafrost,20,"
",0.003963726572692394,5.530570642518993
7659,permafrost,20,belangrijke,3.109223325736821e-05,10.378552504457705
7660,permafrost,20,rol,2.831855454132892e-06,12.774578423642708
7661,permafrost,20,bij,0.0001386151707265526,8.883809020296907
7662,permafrost,20,het,0.00016963512462098151,8.681860753331227
7663,permafrost,20,al,0.0008148576598614454,7.112497110453336
7664,permafrost,20,dan,0.00017099143587984145,8.673897085289815
7665,permafrost,20,niet,0.001188850961625576,6.734768016795789
7666,permafrost,20,voorkomen,0.001439145882613957,6.543705478443251
7667,permafrost,20,van,8.18139233160764e-05,9.411063117151963
7668,permafrost,20,permafrost,0.0001551660825498402,8.771014514370208
7669,permafrost,20,.,0.02491890825331211,3.69212839608228
7670,permafrost,21,speelt,2.0670084666107869e-07,15.391993274180582
7671,permafrost,21,"
",0.017425863072276115,4.0497997928719895
7672,permafrost,21,gemiddelde,9.043853424373083e-06,11.61342521062669
7673,permafrost,21,sneeuwbedekking,1.5550368743788567e-06,13.374011299187318
7674,permafrost,21,in,0.0002036491787293926,8.499111756633237
7675,permafrost,21,de,0.019554968923330307,3.934525859968952
7676,permafrost,21,winter,0.00169585389085114,6.379568894585786
7677,permafrost,21,een,0.00015112949768081307,8.79737348814339
7678,permafrost,21,belangrijke,0.0005673947161994874,7.474455347935513
7679,permafrost,21,rol,6.080954904064129e-07,14.312933910722844
7680,permafrost,21,.,0.004827960394322872,5.333331179110476
7681,permafrost,22,is,3.395619205548428e-05,10.290439333094291
7682,permafrost,22,"
",0.008052501827478409,4.821772449813475
7683,permafrost,22,een,2.794417923723813e-07,15.090471822310155
7684,permafrost,22,goede,2.0117040548939258e-05,10.813943313564492
7685,permafrost,22,isolator,1.1475120800241712e-06,13.677914367812942
7686,permafrost,22,van,0.00010048341209767386,9.205517897842503
7687,permafrost,22,de,0.005338802933692932,5.232753820860245
7688,permafrost,22,bodem,0.0007200780091807246,7.236151005738846
7689,permafrost,22,tegen,0.0002833692415151745,8.168759770418754
7690,permafrost,22,vorst,0.00021918461425229907,8.425596195808719
7691,permafrost,22,.,0.023997653275728226,3.7297992335929755
7692,permafrost,23,zal,4.920176070299931e-05,9.919581148460011
7693,permafrost,23,bij,0.00020123652939219028,8.511029578603019
7694,permafrost,23,een,1.0911846857197816e-06,13.728246584303404
7695,permafrost,23,gemiddelde,1.5068870595769113e-07,15.708049677999693
7696,permafrost,23,"
",0.022010918706655502,3.8162166438943603
7697,permafrost,23,jaartemperatuur,4.626598456525244e-05,9.981103541494312
7698,permafrost,23,van,0.00012981140753254294,8.949427872097257
7699,permafrost,23,-4,2.0581592252710834e-06,13.093698554608851
7700,permafrost,23,°,0.00021707442647311836,8.43527028408892
7701,permafrost,23,C,0.006534421816468239,5.030671410729309
7702,permafrost,23,toch,0.0009713161271065474,6.936858574063078
7703,permafrost,23,geen,0.00020104787836316973,8.511967477458718
7704,permafrost,23,permafrost,0.0004898386541754007,7.6214344982763
7705,permafrost,23,voorkomen,0.0005648078513331711,7.479024970796218
7706,permafrost,23,als,0.00013697450049221516,8.895715777254127
7707,permafrost,23,de,0.0013097509508952498,6.63791827366342
7708,permafrost,23,"
",0.2422945648431778,1.4176010829292918
7709,permafrost,23,gemiddelde,9.32811526581645e-05,9.279892478468408
7710,permafrost,23,sneeuwbedekking,4.486608668230474e-05,10.011828356348442
7711,permafrost,23,meer,0.000244745024247095,8.315293606700678
7712,permafrost,23,dan,0.0003449094365350902,7.972228678189644
7713,permafrost,23,70,0.00010737615230027586,9.139172446166556
7714,permafrost,23,cm,0.010978015139698982,4.511860629760931
7715,permafrost,23,is,0.0010629977332428098,6.846662312039642
7716,permafrost,23,.,0.007327829487621784,4.916075920491591
7717,permafrost,24,tegenover,0.00034753946238197386,7.964632338595533
7718,permafrost,24,staan,0.0022984188981354237,6.075533828032517
7719,permafrost,24,de,0.0005138397682458162,7.573599076038861
7720,permafrost,24,"
",0.014422678388655186,4.238953423134879
7721,permafrost,24,plaatsen,1.0522157026571222e-05,11.462027331124055
7722,permafrost,24,met,0.00020072619372513145,8.513568798843673
7723,permafrost,24,zware,0.004836476407945156,5.331568838272487
7724,permafrost,24,organische,1.3472754289978184e-05,11.214841112573653
7725,permafrost,24,bodems,0.0015893093077465892,6.44445575477164
7726,permafrost,24,",",0.0025566339027136564,5.969063767458676
7727,permafrost,24,zoals,0.00027990169473923743,8.181072106658632
7728,permafrost,24,veengebieden,0.0008713228744454682,7.045497955834563
7729,permafrost,24,.,0.02347544953227043,3.7518001046666667
7730,permafrost,25,de,0.00021254847524687648,8.456340476806112
7731,permafrost,25,"
",0.00904581043869257,4.705453563408866
7732,permafrost,25,slechte,0.0003017099807038903,8.106044330795594
7733,permafrost,25,thermale,2.015962536461302e-06,13.114413791032332
7734,permafrost,25,conductiviteit,2.7850041988131125e-06,12.79126117693334
7735,permafrost,25,van,6.868323544040322e-05,9.586005414127827
7736,permafrost,25,de,0.0017238123109564185,6.363216981021971
7737,permafrost,25,bodem,0.0003231150913052261,8.037501978378032
7738,permafrost,25,kunnen,5.038570816395804e-05,9.895802991275444
7739,permafrost,25,zelfs,3.272192407166585e-05,10.327465243812357
7740,permafrost,25,op,0.0038635311648249626,5.55617370414848
7741,permafrost,25,deze,0.00037638633511960506,7.884894455057637
7742,permafrost,25,"
",0.19349858164787292,1.6424850965243178
7743,permafrost,25,plaatsen,4.5136661356082186e-05,10.005815751293321
7744,permafrost,25,sporadische,1.7473904563303222e-06,13.257387050737298
7745,permafrost,25,permafrostcondities,0.00019067031098529696,8.564964741875999
7746,permafrost,25,voorkomen,0.00043415685649961233,7.742104668654509
7747,permafrost,25,als,0.0008239103481173515,7.101448834802499
7748,permafrost,25,de,0.0014603657182306051,6.529068382690989
7749,permafrost,25,gemiddelde,0.0003604469820857048,7.928165679778215
7750,permafrost,25,"
",0.26164793968200684,1.340755420523198
7751,permafrost,25,oppervlaktetemperatuur,0.003363841213285923,5.694671739743523
7752,permafrost,25,boven,0.001281801494769752,6.659488772745855
7753,permafrost,25,de,0.022209525108337402,3.8072340231892503
7754,permafrost,25,0,0.00012514439004007727,8.986042366979516
7755,permafrost,25,°,0.0011289779795333743,6.786442498403963
7756,permafrost,25,C,0.004664892330765724,5.367690525170892
7757,permafrost,25,ligt,4.976380296284333e-05,9.908222686351518
7758,permafrost,25,.,0.006495851092040539,5.036591599408813
7759,permafrost,25,"

",0.00016867918020579964,8.687511989153455
7760,permafrost,26,op,4.8637721192790195e-05,9.931111171881057
7761,permafrost,26,permafrost,0.005233319476246834,5.252709503150413
7762,permafrost,26,"

",0.006798948161303997,4.990987360925772
7763,permafrost,26,Bouwen,0.007848960347473621,4.847374195771024
7764,permafrost,26,op,0.953679621219635,0.04742749075010273
7765,permafrost,26,permafrost,0.9533079862594604,0.04781725202953815
7766,permafrost,26,is,0.0001993503246922046,8.520446855383762
7767,permafrost,26,lastig,6.394522689134874e-09,18.867824042834886
7768,permafrost,26,doordat,0.00015251505828928202,8.788247223911027
7769,permafrost,26,de,0.007002709899097681,4.96145807639918
7770,permafrost,26,warmte,0.005984091199934483,5.118650797795335
7771,permafrost,26,van,0.00040792510844767094,7.80442695813519
7772,permafrost,26,een,8.871498721418902e-06,11.6326668107051
7773,permafrost,26,gebouw,0.00035187878529541194,7.952223801627898
7774,permafrost,26,de,0.029110759496688843,3.5366474309882205
7775,permafrost,26,laag,0.0004264123854227364,7.760103639045886
7776,permafrost,26,"
",0.03649866208434105,3.310479674289043
7777,permafrost,26,zal,7.952573355396453e-07,14.044600082166497
7778,permafrost,26,doen,0.0007292440859600902,7.223502059005803
7779,permafrost,26,smelten,1.4774145711271558e-05,11.122631816223844
7780,permafrost,26,",",0.007061597425490618,4.953083988837079
7781,permafrost,26,waardoor,0.0007979537476785481,7.1334599224968
7782,permafrost,26,het,0.00011546506721060723,9.066542522142177
7783,permafrost,26,zal,2.1638979887939058e-05,10.741014245210845
7784,permafrost,26,dreigen,7.003448263276368e-05,9.566522828167436
7785,permafrost,26,te,0.0009121213806793094,6.99973748389589
7786,permafrost,26,verzakken,0.0010727430926635861,6.8375362730193725
7787,permafrost,26,.,0.06771960854530334,2.6923795022226376
7788,permafrost,27,zijn,0.0017435797490179539,6.351814952132985
7789,permafrost,27,"
",0.016316544264554977,4.115575700363459
7790,permafrost,27,dure,0.00023797010362613946,8.343365507199247
7791,permafrost,27,oplossingen,2.737504701144644e-06,12.808463745510018
7792,permafrost,27,in,0.0005309106200002134,7.540916874807131
7793,permafrost,27,gebruik,5.35783328814432e-05,9.834365808899943
7794,permafrost,27,:,0.0003059688024222851,8.09202741407779
7795,permafrost,27,"

",0.03895910829305649,3.245242688224955
7796,permafrost,27,•,0.0009742143447510898,6.933879212053257
7797,permafrost,27,op,8.124828309519216e-05,9.41800086811379
7798,permafrost,27,houten,0.0006465965416282415,7.343788041236206
7799,permafrost,27,palen,0.00017608724010642618,8.644531003313197
7800,permafrost,27,bouwen,0.0004626965965144336,7.678439017785238
7801,permafrost,27,;,0.003838574979454279,5.562654080357261
7802,permafrost,27,"

",0.2742280662059784,1.2937951603962485
7803,permafrost,27,•,0.9244412183761597,0.07856581224651858
7804,permafrost,27,op,0.10096518695354462,2.2929795051862043
7805,permafrost,27,een,2.6715002832133905e-07,15.135455432529763
7806,permafrost,27,grindbed,0.002521317917853594,5.982973530891661
7807,permafrost,27,van,0.00010823280172189698,9.131226079252027
7808,permafrost,27,"1,20",4.6930017560953274e-05,9.966853053963403
7809,permafrost,27,tot,5.304313617671141e-06,12.146990178308535
7810,permafrost,27,"1,60",0.02604071982204914,3.6480938190879924
7811,permafrost,27,meter,2.4990404199343175e-05,10.597018638804714
7812,permafrost,27,dik,3.266784915467724e-05,10.329119170004397
7813,permafrost,27,bouwen,6.414912786567584e-05,9.654300062230028
7814,permafrost,27,;,0.4298684597015381,0.8442760247646666
7815,permafrost,27,"

",0.908971905708313,0.09544109209382043
7816,permafrost,27,•,0.969477117061615,0.030998407402514878
7817,permafrost,27,gebruikmaken,5.001865065423772e-05,9.90311460900346
7818,permafrost,27,van,0.002090191701427102,6.170499494040868
7819,permafrost,27,warmtegeleidende,0.0005587742780335248,7.489764962361162
7820,permafrost,27,buizen,0.001552479574456811,6.4679019007927465
7821,permafrost,27,met,0.00024403900897596031,8.318182472597078
7822,permafrost,27,watervrij,2.20478032133542e-05,10.72229758854685
7823,permafrost,27,ammoniak,1.4724136235599872e-05,11.126022489868744
7824,permafrost,27,.,0.005955948028713465,5.123364890069253
7825,permafrost,29,bekende,1.525349489384098e-05,11.090701907800437
7826,permafrost,29,stad,3.4210258945677197e-06,12.58557008269967
7827,permafrost,29,die,3.788308902130666e-07,14.786175931406335
7828,permafrost,29,is,0.00034376030089333653,7.975565943197311
7829,permafrost,29,gebouwd,0.0006730637978762388,7.303670436562443
7830,permafrost,29,op,0.0037790369242429733,5.578286083759378
7831,permafrost,29,de,0.0008940368425101042,7.01976357277849
7832,permafrost,29,permafrost,0.0001909550919663161,8.563472278158029
7833,permafrost,29,is,0.002607116010040045,5.949510645580856
7834,permafrost,29,de,0.026592813432216644,3.6271142714186166
7835,permafrost,29,Russische,2.539482935048909e-08,17.488720252523258
7836,permafrost,29,stad,1.6521424186066724e-05,11.010852583776959
7837,permafrost,29,"
",0.004095792770385742,5.497794985692352
7838,permafrost,29,Jakoetsk,0.003088371129706502,5.780111469550737
7839,permafrost,29,in,0.0022957855835556984,6.076680191838743
7840,permafrost,29,het,0.00012423476437106729,8.993337521262074
7841,permafrost,29,noordoosten,0.0003918807487934828,7.844552976717272
7842,permafrost,29,van,0.0003773883217945695,7.882235869349163
7843,permafrost,29,Siberië,0.0013958547497168183,6.57424832753606
7844,permafrost,29,met,0.000987119390629232,6.9207195626960605
7845,permafrost,29,ruim,0.0016096560284495354,6.431734769737275
7846,permafrost,29,200.000,2.2831085516372696e-05,10.687387550748609
7847,permafrost,29,inwoners,0.00020714061975013465,8.482112672869548
7848,permafrost,29,.,0.018164068460464478,4.0083098967343505
7849,permafrost,30,"
",0.0009425962925888598,6.966872476657787
7850,permafrost,30,gemiddelde,1.0984643267875072e-05,11.41901232713156
7851,permafrost,30,jaartemperatuur,0.0003029278013855219,8.10201606010362
7852,permafrost,30,is,0.00012507944484241307,8.98656146380459
7853,permafrost,30,er,0.00016213639173656702,8.727072652651554
7854,permafrost,30,ongeveer,6.355257028189953e-06,11.96622820910691
7855,permafrost,30,-9,1.3352354244489106e-07,15.828988026751764
7856,permafrost,30,.,0.054863978177309036,2.9028982810214026
7857,permafrost,31,permafrostlaag,3.736265716725029e-05,10.194838823812372
7858,permafrost,31,is,0.00029077442013658583,8.142962779940847
7859,permafrost,31,"
",0.01257837563753128,4.375776158659661
7860,permafrost,31,volgens,6.0842012317152694e-05,9.707230015558814
7861,permafrost,31,ter,0.0002866249706130475,8.157335919313738
7862,permafrost,31,plaatse,0.0003383775765541941,7.991348195565429
7863,permafrost,31,verkregen,0.0006522259791381657,7.3351194623171745
7864,permafrost,31,gegevens,1.3677679362444906e-06,13.50233039040212
7865,permafrost,31,(,0.0012610937701538205,6.675775863024305
7866,permafrost,31,het,7.504453242290765e-05,9.497428854998264
7867,permafrost,31,permafrostinstituut,0.00011738787725334987,9.05002691609491
7868,permafrost,31,",",0.029566537588834763,3.5211120439980834
7869,permafrost,31,juli,0.0008341826032847166,7.08905823078868
7870,permafrost,31,"
",0.0011463455157354474,6.771176208979372
7871,permafrost,31,2010,0.020558692514896393,3.8844714340507775
7872,permafrost,31,),0.19322042167186737,1.6439236605544687
7873,permafrost,31,ongeveer,7.337748684221879e-07,14.12506357415058
7874,permafrost,31,300,6.3832981140876655e-06,11.96182564839625
7875,permafrost,31,meter,0.00035085546551272273,7.955136198468763
7876,permafrost,31,dik,0.00013858523743692786,8.884024988880354
7877,permafrost,31,.,0.004768339917063713,5.345757060429718
7878,permafrost,32,de,6.649830902460963e-05,9.618334038827127
7879,permafrost,32,tijd,2.5523682779748924e-05,10.575903800348016
7880,permafrost,32,van,0.00021397630916908383,8.449645253888018
7881,permafrost,32,houten,0.0004706348991021514,7.661427925682532
7882,permafrost,32,huizen,2.9374832593020983e-05,10.435372284477179
7883,permafrost,32,bouwde,5.771299038315192e-05,9.760028273166583
7884,permafrost,32,men,0.00017810582357924432,8.63313266983578
7885,permafrost,32,zo,0.0008435906493104994,7.077843193690289
7886,permafrost,32,"
",0.002091420581564307,6.169911739801872
7887,permafrost,32,veel,1.0591792488412466e-05,11.455431150312322
7888,permafrost,32,mogelijk,0.0006527791847474873,7.334271640932604
7889,permafrost,32,op,0.000511873688083142,7.577432666323562
7890,permafrost,32,de,6.199713971000165e-05,9.688422307693026
7891,permafrost,32,hoogste,0.008306578733026981,4.790707459698705
7892,permafrost,32,plaatsen,0.0003041295858565718,8.098056678119946
7893,permafrost,32,van,0.00040389233618043363,7.814362210122008
7894,permafrost,32,het,0.00018750321760307997,8.58171455215129
7895,permafrost,32,terrein,2.4154708171408856e-06,12.933616334523219
7896,permafrost,32,",",0.015700872987508774,4.154038963873814
7897,permafrost,32,alwaar,2.16129270036447e-09,19.95255932187256
7898,permafrost,32,zich,0.004064331296831369,5.505506052138913
7899,permafrost,32,de,0.006193256471306086,5.084294244787299
7900,permafrost,32,"
",0.02145262435078621,3.841908293735938
7901,permafrost,32,minste,1.2490175322454888e-05,11.290568196899294
7902,permafrost,32,werking,0.0017574853263795376,6.343871283458242
7903,permafrost,32,van,0.005718919914215803,5.163975317606388
7904,permafrost,32,het,0.00037437325227074325,7.890257257497462
7905,permafrost,32,ijs,7.888714208093006e-06,11.750077401140429
7906,permafrost,32,voordoet,0.00902952067553997,4.707255994297658
7907,permafrost,32,.,0.07710889726877213,2.562536605994652
7908,permafrost,33,bouwen,2.3459237752376794e-07,15.265416392628431
7909,permafrost,33,op,8.915205398807302e-05,9.325167174233792
7910,permafrost,33,een,2.0959325297553733e-07,15.378097075019841
7911,permafrost,33,jaarlijks,3.105363794020377e-05,10.379794592512235
7912,permafrost,33,"
",0.012635668739676476,4.371231611986086
7913,permafrost,33,smeltende,5.681400580215268e-06,12.078312774603503
7914,permafrost,33,en,0.011441833339631557,4.47047904890946
7915,permafrost,33,ontdooiende,3.950688915210776e-05,10.139035492350544
7916,permafrost,33,grond,0.0001598745584487915,8.741121059921833
7917,permafrost,33,voor,0.00030287966364994645,8.102174981009865
7918,permafrost,33,beweging,0.003652164712548256,5.6124352152543615
7919,permafrost,33,van,0.001374256913550198,6.589842120455589
7920,permafrost,33,het,3.921852839994244e-05,10.146361259574114
7921,permafrost,33,gebouw,0.0004512636223807931,7.703458860671354
7922,permafrost,33,zorgt,0.0010628335876390338,6.84681674160561
7923,permafrost,33,zijn,0.00013674108777195215,8.897421290471858
7924,permafrost,33,"
",0.2666851580142975,1.3216864998327875
7925,permafrost,33,sommige,0.02360539138317108,3.7462801446014913
7926,permafrost,33,houten,0.004563147202134132,5.389742717611095
7927,permafrost,33,huizen,3.849438871839084e-05,10.16499807486701
7928,permafrost,33,verzakt,0.0023166758473962545,6.0676219451765405
7929,permafrost,33,.,0.012351510114967823,4.393976946867701
7930,permafrost,34,is,0.0002585328184068203,8.260487914987813
7931,permafrost,34,Jakoetsk,2.8548760383273475e-05,10.463897041954684
7932,permafrost,34,een,2.353286845391267e-06,12.959697549405378
7933,permafrost,34,moderne,3.128136449959129e-05,10.372488021128884
7934,permafrost,34,stad,1.7182584315378335e-06,13.274199319907218
7935,permafrost,34,met,0.0007408469682559371,7.207716474568782
7936,permafrost,34,"
",0.0037815277464687824,5.577627185271128
7937,permafrost,34,vrij,0.0001846734230639413,8.596921573565536
7938,permafrost,34,hoge,0.004541938658803701,5.394401340717202
7939,permafrost,34,gebouwen,4.0284969145432115e-05,10.119532132642517
7940,permafrost,34,",",0.015823453664779663,4.1462620304321565
7941,permafrost,34,zoals,2.8996206310694106e-05,10.448345553407691
7942,permafrost,34,flats,4.56109264632687e-05,9.995363254724564
7943,permafrost,34,tot,5.77579703531228e-05,9.759249203312844
7944,permafrost,34,8,7.1261303673964e-05,9.549157103343152
7945,permafrost,34,verdiepingen,0.0001770517264958471,8.63906862799473
7946,permafrost,34,hoog,0.0003758989041671157,7.886190322622877
7947,permafrost,34,en,0.012371125631034374,4.392390099867713
7948,permafrost,34,grote,0.00019075139425694942,8.564539578484615
7949,permafrost,34,"
",0.2385920137166977,1.4330002413089393
7950,permafrost,34,bankgebouwen,6.871060031699017e-05,9.585607071992637
7951,permafrost,34,.,0.03514471650123596,3.348280984932942
7952,permafrost,35,fundering,3.822197868430521e-06,12.47468494257299
7953,permafrost,35,vindt,6.516553519020363e-09,18.848920202144058
7954,permafrost,35,als,9.136643711826764e-06,11.603217448707555
7955,permafrost,35,volgt,8.637336577521637e-05,9.356831196168697
7956,permafrost,35,plaats,4.1792754927882925e-05,10.082787560540579
7957,permafrost,35,:,0.0013592458562925458,6.600825250467779
7958,permafrost,36,de,0.0010216316441074014,6.886354278679263
7959,permafrost,36,bevroren,0.0004222873831167817,7.769824473058941
7960,permafrost,36,grond,2.4946750272647478e-05,10.598766993843249
7961,permafrost,36,"
",0.0051210736855864525,5.274391157699473
7962,permafrost,36,worden,1.2403559594531544e-05,11.297527062473167
7963,permafrost,36,gaten,0.00012751543545164168,8.967273138327434
7964,permafrost,36,geboord,0.0017828107811510563,6.32956406959635
7965,permafrost,36,waarin,0.0006606732495129108,7.32225116784722
7966,permafrost,36,betonnen,4.81053939438425e-05,9.942116246935175
7967,permafrost,36,palen,8.19996785139665e-05,9.40879523126909
7968,permafrost,36,worden,0.0007201861008070409,7.23600090600954
7969,permafrost,36,geplaatst,0.0011141824070364237,6.799634410273872
7970,permafrost,36,",",0.003952339757233858,5.533447531831823
7971,permafrost,36,plusminus,4.454095233086264e-06,12.32168660788344
7972,permafrost,36,4,0.001430737553164363,6.549565196231084
7973,permafrost,36,"
",0.06929148733615875,2.6694332181935345
7974,permafrost,36,meter,3.168025068589486e-05,10.359817077984495
7975,permafrost,36,in,0.015947557985782623,4.138449565812596
7976,permafrost,36,de,0.01688445173203945,4.081362096383105
7977,permafrost,36,permafrost,6.1020484281471e-05,9.704300942268846
7978,permafrost,36,.,0.002324583474546671,6.064214406724841
7979,permafrost,37,bevindt,0.0003231199225410819,8.037487026430977
7980,permafrost,37,zich,3.277720315963961e-05,10.325777309837198
7981,permafrost,37,dan,6.918587314430624e-05,9.578713861494634
7982,permafrost,37,de,0.00032345502404496074,8.036450482916102
7983,permafrost,37,jaarlijks,0.0007441006018780172,7.203334314694275
7984,permafrost,37,"
",0.0025806277990341187,5.959722576690313
7985,permafrost,37,bevriezende,0.0010083656525239348,6.899424424591246
7986,permafrost,37,en,0.005296905990689993,5.240632404228741
7987,permafrost,37,ontdooiende,4.900728526990861e-05,9.923541591927545
7988,permafrost,37,laag,0.00023761289776302874,8.34486768843465
7989,permafrost,37,van,0.004100527614355087,5.4966396271231925
7990,permafrost,37,ongeveer,1.9584233086789027e-05,10.840785749806235
7991,permafrost,37,een,5.818925274070352e-06,12.05439497408549
7992,permafrost,37,meter,1.3147252502676565e-05,11.239297756328167
7993,permafrost,37,.,0.010289360769093037,4.576644852631106
7994,permafrost,38,één,0.0024202181957662106,6.023897579338273
7995,permafrost,38,tot,3.147710458506481e-06,12.668835207971322
7996,permafrost,38,twee,0.0002018843952100724,8.507815325329997
7997,permafrost,38,"
",0.0349070206284523,3.3550673058655134
7998,permafrost,38,meter,3.3639759067227715e-07,14.904972070965188
7999,permafrost,38,boven,0.0008056037477217615,7.123918564483154
8000,permafrost,38,het,0.00015712165622971952,8.758490172236744
8001,permafrost,38,maaiveld,0.00027912462246604264,8.183852200367186
8002,permafrost,38,wordt,3.59299838237348e-06,12.536523500049114
8003,permafrost,38,de,0.0018084506737068295,6.315284781643099
8004,permafrost,38,fundering,1.2013673767796718e-05,11.32946507624187
8005,permafrost,38,van,0.0009969845414161682,6.9107752932217705
8006,permafrost,38,het,0.00017581363499630243,8.646086016014866
8007,permafrost,38,gebouw,0.0003228005371056497,8.0384759576738
8008,permafrost,38,gestort,9.444561874261126e-05,9.267486352148135
8009,permafrost,38,op,0.0021150067914277315,6.158697255412109
8010,permafrost,38,de,0.0008026090217754245,7.127642859507586
8011,permafrost,38,"
",0.09365789592266083,2.368106540537158
8012,permafrost,38,funderingspalen,0.00014529730833601207,8.836728512432218
8013,permafrost,38,;,0.0008318451000377536,7.09186431231555
8014,permafrost,38,anders,0.0001684507296886295,8.688867256339382
8015,permafrost,38,gezegd,0.004704192280769348,5.359301193207321
8016,permafrost,38,:,0.00012685138790402561,8.972494330677888
8017,permafrost,39,gebouwen,1.781386686161568e-06,13.23811845978281
8018,permafrost,39,staan,5.43174473932595e-06,12.12325016083598
8019,permafrost,39,op,0.0003342091804370284,8.003743472290898
8020,permafrost,39,poten,1.059284659277182e-05,11.455331634398345
8021,permafrost,39,ongeveer,4.9143236537929624e-06,12.223356422421467
8022,permafrost,39,"
",0.002756941830739379,5.893633245915551
8023,permafrost,39,twee,0.00040689503657631576,7.806955301172302
8024,permafrost,39,meter,5.169530936655065e-07,14.475313694473725
8025,permafrost,39,boven,0.0034119554329663515,5.680469711288436
8026,permafrost,39,de,0.02959597110748291,3.5201170381497824
8027,permafrost,39,grond,0.0007160234963521361,7.241797575407798
8028,permafrost,39,",",0.004635940305888653,5.373916229797916
8029,permafrost,39,waardoor,0.0011329794069752097,6.782904472763222
8030,permafrost,39,'s,0.0001458945480408147,8.832626470914297
8031,permafrost,39,winters,0.016988245770335197,4.075233599345016
8032,permafrost,39,de,0.002232989063486457,6.104414203813469
8033,permafrost,39,koude,0.0013444686774164438,6.611756379353473
8034,permafrost,39,lucht,6.496046262327582e-05,9.641731740472482
8035,permafrost,39,vrij,0.001766630564816296,6.338681182310612
8036,permafrost,39,spel,0.0004147074359934777,7.787937259853942
8037,permafrost,39,"
",0.0885673388838768,2.4239921249560736
8038,permafrost,39,heeft,1.2046036317769904e-05,11.326774888423671
8039,permafrost,39,over,6.673200550721958e-05,9.614825877443433
8040,permafrost,39,de,0.04638688266277313,3.0707385609507916
8041,permafrost,39,bodem,0.00023797580797690898,8.343341536615066
8042,permafrost,39,.,0.01205576490610838,4.418212318004976
8043,permafrost,40,laatste,1.4443039617617615e-05,11.14529794681656
8044,permafrost,40,is,0.00010449040564708412,9.166415302764014
8045,permafrost,40,nodig,4.072389288012346e-07,14.713865775097785
8046,permafrost,40,om,0.0006288180011324584,7.371668689503862
8047,permafrost,40,te,0.0010795483831316233,6.831212489067873
8048,permafrost,40,voorkomen,0.0005723740323446691,7.465717877585222
8049,permafrost,40,dat,0.0007918502669781446,7.1411382408691235
8050,permafrost,40,de,0.008343400433659554,4.786284419850623
8051,permafrost,40,"
",0.009430753998458385,4.66377922811449
8052,permafrost,40,permafrost,3.086193828494288e-05,10.38598690402749
8053,permafrost,40,onder,4.308749703341164e-05,10.052277694971618
8054,permafrost,40,de,0.012160815298557281,4.409536357112981
8055,permafrost,40,gebouwen,0.000943067017942667,6.966373208987937
8056,permafrost,40,gaat,0.00010855237633222714,9.128277770288369
8057,permafrost,40,ontdooien,0.00011193961836397648,9.097550953797773
8058,permafrost,40,.,0.02120671607553959,3.8534373514574143
8059,permafrost,42,van,5.90383933740668e-06,12.039907683535239
8060,permafrost,42,de,0.0005340032512322068,7.535108630572788
8061,permafrost,42,dooi,1.9057985127801658e-06,13.170609470397741
8062,permafrost,42,"

",0.009543213993310928,4.651924953685377
8063,permafrost,43,van,1.4046121350475005e-06,13.475749353754681
8064,permafrost,43,de,0.00013253807264845818,8.928640613069362
8065,permafrost,43,diepte,1.651627144383383e-06,13.313749607865256
8066,permafrost,43,en,0.0027197888121008873,5.907201044298542
8067,permafrost,43,uitbreiding,0.0002416108181932941,8.328182315615962
8068,permafrost,43,van,0.0012855904642492533,6.656537160922825
8069,permafrost,43,de,0.005082171875983477,5.282016574116224
8070,permafrost,43,permafrost,0.00011353337322361767,9.083413727050795
8071,permafrost,43,zou,0.0009538793237879872,6.954973389498298
8072,permafrost,43,een,1.9119992430205457e-05,10.864776046250853
8073,permafrost,43,aanwijzing,0.0001601256662979722,8.739551636644576
8074,permafrost,43,"
",0.0031302953138947487,5.766627929393568
8075,permafrost,43,bij,0.00019282712310086936,8.553716505698567
8076,permafrost,43,het,3.656523767858744e-05,10.216412559096003
8077,permafrost,43,bestuderen,0.00039246922824531794,7.843052423190189
8078,permafrost,43,van,0.0012360296677798033,6.695850917176614
8079,permafrost,43,het,0.00020452828903216869,8.494804259372858
8080,permafrost,43,broeikaseffect,0.0011634171241894364,6.756393807505826
8081,permafrost,43,kunnen,4.558755972539075e-05,9.995875691703857
8082,permafrost,43,zijn,0.002705484861508012,5.912474136347883
8083,permafrost,43,en,0.004480352159589529,5.408053628593382
8084,permafrost,43,in,0.0016288344049826264,6.419890608929249
8085,permafrost,43,recente,6.571935227839276e-05,9.630117120619905
8086,permafrost,43,"
",0.09868836402893066,2.3157882318032788
8087,permafrost,43,tijden,0.00022513298608828336,8.398819281079426
8088,permafrost,43,(,0.0014702671905979514,6.522311132396728
8089,permafrost,43,1999,8.466983126709238e-05,9.376751203141973
8090,permafrost,43,en,0.00039525466854684055,7.83598027031424
8091,permafrost,43,2001,0.011346808634698391,4.4788187521521605
8092,permafrost,43,),0.0544465146958828,2.9105364409101986
8093,permafrost,43,zijn,0.0028297456447035074,5.867568449562919
8094,permafrost,43,records,1.7557032379045268e-06,13.252641075948693
8095,permafrost,43,gevestigd,0.0030257203616201878,5.800606079776437
8096,permafrost,43,voor,0.006785115692764521,4.993023934585772
8097,permafrost,43,het,7.274367089848965e-05,9.52856865365612
8098,permafrost,43,ontdooien,9.727269207360223e-05,9.237992265166922
8099,permafrost,43,van,0.0036661990452557802,5.608599836096975
8100,permafrost,43,"
",0.0720471739768982,2.6304341803884577
8101,permafrost,43,permafrost,0.0011663926998153329,6.7538394554611765
8102,permafrost,43,in,0.003391614882275462,5.686449104563318
8103,permafrost,43,het,1.4626981283072382e-05,11.132642701675074
8104,permafrost,43,noorden,0.0017821816727519035,6.329917006335386
8105,permafrost,43,van,0.004514593165367842,5.400440203511339
8106,permafrost,43,Canada,3.6627497479457816e-07,14.819881488374604
8107,permafrost,43,",",0.015581890940666199,4.161645876156737
8108,permafrost,43,Alaska,0.0021628406830132008,6.136332790288783
8109,permafrost,43,en,0.009171941317617893,4.69160631199889
8110,permafrost,43,Siberië,0.005639960989356041,5.177878130276935
8111,permafrost,43,.,0.008794790133833885,4.7335957630632315
8112,permafrost,44,"
",0.007988976314663887,4.829692648230163
8113,permafrost,44,gegevens,5.996600975777255e-07,14.326902846291429
8114,permafrost,44,worden,7.340535375988111e-06,11.82209877848989
8115,permafrost,44,echter,3.820538495347137e-06,12.475119177912395
8116,permafrost,44,pas,5.8587334024196025e-06,12.047577120669411
8117,permafrost,44,sinds,4.1399081965209916e-05,10.092251852132252
8118,permafrost,44,circa,1.8702710804063827e-05,10.88684208182566
8119,permafrost,44,1970,5.469265488500241e-06,12.116366230528422
8120,permafrost,44,verzameld,0.00025749311316758394,8.264517583198392
8121,permafrost,44,",",0.00601276196539402,5.113871074371504
8122,permafrost,44,zodat,0.0006083769840188324,7.404715828638521
8123,permafrost,44,nog,0.0018171159317716956,6.31050468765649
8124,permafrost,44,geen,0.002245204756036401,6.098958556585449
8125,permafrost,44,"
",0.05682411417365074,2.867794498038141
8126,permafrost,44,definitieve,0.0001233565271832049,9.000431800432647
8127,permafrost,44,conclusies,8.496556802128907e-06,11.675849558638403
8128,permafrost,44,getrokken,6.422821752494201e-05,9.65306791852069
8129,permafrost,44,kunnen,0.0001124556947615929,9.092951238230368
8130,permafrost,44,worden,6.996870069997385e-05,9.567462548766136
8131,permafrost,44,.,0.008020562119781971,4.82574676981151
8132,permafrost,45,kans,8.031127407548411e-08,16.337355826403144
8133,permafrost,45,dat,1.840453114709817e-05,10.902913665671392
8134,permafrost,45,de,0.0013677148381248116,6.594613933173996
8135,permafrost,45,"
",0.007898597978055477,4.841070006391244
8136,permafrost,45,permafrost,3.0506038456223905e-05,10.397585911775517
8137,permafrost,45,laag,1.2460215657483786e-05,11.292969736770496
8138,permafrost,45,versneld,9.126403165282682e-05,9.301753805785475
8139,permafrost,45,zal,6.252114417293342e-06,11.98259084466186
8140,permafrost,45,ontdooien,0.00018917553825303912,8.572835200122563
8141,permafrost,45,waardoor,0.0009966689394786954,6.911091899836845
8142,permafrost,45,en,0.00019783440802711993,8.52808020027836
8143,permafrost,45,grote,0.0003487560315988958,7.961137930071025
8144,permafrost,45,hoeveelheid,2.7861195121658966e-05,10.488275693129273
8145,permafrost,45,"
",0.24882648885250092,1.3909994573353042
8146,permafrost,45,methaan,0.0017885989509522915,6.3263226745712675
8147,permafrost,45,uit,0.0027485834434628487,5.8966696114872015
8148,permafrost,45,het,0.00036422195262275636,7.917747116202969
8149,permafrost,45,methaanhydraat,0.002707632025703788,5.911680817321848
8150,permafrost,45,in,0.0007877908064983785,7.1462779773376806
8151,permafrost,45,het,9.086454520002007e-05,9.30614067467089
8152,permafrost,45,ijs,9.818023499974515e-06,11.53129072877103
8153,permafrost,45,vrijkomt,0.0009197014733217657,6.991461426097826
8154,permafrost,45,werd,4.3014970287913457e-05,10.053962356629002
8155,permafrost,45,sedert,0.0004477965412661433,7.711171577665663
8156,permafrost,45,2015,3.682763463075389e-06,12.511847146545497
8157,permafrost,45,door,5.127391705173068e-05,9.878328374624175
8158,permafrost,45,"
",0.2400730699300766,1.4268119439361044
8159,permafrost,45,een,0.00018301165255252272,8.605960731999632
8160,permafrost,45,groeiend,0.00015017163241282105,8.803731701898851
8161,permafrost,45,aantal,0.00014146693865768611,8.863444517243465
8162,permafrost,45,klimatologen,0.0001882765063783154,8.577598897061765
8163,permafrost,45,",",0.01672375574707985,4.090925070528707
8164,permafrost,45,toen,0.0005438437219709158,7.516848628168683
8165,permafrost,45,ook,7.507445116061717e-05,9.497030254669491
8166,permafrost,45,wel,0.000132135595777072,8.93168192189323
8167,permafrost,45,"""",0.00013521556684281677,8.908640261613492
8168,permafrost,45,de,0.0035731506068259478,5.634307549464543
8169,permafrost,45,alarmisten,0.0007029138505458832,7.260276219116853
8170,permafrost,45,"""",0.059486400336027145,2.8220075583367485
8171,permafrost,45,genoemd,1.1459401321189944e-06,13.679285181770183
8172,permafrost,45,",",0.0029944339767098427,5.81100005468788
8173,permafrost,45,"
",0.0008525230805389583,7.067310275227102
8174,permafrost,45,vrij,0.0062484098598361015,5.075428270030927
8175,permafrost,45,groot,0.006452964153140783,5.0432156951127025
8176,permafrost,45,geacht,0.001190151902846992,6.733674330553943
8177,permafrost,45,.,0.012721574865281582,4.364455918570361
8178,permafrost,46,is,0.0002585328184068203,8.260487914987813
8179,permafrost,46,de,8.91217277967371e-05,9.325507394666936
8180,permafrost,46,–,2.4539762307540514e-05,10.615215804647711
8181,permafrost,46,nog,0.001373264822177589,6.590564292297089
8182,permafrost,46,toenemende,0.0001449596747988835,8.839054959057307
8183,permafrost,46,–,0.0017304946668446064,6.359347976751696
8184,permafrost,46,methaanuitstoot,0.0006084130727685988,7.4046565106821065
8185,permafrost,46,"
",0.008105757646262646,4.815180649290748
8186,permafrost,46,aangetoond,0.0009592245332896709,6.949385377753957
8187,permafrost,46,.,0.00776651781052351,4.857933373289279
8188,permafrost,46,"

",6.37734483461827e-05,9.660173624358878
8189,permafrost,47,is,0.00998095702379942,4.607076299088038
8190,permafrost,47,echter,1.8879862182075158e-05,10.877414696951785
8191,permafrost,47,wel,3.417110974623938e-06,12.586715108149262
8192,permafrost,47,bekend,7.5270404522598255e-06,11.79700862763911
8193,permafrost,47,dat,3.556575029506348e-05,10.244127453556406
8194,permafrost,47,permafrost,5.030230113334255e-06,12.200044826721259
8195,permafrost,47,koolstof,0.0011319972109049559,6.783771763069061
8196,permafrost,47,opslaat,9.289271110901609e-05,9.284065374759555
8197,permafrost,47,in,0.00028416028362698853,8.165972100036711
8198,permafrost,47,de,0.012807865627110004,4.357695794667711
8199,permafrost,47,vorm,0.0015207754913717508,6.488534882535542
8200,permafrost,47,van,3.117792584816925e-05,10.375800218414888
8201,permafrost,47,"
",0.006725610699504614,5.0018325472819845
8202,permafrost,47,turf,1.5030348095024237e-06,13.408024287446706
8203,permafrost,47,en,0.0003691453894134611,7.904319982274437
8204,permafrost,47,methaan,0.00020995340310037136,8.468624941866265
8205,permafrost,47,.,0.021212294697761536,3.8531743268298992
8206,permafrost,48,als,2.070952541544102e-05,10.784916798539243
8207,permafrost,48,methaan,1.530260851723142e-05,11.087487252775563
8208,permafrost,48,vrij,0.00037416760460473597,7.890806720280401
8209,permafrost,48,zou,0.0009999095927923918,6.907845690276723
8210,permafrost,48,komen,0.0037747749593108892,5.5794145114856795
8211,permafrost,48,",",0.053242407739162445,2.9329000622260755
8212,permafrost,48,zou,0.00012683037493843585,8.972659994661
8213,permafrost,48,dit,0.00025920153711922467,8.257904663259817
8214,permafrost,48,het,0.0003931989485863596,7.841194843686802
8215,permafrost,48,"
",0.0014550179475918412,6.532737043320091
8216,permafrost,48,broeikaseffect,0.000500781403388828,7.599340872676113
8217,permafrost,48,versterken,0.0001864501100499183,8.587346861101388
8218,permafrost,48,.,0.1575145721435547,1.8482373034499247
8219,permafrost,50,van,0.0006365081644617021,7.3595133129293595
8220,permafrost,50,de,0.001780119608156383,6.331074721342192
8221,permafrost,50,bodem,4.682402504840866e-05,9.969114131027423
8222,permafrost,50,"

",0.003911515232175589,5.543830452643579
8223,permafrost,51,ander,3.3188833185704425e-05,10.313297088448302
8224,permafrost,51,gevolg,1.9009590687346645e-05,10.870566933134635
8225,permafrost,51,van,0.0002514697262085974,8.288187948597924
8226,permafrost,51,de,0.001542015466839075,6.474664973515768
8227,permafrost,51,opwarming,0.00040617818012833595,7.808718627325461
8228,permafrost,51,is,0.0023646485060453415,6.047125891320411
8229,permafrost,51,de,0.010790294036269188,4.529108249270676
8230,permafrost,51,algemene,0.0016842946643009782,6.386408399667951
8231,permafrost,51,degradatie,0.0005022950354032218,7.596322890985525
8232,permafrost,51,van,0.006089487113058567,5.101191418695434
8233,permafrost,51,de,0.015477090142667294,4.168394403770014
8234,permafrost,51,"
",0.00233300868421793,6.060596563610325
8235,permafrost,51,oppervlakkige,0.00050643045688048,7.588123545024081
8236,permafrost,51,permafrost,0.000187081444892101,8.583966501744811
8237,permafrost,51,in,0.005543821956962347,5.195071132155249
8238,permafrost,51,de,0.13374724984169006,2.01180345534871
8239,permafrost,51,21e,2.804561700031627e-05,10.481678194878132
8240,permafrost,51,eeuw,4.101249942323193e-05,10.101633673740281
8241,permafrost,51,.,0.032738037407398224,3.419217653631321
8242,permafrost,52,temperatuurstijging,4.715465365734417e-06,12.264662947760007
8243,permafrost,52,leidt,0.00022763082233723253,8.387785441606693
8244,permafrost,52,"
",0.0036112507805228233,5.623701090047383
8245,permafrost,52,tot,1.6417661754530855e-05,11.01715286636208
8246,permafrost,52,een,1.6823987607494928e-05,10.992704856160977
8247,permafrost,52,mogelijk,0.002058184240013361,6.185931121761281
8248,permafrost,52,abrupte,9.701892849989235e-05,9.240604459323915
8249,permafrost,52,verandering,0.0007641518604941666,7.176744018269625
8250,permafrost,52,in,0.001369598088786006,6.593237948031913
8251,permafrost,52,de,0.047007765620946884,3.0574424649427936
8252,permafrost,52,draagkracht,6.0251473769312724e-05,9.716983524991218
8253,permafrost,52,en,0.05433281883597374,2.912626836164875
8254,permafrost,52,de,0.003623162629082799,5.620407980115605
8255,permafrost,52,"
",0.09645647555589676,2.338663402890893
8256,permafrost,52,waterhuishouding,6.138757453300059e-05,9.698303112459952
8257,permafrost,52,van,0.0015552701661363244,6.466106008161439
8258,permafrost,52,de,0.010155202820897102,4.589769111633521
8259,permafrost,52,bodem,0.0014298392925411463,6.550193223864104
8260,permafrost,52,",",0.013575640507042408,4.299478231435994
8261,permafrost,52,met,0.0006018273998051882,7.415539865052055
8262,permafrost,52,ingrijpende,0.017583884298801422,4.0407724612559965
8263,permafrost,52,nadelige,1.1827106618511607e-06,13.647701582890065
8264,permafrost,52,gevolgen,0.0005514733493328094,7.502917044404251
8265,permafrost,52,voor,0.003033821936696768,5.797932089067214
8266,permafrost,52,de,0.044662512838840485,3.108620768169107
8267,permafrost,52,"
",0.4096270501613617,0.8925081670044005
8268,permafrost,52,plaatselijke,0.00022957102919463068,8.379298080946056
8269,permafrost,52,gemeenschappen,1.3820420463162009e-05,11.189363315835605
8270,permafrost,52,",",0.16176743805408478,1.8215955427314794
8271,permafrost,52,de,0.03634696453809738,3.314644585006738
8272,permafrost,52,ecosystemen,4.5870035592088243e-07,14.59486865940968
8273,permafrost,52,en,0.0027269884012639523,5.904557428422945
8274,permafrost,52,technische,6.455345283029601e-05,9.64801695131528
8275,permafrost,52,installaties,9.479306754656136e-05,9.263814278523196
8276,permafrost,52,.,0.007168956566601992,4.93799516263136
8277,permafrost,52,"
",4.258194167050533e-05,10.06408029901007
8278,permafrost,53,zou,0.003491353942081332,5.657465668980127
8279,permafrost,53,de,0.00021741750242654234,8.433691078575979
8280,permafrost,53,milieuramp,5.011704161006492e-06,12.203734548808539
8281,permafrost,53,van,2.828170545399189e-05,10.473295412743207
8282,permafrost,53,mei,3.385167656233534e-05,10.293522030664562
8283,permafrost,53,2020,2.287991446792148e-05,10.68525112974981
8284,permafrost,53,met,3.2150346669368446e-06,12.647672417459779
8285,permafrost,53,de,0.0001616960798855871,8.729792034806888
8286,permafrost,53,lekkende,0.0017734233988448977,6.3348434767640915
8287,permafrost,53,dieseltank,2.1688877041015076e-06,13.04129610058037
8288,permafrost,53,in,0.0014592497609555721,6.529832837693598
8289,permafrost,53,Norilsk,1.419050249751308e-06,13.465522748326464
8290,permafrost,53,"
",0.0017952760681509972,6.3225964704548465
8291,permafrost,53,het,1.8335319964535302e-06,13.209266398562738
8292,permafrost,53,gevolg,0.0005680758622474968,7.473255587866616
8293,permafrost,53,zijn,0.00011330827692290768,9.085398339439628
8294,permafrost,53,geweest,0.0008069765754044056,7.12221591687595
8295,permafrost,53,van,0.0012535096611827612,6.681807933030043
8296,permafrost,53,het,0.0003919816517736763,7.844295525969085
8297,permafrost,53,dooien,1.6260579286608845e-05,11.026766827996509
8298,permafrost,53,van,0.0022126424591988325,6.113567794816574
8299,permafrost,53,de,0.004180243704468012,5.477385731640688
8300,permafrost,53,permafrost,0.00018272038141731173,8.607553544057303
8301,permafrost,53,",",0.004343138542026281,5.4391580258631205
8302,permafrost,53,waardoor,0.0004363102780189365,7.737156920883352
8303,permafrost,53,de,0.04359515756368637,3.132809199848393
8304,permafrost,53,"
",0.005594204645603895,5.186024101817545
8305,permafrost,53,tank,0.0034938158933073282,5.6567607609003066
8306,permafrost,53,zijn,0.0026455523911863565,5.934875391927935
8307,permafrost,53,stevige,0.0030700669158250093,5.7860559209349045
8308,permafrost,53,ondergrond,0.0012376864906400442,6.694511375368353
8309,permafrost,53,verloor,0.0010201672557741404,6.887788688879436
8310,permafrost,53,.,0.012907353229820728,4.3499581121973945
8311,permafrost,55,"

",0.0024731804151088,6.0022503391577295
8312,permafrost,56,instorting,1.0954419849440455e-05,11.421767543923853
8313,permafrost,56,van,1.392966510138649e-06,13.48407490499283
8314,permafrost,56,de,7.237125828396529e-05,9.533701322420125
8315,permafrost,56,permafrostbodems,1.2214021808176767e-05,11.312925937658393
8316,permafrost,56,kan,3.107810698566027e-05,10.379006942117071
8317,permafrost,56,ook,2.983002332257456e-06,12.722580270582334
8318,permafrost,56,leiden,0.0013461688067764044,6.610492641970632
8319,permafrost,56,tot,7.301016012206674e-05,9.524911946746148
8320,permafrost,56,een,1.3667578059539665e-05,11.200484094868184
8321,permafrost,56,extreme,0.00026868010172620416,8.221989098950958
8322,permafrost,56,"
",0.0004236197273712605,7.766674374567723
8323,permafrost,56,vorm,0.0011429110309109092,6.774176735422191
8324,permafrost,56,van,1.9008719391422346e-05,10.870612768729254
8325,permafrost,56,thermokarst,0.0001869765401352197,8.584527402802031
8326,permafrost,56,",",0.0018360507674515247,6.300138336048735
8327,permafrost,56,de,0.014914949424564838,4.205391251932014
8328,permafrost,56,permafrostkrater,0.00042481033597141504,7.763867756949745
8329,permafrost,56,:,0.0006084166234359145,7.404650674750708
8330,permafrost,56,"

",0.006402028724551201,5.051140350635534
8331,permafrost,56,•,0.0013466333039104939,6.610147650307967
8332,permafrost,56,op,4.082586747244932e-05,10.106194670773803
8333,permafrost,56,de,0.0009836184326559305,6.924272507806032
8334,permafrost,56,schiereilanden,3.869223291985691e-06,12.462456770810773
8335,permafrost,56,Jamal,4.121988240513019e-05,10.09658983536556
8336,permafrost,56,en,0.000384905026294291,7.86251393905812
8337,permafrost,56,Gyda,7.012278729234822e-06,11.867847841376594
8338,permafrost,57,reusachtige,0.0001855838199844584,8.592003918220168
8339,permafrost,57,"
",0.011833340860903263,4.436834235036409
8340,permafrost,57,permafrostkraters,3.219926657038741e-05,10.34356688299048
8341,permafrost,57,ontdekt,0.00043986731907352805,7.729037424086738
8342,permafrost,57,"

",0.00812070444226265,4.813338374598226
8343,permafrost,57,•,0.0010526780970394611,6.856417793383544
8344,permafrost,57,de,0.0002572018711362034,8.265649290603154
8345,permafrost,57,Batagaika-krater,2.6179070573562058e-06,12.85313539249858
8346,permafrost,57,",",0.030702410265803337,3.483414117184003
8347,permafrost,57,die,0.00011977814574493095,9.029869311754286
8348,permafrost,57,met,5.8663272284320556e-06,12.046281805052153
8349,permafrost,57,de,0.0055343532003462315,5.196780575955778
8350,permafrost,57,tijd,2.241000947833527e-05,10.706002847200377
8351,permafrost,57,nog,4.962461753166281e-05,9.911023526157143
8352,permafrost,57,wijder,0.0006183077348396182,7.388524271629029
8353,permafrost,57,wordt,5.485707333718892e-06,12.113364514717537
8354,permafrost,57,.,0.01596125029027462,4.137591351039175
8355,permafrost,59,relicten,5.119747220305726e-05,9.87982039817164
8356,permafrost,59,"

",0.004963473882526159,5.305649403855028
8357,permafrost,59,Door,2.5050685508176684e-06,12.897194458206002
8358,permafrost,59,de,0.0010409775422886014,6.867595062791807
8359,permafrost,59,dooi,4.190972958895145e-06,12.382577641226563
8360,permafrost,59,zijn,0.00016378443979192525,8.716959386222923
8361,permafrost,59,ook,1.0458417136760545e-06,13.770688529129881
8362,permafrost,59,de,0.0018285890109837055,6.304210641776392
8363,permafrost,59,prehistorische,0.0002741538337431848,8.20182117210408
8364,permafrost,59,karkassen,4.25726939283777e-05,10.064297497806095
8365,permafrost,59,vrijgekomen,0.0008826883276924491,7.032538389439532
8366,permafrost,59,van,0.00013322514132596552,8.923470068975345
8367,permafrost,59,de,0.002269655466079712,6.0881272360655245
8368,permafrost,59,"
",0.09598235785961151,2.3435908766982116
8369,permafrost,59,wolharige,4.356108183856122e-05,10.041346424611925
8370,permafrost,59,mammoet,4.0467205053573707e-07,14.720188849629535
8371,permafrost,59,",",0.015785418450832367,4.148668647926504
8372,permafrost,59,wolharige,0.0007223865250125527,7.232950209118868
8373,permafrost,59,neushoorn,8.641050226287916e-05,9.35640133557284
8374,permafrost,59,",",0.11719640344381332,2.143904089649568
8375,permafrost,59,holenbeer,0.0009797809179872274,6.9281815643656275
8376,permafrost,59,en,0.0013371474342420697,6.617216714509525
8377,permafrost,59,het,0.00016359849541913718,8.718095330542457
8378,permafrost,59,prehistorisch,9.219803905580193e-05,9.291571696003151
8379,permafrost,59,"
",0.022864017635583878,3.7781908864695257
8380,permafrost,59,paard,3.0879946280037984e-05,10.385403572445288
8381,permafrost,59,.,0.008381640538573265,4.781711615322099
8382,permafrost,60,gaf,1.63845979841426e-05,11.019168811717636
8383,permafrost,60,wetenschappers,1.2921519783049007e-06,13.55920152925481
8384,permafrost,60,toegang,0.0006990828551352024,7.265741288942162
8385,permafrost,60,tot,0.000958711956627667,6.949919886249835
8386,permafrost,60,een,1.3202804439060856e-05,11.235081293433238
8387,permafrost,60,biologische,1.108530159399379e-05,11.40989050786929
8388,permafrost,60,schat,0.0017337769968435168,6.357453015097551
8389,permafrost,60,met,0.00013734186359215528,8.893037385676712
8390,permafrost,60,niet,0.0010936742182821035,6.818212408834922
8391,permafrost,60,"
",0.00650927284732461,5.034527526799922
8392,permafrost,60,alleen,1.468843674956588e-05,11.128449989399824
8393,permafrost,60,botten,2.2324646124616265e-05,10.70981928240836
8394,permafrost,60,",",0.037533801048994064,3.2825133906814266
8395,permafrost,60,maar,0.00012996987788937986,8.948207842900496
8396,permafrost,60,ook,1.9972560039605014e-05,10.821151224481076
8397,permafrost,60,vlees,0.0007024459773674607,7.260942060257912
8398,permafrost,60,en,0.005289855878800154,5.241964277566202
8399,permafrost,60,bont,0.004438166506588459,5.4175139367914715
8400,permafrost,60,",",0.11352051049470901,2.1757717491821364
8401,permafrost,60,cellen,6.999471952440217e-05,9.567090754125989
8402,permafrost,60,en,0.0028639903757721186,5.8555393903041475
8403,permafrost,60,zelfs,3.216381082893349e-05,10.344668624749048
8404,permafrost,60,bloed,2.3098149540601298e-05,10.675758050112696
8405,permafrost,60,uit,0.00032809056574478745,8.02222087261731
8406,permafrost,60,de,0.010575499385595322,4.5492153319406325
8407,permafrost,60,"
",0.03715364262461662,3.2926934608184943
8408,permafrost,60,prehistorie,0.0005525285378098488,7.5010054737617695
8409,permafrost,60,.,0.10228260606527328,2.280015649168528
8410,permafrost,61,werd,0.0007997221546247602,7.131246197340343
8411,permafrost,61,ook,1.0311098321835743e-06,13.784874828842359
8412,permafrost,61,gepoogd,0.0006051085656508803,7.410102668675357
8413,permafrost,61,sommige,1.1256882999077789e-06,13.697115887254503
8414,permafrost,61,soorten,1.6501468280694098e-06,13.314646287302134
8415,permafrost,61,weer,0.0003346839512232691,8.002323900632893
8416,permafrost,61,tot,2.226149445050396e-05,10.712652078229167
8417,permafrost,61,leven,0.0001505437830928713,8.801256598523045
8418,permafrost,61,te,0.0015956922434270382,6.440447628481535
8419,permafrost,61,"
",0.0016141841188073158,6.428925639551767
8420,permafrost,61,brengen,3.7222449464024976e-05,10.198598498490407
8421,permafrost,61,.,0.03510933369398117,3.3492882666525903
8422,permafrost,62,onderzoek,3.4591696476127254e-06,12.574481983935044
8423,permafrost,62,is,0.0004291154909878969,7.7537844655047055
8424,permafrost,62,echter,1.7965203369385563e-05,10.927073817151953
8425,permafrost,62,niet,0.0003892251115757972,7.851352688727141
8426,permafrost,62,zonder,0.004242907278239727,5.462506565878472
8427,permafrost,62,gevaar,0.0004250922938808799,7.763204250543469
8428,permafrost,62,:,0.00023912385222502053,8.338528930110742
8429,permafrost,63,zijn,0.0005223365733399987,7.557198401347295
8430,permafrost,63,al,5.829761357745156e-05,9.749949398937023
8431,permafrost,63,–,1.8447708498570137e-05,10.900570395810778
8432,permafrost,63,vooral,0.0004047111433465034,7.812336971629548
8433,permafrost,63,"
",0.009530733339488506,4.653233613648189
8434,permafrost,63,voor,0.0005398949142545462,7.524136040575942
8435,permafrost,63,rendieren,4.0316072613677534e-07,14.72393053034821
8436,permafrost,63,dodelijke,2.9279843147378415e-05,10.438611225873954
8437,permafrost,63,–,0.001261020195670426,6.675834206528534
8438,permafrost,63,uitbraken,9.16577409952879e-05,9.297449124667168
8439,permafrost,63,van,8.625589543953538e-05,9.35819215146661
8440,permafrost,63,miltvuur,0.0014079157263040543,6.565644876514812
8441,permafrost,63,(,0.0034843755420297384,5.6594664353215975
8442,permafrost,63,anthrax,1.3729484635405242e-05,11.195964874547634
8443,permafrost,63,),0.24018697440624237,1.4263375989238771
8444,permafrost,63,voorgekomen,0.0021953550167381763,6.121411506700435
8445,permafrost,63,",",0.003378327237442136,5.690374592155765
8446,permafrost,63,"
",0.00037923792842775583,7.8773467703602025
8447,permafrost,63,en,0.0020301525946706533,6.199644318965049
8448,permafrost,63,een,5.57443809157121e-06,12.097319036447379
8449,permafrost,63,ontsnapping,0.00018992371042259037,8.5688880905278
8450,permafrost,63,van,0.0017003350658342242,6.376929949791593
8451,permafrost,63,het,3.229355570510961e-05,10.34064286141488
8452,permafrost,63,pokkenvirus,0.0023734578862786293,6.043407363429819
8453,permafrost,63,wordt,9.25815857044654e-06,11.59000538756425
8454,permafrost,63,niet,6.495494289993076e-06,11.944401807582201
8455,permafrost,63,uitgesloten,8.469039312331006e-05,9.376508385132105
8456,permafrost,63,.,0.05170907452702522,2.962121990103627
8457,permafrost,64,"
",0.0016552559100091457,6.403799653702532
8458,permafrost,64,2020,9.928490908350796e-05,9.217516971437961
8459,permafrost,64,zijn,6.300896984612336e-06,11.974818556191751
8460,permafrost,64,in,4.350952076492831e-05,10.042530775658506
8461,permafrost,64,Siberië,5.352922744350508e-05,9.835282745878615
8462,permafrost,64,meermaals,0.0034282682463526726,5.675700029746641
8463,permafrost,64,gespecialiseerde,0.000545758695807308,7.513333628978508
8464,permafrost,64,Russische,4.78755062260916e-08,16.854661815588365
8465,permafrost,64,biologisch,1.2350418728601653e-05,11.301820590315122
8466,permafrost,64,en,0.006017529871314764,5.113078424245456
8467,permafrost,64,"
",0.01491264346987009,4.205545870825164
8468,permafrost,64,chemisch,4.335328776505776e-05,10.046128015282402
8469,permafrost,64,geschoolde,9.230389696313068e-05,9.290424196727766
8470,permafrost,64,militairen,7.874272682784067e-07,14.054494828253567
8471,permafrost,64,ingezet,0.0009491299861110747,6.959964797068065
8472,permafrost,64,om,0.00037745581357739866,7.882057046252192
8473,permafrost,64,verspreiding,2.0379324269015342e-05,10.800989687293708
8474,permafrost,64,te,0.0004984757979400456,7.603955519510175
8475,permafrost,64,voorkomen,0.002312110736966133,6.069594432707363
8476,permafrost,64,.,0.01928635872900486,3.9483572345792792
8477,permafrost,64,"
",2.335586214030627e-05,10.664662550099097
8478,vleermuizen,1,(,0.002624122193083167,5.943008841498563
8479,vleermuizen,1,Chiroptera,0.0002796207554638386,8.182076317656444
8480,vleermuizen,1,),0.24888528883457184,1.3907631760778352
8481,vleermuizen,1,zijn,2.2381162125384435e-05,10.707290929467776
8482,vleermuizen,1,een,1.0141795883100713e-06,13.80143055969014
8483,vleermuizen,1,orde,1.889123632281553e-05,10.87681243005808
8484,vleermuizen,1,van,0.0012922360328957438,6.651381202307346
8485,vleermuizen,1,kleine,9.404050615557935e-06,11.574370044957472
8486,vleermuizen,1,zoogdieren,0.0005991423386149108,7.420011361007697
8487,vleermuizen,1,die,2.3597329345648177e-05,10.654377015656154
8488,vleermuizen,1,zich,0.00263559864833951,5.938644931772096
8489,vleermuizen,1,"
",0.0015374956419691443,6.477600392779232
8490,vleermuizen,1,actief,1.4605828255298547e-05,11.134089913338942
8491,vleermuizen,1,door,0.00019458554743323475,8.544638659042143
8492,vleermuizen,1,de,0.024253765121102333,3.719183410924785
8493,vleermuizen,1,lucht,8.60397340147756e-05,9.360701344983102
8494,vleermuizen,1,kunnen,4.932937827106798e-06,12.21957583925717
8495,vleermuizen,1,voortbewegen,0.002372738439589739,6.043710531122431
8496,vleermuizen,1,.,0.023029478266835213,3.770980219907454
8497,vleermuizen,2,hebben,0.00015263774548657238,8.787443120508517
8498,vleermuizen,2,ze,6.413583469111472e-05,9.654507306701145
8499,vleermuizen,2,vleugels,0.001558964024297893,6.463733765312657
8500,vleermuizen,2,die,0.00019683531718328595,8.5331431322145
8501,vleermuizen,2,"
",0.019932029768824577,3.9154273050449
8502,vleermuizen,2,bestaan,2.1041802028776146e-05,10.768999526006805
8503,vleermuizen,2,uit,0.0002659328456502408,8.232266741017456
8504,vleermuizen,2,een,3.3306641853414476e-05,10.3097537258089
8505,vleermuizen,2,vlieghuid,0.0019471523119136691,6.241387326625781
8506,vleermuizen,2,",",0.009007788263261318,4.709665713271659
8507,vleermuizen,2,opgespannen,0.00028535269666463137,8.161784610650773
8508,vleermuizen,2,tussen,3.6984318285249174e-05,10.205016565289824
8509,vleermuizen,2,de,0.008032753132283688,4.824227953958982
8510,vleermuizen,2,vingers,3.203025335096754e-05,10.348829684572193
8511,vleermuizen,2,van,0.00032500061206519604,8.031683492358784
8512,vleermuizen,2,hun,5.837649155182589e-07,14.353767477080721
8513,vleermuizen,2,voor-,0.0005120793939568102,7.57703087862441
8514,vleermuizen,2,"
",0.15023678541183472,1.8955426601046923
8515,vleermuizen,2,en,0.005062918644398451,5.2858121547787205
8516,vleermuizen,2,achterpoten,0.00011588352208491415,9.062924991281715
8517,vleermuizen,2,en,0.0013612498296424747,6.599352008864972
8518,vleermuizen,2,hun,2.857818344637053e-06,12.76545204078558
8519,vleermuizen,2,staart,4.5940367272123694e-05,9.988166366130931
8520,vleermuizen,2,.,0.10801784694194794,2.2254588160476247
8521,vleermuizen,3,kleinste,1.210662162520748e-06,13.624343106285103
8522,vleermuizen,3,soorten,3.545910232105598e-08,17.154885851875836
8523,vleermuizen,3,zijn,0.00010096754704136401,9.200711409178336
8524,vleermuizen,3,"2,9",2.7214797228225507e-05,10.511749716841656
8525,vleermuizen,3,tot,2.6010013698396506e-06,12.859614044839056
8526,vleermuizen,3,"3,4",0.005597284529358149,5.185473704317471
8527,vleermuizen,3,"
",0.008412010036408901,4.77809482803625
8528,vleermuizen,3,centimeter,2.72027900791727e-05,10.512191013482752
8529,vleermuizen,3,lang,2.9791637643938884e-05,10.42128281980815
8530,vleermuizen,3,",",0.02313194051384926,3.766540910285129
8531,vleermuizen,3,wegen,0.0017475276254117489,6.349553275448073
8532,vleermuizen,3,"2,0",0.028243569657206535,3.566889470053429
8533,vleermuizen,3,tot,0.02910260111093521,3.536927723543809
8534,vleermuizen,3,"2,9",0.06902522593736649,2.6732832479026563
8535,vleermuizen,3,gram,2.555729224695824e-05,10.574587871196634
8536,vleermuizen,3,en,0.01313053723424673,4.332814674958662
8537,vleermuizen,3,hebben,0.0016538123600184917,6.404672134996014
8538,vleermuizen,3,een,2.0300028609199217e-06,13.107473355591413
8539,vleermuizen,3,spanwijdte,7.547325822088169e-07,14.096902346189427
8540,vleermuizen,3,van,0.0011690964456647635,6.751524097188127
8541,vleermuizen,3,15,0.003198691178113222,5.745013559682186
8542,vleermuizen,3,"
",0.16157685220241547,1.8227743844768465
8543,vleermuizen,3,centimeter,0.02989310212433338,3.5101275233832454
8544,vleermuizen,3,;,7.994603947736323e-05,9.434158657405227
8545,vleermuizen,4,grootste,1.440637424821034e-05,11.147839793199921
8546,vleermuizen,4,soorten,2.386472317539301e-07,15.248279393168191
8547,vleermuizen,4,(,0.008775036782026291,4.735844317955085
8548,vleermuizen,4,vleerhonden,0.0024017237592488527,6.031568566413782
8549,vleermuizen,4,),0.30656373500823975,1.182329600661388
8550,vleermuizen,5,"1,6",0.0016784885665401816,6.389861553280115
8551,vleermuizen,5,kilogram,7.15509543169901e-07,14.15027090027519
8552,vleermuizen,5,en,0.006028411444276571,5.1112717450268565
8553,vleermuizen,5,"
",0.003083668416365981,5.78163534645252
8554,vleermuizen,5,hebben,0.00021540795569308102,8.44297685941578
8555,vleermuizen,5,een,1.6155762523339945e-06,13.33581885234142
8556,vleermuizen,5,spanwijdte,1.442056827727356e-06,13.44944011091315
8557,vleermuizen,5,van,0.0005270233377814293,7.548265726188193
8558,vleermuizen,5,"1,7",0.006438569165766239,5.045448942780181
8559,vleermuizen,5,meter,0.00028585983091033995,8.16000896899562
8560,vleermuizen,5,.,0.019700275734066963,3.927122646683001
8561,vleermuizen,6,zijn,0.0003636802139226347,7.919235609643555
8562,vleermuizen,6,er,0.00023064808920025826,8.374617432407254
8563,vleermuizen,6,ruim,7.943303899082821e-06,11.743181261057408
8564,vleermuizen,6,1200,2.705326323848567e-06,12.82028801565964
8565,vleermuizen,6,"
",0.007304567843675613,4.91925539450608
8566,vleermuizen,6,soorten,5.9124849940417334e-05,9.735859249161024
8567,vleermuizen,6,beschreven,3.054237458854914e-05,10.396395507805819
8568,vleermuizen,6,.,0.028376175090670586,3.562205391150991
8569,vleermuizen,6,"

",4.599129533744417e-05,9.987058411176466
8570,vleermuizen,7,meeste,0.00014793913578614593,8.81870961347265
8571,vleermuizen,7,vleermuizen,0.0027060790453106165,5.9122545385328245
8572,vleermuizen,7,zijn,0.0008216218557208776,7.10423029829079
8573,vleermuizen,7,insectivoor,9.338486961496528e-06,11.581366314403338
8574,vleermuizen,7,of,0.0011634529801085591,6.756362988493574
8575,vleermuizen,7,frugivoor,2.8479733373387717e-05,10.466317833353799
8576,vleermuizen,7,(,0.00293915206566453,5.829634152269862
8577,vleermuizen,7,fruit-eters,2.7037005565944128e-05,10.51830405382617
8578,vleermuizen,7,),0.19694001972675323,1.6248560649961754
8579,vleermuizen,7,.,4.9294470954919234e-05,9.917698634220862
8580,vleermuizen,9,soorten,1.5300467566703446e-05,11.087627170117571
8581,vleermuizen,9,hebben,0.0004570094170048833,7.690806561144773
8582,vleermuizen,9,een,1.725981974232127e-06,13.26971440902378
8583,vleermuizen,9,ander,2.9664661269634962e-05,10.425554076837823
8584,vleermuizen,9,dieet,6.718876829836518e-05,9.608004462821537
8585,vleermuizen,9,:,0.001883078133687377,6.274847535910217
8586,vleermuizen,9,opmerkelijk,0.0001530293666291982,8.784880716236795
8587,vleermuizen,9,zijn,0.0017843210371211171,6.3287173074707885
8588,vleermuizen,9,de,0.011929687112569809,4.428725270159261
8589,vleermuizen,9,"
",0.005552898161113262,5.19343529632659
8590,vleermuizen,9,vampiervleermuizen,0.0005896190996281803,7.436033823400497
8591,vleermuizen,9,",",0.04775461554527283,3.04167955609275
8592,vleermuizen,9,die,0.0023494772613048553,6.053562417567894
8593,vleermuizen,9,van,0.001578219118528068,6.451458207815581
8594,vleermuizen,9,het,6.93990514264442e-05,9.575637358751782
8595,vleermuizen,9,bloed,5.518161560758017e-05,9.804880710742204
8596,vleermuizen,9,leven,0.00026282502221874893,8.244022061964197
8597,vleermuizen,9,van,0.0010278192348778248,6.880315968969639
8598,vleermuizen,9,zoogdieren,0.002155967988073826,6.139515473877794
8599,vleermuizen,9,en,0.008951262570917606,4.715960687268453
8600,vleermuizen,9,vogels,0.005635557230561972,5.17865924896826
8601,vleermuizen,9,.,0.021062839776277542,3.8602449391882763
8602,vleermuizen,9,"
",3.846332765533589e-05,10.165805299046863
8603,vleermuizen,10,alle,5.280999175738543e-05,9.848810147326008
8604,vleermuizen,10,vleermuizen,0.0012396364472806454,6.69293713003
8605,vleermuizen,10,hebben,0.00423296308144927,5.46485303908562
8606,vleermuizen,10,een,8.712595445103943e-07,13.953325919969968
8607,vleermuizen,10,nachtelijke,0.00029376818565651774,8.132719585804232
8608,vleermuizen,10,levenswijze,5.810868970002048e-06,12.055780433739873
8609,vleermuizen,10,.,0.07887904345989227,2.539839695283948
8610,vleermuizen,11,"
",0.00481451116502285,5.336120762245634
8611,vleermuizen,11,verschuilen,1.8476490367902443e-05,10.899011424943698
8612,vleermuizen,11,ze,4.730896034743637e-05,9.958810843886365
8613,vleermuizen,11,zich,7.956136869324837e-07,14.044152086830904
8614,vleermuizen,11,in,0.00023579741537105292,8.352537531027723
8615,vleermuizen,11,grotten,2.75073525699554e-05,10.50105722284752
8616,vleermuizen,11,of,5.4227435612119734e-05,9.82232358548515
8617,vleermuizen,11,andere,0.00017210848454851657,8.667385555854398
8618,vleermuizen,11,verlaten,0.0020604534074664116,6.184829219687405
8619,vleermuizen,11,schuilplaatsen,0.0006707622087560594,7.3070958671751995
8620,vleermuizen,11,.,0.057784438133239746,2.851035776003584
8621,vleermuizen,11,"
",1.4480709978670347e-05,11.142693140532588
8622,vleermuizen,12,komen,0.0010447916574776173,6.863937784277185
8623,vleermuizen,12,wereldwijd,0.00012907860218547285,8.955089019894983
8624,vleermuizen,12,voor,0.0006331079639494419,7.364869591201822
8625,vleermuizen,12,",",0.03981230780482292,3.22357917316978
8626,vleermuizen,12,met,1.296429218200501e-05,11.253311734987314
8627,vleermuizen,12,uitzondering,0.0007725465693511069,7.165818267059725
8628,vleermuizen,12,van,0.0005070252809673548,7.586949691775314
8629,vleermuizen,12,extreem,1.7401578588760458e-05,10.958949632366938
8630,vleermuizen,12,koude,0.0027262705843895674,5.904820690036017
8631,vleermuizen,12,"
",0.00749237323179841,4.893869678262814
8632,vleermuizen,12,gebieden,6.811136699980125e-05,9.594366442441142
8633,vleermuizen,12,.,0.13827389478683472,1.978518815996584
8634,vleermuizen,13,zijn,0.0011946012964472175,6.729942792410323
8635,vleermuizen,13,van,0.00011325580271659419,9.085861556798136
8636,vleermuizen,13,groot,4.236430686432868e-05,10.069204369492688
8637,vleermuizen,13,ecologisch,0.0001551412424305454,8.771174614486114
8638,vleermuizen,13,belang,7.331519736908376e-05,9.52074263946924
8639,vleermuizen,13,",",0.00627757515758276,5.0707714944701126
8640,vleermuizen,13,voornamelijk,0.0001279821153730154,8.963620027455232
8641,vleermuizen,13,bij,0.0010165347484871745,6.891355741036296
8642,vleermuizen,13,"
",0.003156560705974698,5.758272228288717
8643,vleermuizen,13,bestuiven,2.5108463887590915e-05,10.592305561991001
8644,vleermuizen,13,van,0.0002461267577018589,8.309663879529788
8645,vleermuizen,13,bloemen,4.550814628601074e-05,9.99761920878
8646,vleermuizen,13,en,0.006234531756490469,5.077651801869828
8647,vleermuizen,13,het,2.6234227334498428e-05,10.548445612965105
8648,vleermuizen,13,verspreiden,9.281164238927886e-05,9.28493846926014
8649,vleermuizen,13,van,0.0014480017125606537,6.537570802311678
8650,vleermuizen,13,zaden,0.003084986936300993,5.781207856220139
8651,vleermuizen,13,;,0.00832478329539299,4.788518274037855
8652,vleermuizen,14,tropische,9.988625038204191e-08,16.1192337945777
8653,vleermuizen,14,"
",0.008633225224912167,4.752137121234104
8654,vleermuizen,14,planten,0.0001866696256911382,8.586170211112018
8655,vleermuizen,14,zijn,0.0011995251988992095,6.7258294680692465
8656,vleermuizen,14,voor,0.0002197432186221704,8.42305088138746
8657,vleermuizen,14,hun,1.577407942932041e-06,13.359727600536823
8658,vleermuizen,14,voortplanting,0.0023146134335547686,6.068512588732883
8659,vleermuizen,14,volledig,0.0001714599202387035,8.671161019902717
8660,vleermuizen,14,afhankelijk,1.0913209735008422e-05,11.42553660019564
8661,vleermuizen,14,van,0.003146781586110592,5.7613750671499915
8662,vleermuizen,14,"
",0.1950840950012207,1.6343245569661955
8663,vleermuizen,14,vleermuizen,0.01304865162819624,4.339070474061543
8664,vleermuizen,14,.,0.10081738233566284,2.294444494405414
8665,vleermuizen,16,bieden,0.00108478800393641,6.826370699157493
8666,vleermuizen,16,de,0.0007646711892448366,7.176064634516569
8667,vleermuizen,16,mens,1.0960861800413113e-06,13.723764741105185
8668,vleermuizen,16,een,1.2708053873211611e-05,11.27327460225126
8669,vleermuizen,16,aantal,1.3221311974120908e-06,13.536265579846125
8670,vleermuizen,16,voordelen,0.0021209788974374533,6.155877552794936
8671,vleermuizen,16,",",0.05045105516910553,2.986751617255439
8672,vleermuizen,16,zij,0.0002671241236384958,8.227797125047253
8673,vleermuizen,16,het,4.9169630074175075e-05,9.920234399973749
8674,vleermuizen,16,ten,0.026471402496099472,3.6316902797833386
8675,vleermuizen,16,koste,0.004784547258168459,5.342363875446374
8676,vleermuizen,16,van,0.002295707119628787,6.076714369798719
8677,vleermuizen,16,"
",0.002454381203278899,6.009880605197904
8678,vleermuizen,16,enkele,2.9849201382603496e-05,10.41935247283521
8679,vleermuizen,16,bedreigingen,0.00054353621089831,7.517414228234507
8680,vleermuizen,16,.,0.059370312839746475,2.8239609613897625
8681,vleermuizen,17,mest,0.0001792400435078889,8.626784625310984
8682,vleermuizen,17,van,9.386669717059704e-07,13.878805083365792
8683,vleermuizen,17,vleermuizen,0.0004178558010607958,7.780374158495343
8684,vleermuizen,17,(,0.00229811598546803,6.075665628475896
8685,vleermuizen,17,guano,0.00036530543002299964,7.914776759715617
8686,vleermuizen,17,),0.391800194978714,0.9370032758232396
8687,vleermuizen,17,wordt,2.327798682699722e-07,15.273172601331993
8688,vleermuizen,17,gewonnen,0.00027411102200858295,8.201977343831082
8689,vleermuizen,17,uit,0.0001285557955270633,8.959147541433046
8690,vleermuizen,17,"
",0.0019304119050502777,6.2500218765308
8691,vleermuizen,17,grotten,0.00320898718200624,5.741799911251226
8692,vleermuizen,17,en,0.00036556224222294986,7.914073999913065
8693,vleermuizen,17,gebruikt,2.376244265178684e-05,10.64740426354404
8694,vleermuizen,17,als,0.00028148110141046345,8.175445247947394
8695,vleermuizen,17,natuurlijke,0.010838903486728668,4.524613442447908
8696,vleermuizen,17,mest,0.0005996139370836318,7.41922454803727
8697,vleermuizen,17,voor,0.03681409731507301,3.3018744279494197
8698,vleermuizen,17,sierteelt,1.7449623555876315e-05,10.956192482277684
8699,vleermuizen,17,en,0.0007278143311850727,7.225464581876657
8700,vleermuizen,17,fruit,8.287087439384777e-06,11.700811984761122
8701,vleermuizen,17,.,0.013893154449760914,4.27635904578508
8702,vleermuizen,17,"
",9.979206879506819e-06,11.515006941790189
8703,vleermuizen,18,beperken,0.00108478800393641,6.826370699157493
8704,vleermuizen,18,insectenplagen,5.937303285463713e-06,12.034255520021624
8705,vleermuizen,18,",",0.051048725843429565,2.974974693675508
8706,vleermuizen,18,waardoor,5.338909977581352e-05,9.83790395688271
8707,vleermuizen,18,er,2.3768057872075588e-05,10.647167984933338
8708,vleermuizen,18,minder,0.0023495908826589584,6.053514058467475
8709,vleermuizen,18,pesticiden,0.006480636075139046,5.038936613691626
8710,vleermuizen,18,nodig,9.491568562225439e-06,11.565106673202376
8711,vleermuizen,18,"
",0.0015197828179225326,6.489187837278394
8712,vleermuizen,18,zijn,0.0005780421779491007,7.455863719723962
8713,vleermuizen,18,.,0.04348716512322426,3.1352894390632056
8714,vleermuizen,19,soorten,4.215706894683535e-08,16.981863457263966
8715,vleermuizen,19,worden,2.3677878289163345e-06,12.953554444231965
8716,vleermuizen,19,in,0.00014271511463448405,8.854660120138263
8717,vleermuizen,19,Azië,0.0004386889922898263,7.7317198417644715
8718,vleermuizen,19,verwerkt,0.0010151370661333203,6.892731635080098
8719,vleermuizen,19,in,0.001283668796531856,6.658033053614601
8720,vleermuizen,19,gerechten,4.006676681456156e-05,10.124963325002915
8721,vleermuizen,19,.,0.0642060935497284,2.7456571576855713
8722,vleermuizen,20,veel,0.00044635171070694923,7.714403327688133
8723,vleermuizen,20,"
",0.0076996819116175175,4.866576261155331
8724,vleermuizen,20,culturen,2.1670523437933298e-06,13.042142680744082
8725,vleermuizen,20,worden,8.810172289486218e-07,13.942188655073616
8726,vleermuizen,20,vleermuizen,0.001989983953535557,6.219628703828218
8727,vleermuizen,20,geassocieerd,0.00013736265827901661,8.892885988919502
8728,vleermuizen,20,met,0.0001619311369722709,8.728339393522264
8729,vleermuizen,20,duisternis,2.971286085085012e-05,10.423930580602862
8730,vleermuizen,20,",",0.008837212808430195,4.72878374521193
8731,vleermuizen,20,"
",6.248674617381766e-05,9.680556084928995
8732,vleermuizen,20,kwaadwilligheid,4.238597284711432e-06,12.371278172533913
8733,vleermuizen,20,",",0.03719065338373184,3.291697802397879
8734,vleermuizen,20,hekserij,2.812437060129014e-06,12.781459169304936
8735,vleermuizen,20,",",0.03131670504808426,3.463603616200754
8736,vleermuizen,20,vampieren,0.00573763670399785,5.160707877474463
8737,vleermuizen,20,en,0.0019444766221567988,6.2427624269880315
8738,vleermuizen,20,de,0.003617673646658659,5.621924098770007
8739,vleermuizen,20,dood,4.225859447615221e-05,10.071702805294144
8740,vleermuizen,20,.,0.017066320404410362,4.070648324614686
8741,vleermuizen,22,van,4.73930558655411e-05,9.957034840722503
8742,vleermuizen,22,de,0.0008350023999810219,7.088075958888781
8743,vleermuizen,22,vroegst,0.009912890382111073,4.613919309985953
8744,vleermuizen,22,bekende,1.913139203679748e-05,10.86418000994585
8745,vleermuizen,22,vleermuizen,0.001780529972165823,6.330844221821248
8746,vleermuizen,22,was,2.3335684090852737e-05,10.665526862906805
8747,vleermuizen,22,Icaronycteris,1.107826648194532e-07,16.015695529571616
8748,vleermuizen,22,",",0.032350488007068634,3.4311261729227756
8749,vleermuizen,22,waarvan,0.00017670431407168508,8.641032764269509
8750,vleermuizen,22,"
",0.0009119525202549994,6.999922630369074
8751,vleermuizen,22,fossielen,7.35572984922328e-06,11.820030977124526
8752,vleermuizen,22,zijn,0.0001786625653039664,8.630011641213308
8753,vleermuizen,22,gevonden,0.0004676831013057381,7.667719625367471
8754,vleermuizen,22,die,3.4105782106053084e-05,10.286043624821659
8755,vleermuizen,22,dateren,6.808516559431155e-07,14.199921387208533
8756,vleermuizen,22,van,0.0006240264629013836,7.379317781998254
8757,vleermuizen,22,54,2.890964651669492e-06,12.753920322030242
8758,vleermuizen,22,miljoen,1.900057031889446e-05,10.87104156246441
8759,vleermuizen,22,jaar,0.00025104021187871695,8.289897424976095
8760,vleermuizen,22,geleden,1.691089934752199e-08,17.89530749109049
8761,vleermuizen,22,",",0.0543861947953701,2.9116449294697713
8762,vleermuizen,22,uit,0.0006036377744749188,7.41253625106235
8763,vleermuizen,22,het,0.00016292385407723486,8.722227619207821
8764,vleermuizen,22,"
",0.0458395816385746,3.0826073331754458
8765,vleermuizen,22,Eoceen,0.000996468821540475,6.9112927067683145
8766,vleermuizen,22,.,0.03400743380188942,3.3811761370324445
8767,vleermuizen,23,hebben,0.0006502124015241861,7.338211476877124
8768,vleermuizen,23,een,8.976608114608098e-07,13.923473555519172
8769,vleermuizen,23,kwetsbaar,0.00010120004299096763,9.198411376299067
8770,vleermuizen,23,skelet,0.00027332076570019126,8.2048644865768
8771,vleermuizen,23,dat,3.5817483876599e-05,10.237074407333267
8772,vleermuizen,23,moeilijk,4.842813723371364e-06,12.238014658348904
8773,vleermuizen,23,"
",0.001118448912166059,6.795812453386976
8774,vleermuizen,23,fossiliseert,0.00017065955034922808,8.675839919634718
8775,vleermuizen,23,.,0.01937965489923954,3.9435314797348475
8776,vleermuizen,24,schattingen,1.7720112737151794e-05,10.940810250665828
8777,vleermuizen,24,is,3.0128525395411998e-05,10.41003814742657
8778,vleermuizen,24,slechts,1.7964997823582962e-05,10.927085258546422
8779,vleermuizen,24,12%,7.289875725291495e-07,14.131609152368178
8780,vleermuizen,24,van,1.8511034795665182e-05,10.897143528259402
8781,vleermuizen,24,de,0.0009086640202440321,7.003535146804176
8782,vleermuizen,24,genera,9.914654219755903e-05,9.218911578063894
8783,vleermuizen,24,"
",0.00042754848254844546,7.7574428665477795
8784,vleermuizen,24,teruggevonden,5.134376624482684e-05,9.87696702633332
8785,vleermuizen,24,in,0.0005319187184795737,7.53901986510825
8786,vleermuizen,24,het,3.467988426564261e-05,10.269350743265038
8787,vleermuizen,24,fossielenbestand,2.332845724595245e-06,12.96842169458889
8788,vleermuizen,24,.,0.034307923167943954,3.372378955335776
8789,vleermuizen,25,moleculaire,1.4516547253151657e-06,13.442806462321453
8790,vleermuizen,25,analyses,1.150300590779807e-06,13.675487266456987
8791,vleermuizen,25,is,0.0004882853827439249,7.624610522335659
8792,vleermuizen,25,"
",0.03235805407166481,3.4308923223556755
8793,vleermuizen,25,gebleken,4.783317990586511e-07,14.552961204968833
8794,vleermuizen,25,dat,3.854129317915067e-05,10.163780341333648
8795,vleermuizen,25,vleermuizen,0.0008491008193232119,7.071332628028069
8796,vleermuizen,25,van,0.0006700006197206676,7.30823192062347
8797,vleermuizen,25,andere,8.252711995737627e-05,9.402383591886364
8798,vleermuizen,25,zoogdieren,0.004872518125921488,5.324144406544021
8799,vleermuizen,25,zijn,0.0011313302675262094,6.784361110748004
8800,vleermuizen,25,afgesplitst,1.5114665984583553e-05,11.09984502825135
8801,vleermuizen,25,in,0.001030190847814083,6.8780112047646185
8802,vleermuizen,25,het,6.92798857926391e-05,9.577355942201073
8803,vleermuizen,25,"
",0.1612427830696106,1.8248440804652954
8804,vleermuizen,25,vroeg-Eoceen,0.004554776009172201,5.391578924194545
8805,vleermuizen,25,.,0.01787174679338932,4.024534204538259
8806,vleermuizen,25,"

",3.679479050333612e-05,10.210154285219637
8807,vleermuizen,26,het,5.422154572443105e-06,12.125017298912912
8808,vleermuizen,26,verleden,1.7612548617762513e-05,10.946898920330936
8809,vleermuizen,26,werden,6.403806037269533e-05,9.656032958041237
8810,vleermuizen,26,de,0.0006094760610722005,7.402910886151936
8811,vleermuizen,26,vleermuizen,0.0002712080313358456,8.212624388266294
8812,vleermuizen,26,in,0.000903191277757287,7.009576202220085
8813,vleermuizen,26,twee,4.709205313702114e-06,12.265991387376806
8814,vleermuizen,26,onderordes,0.002570795128121972,5.963540039551414
8815,vleermuizen,26,ingedeeld,0.001367758377455175,6.5945821000490215
8816,vleermuizen,26,:,0.004727380350232124,5.354384067062973
8817,vleermuizen,26,"
",0.04724481701850891,3.052412323789043
8818,vleermuizen,27,(,0.001147691160440445,6.7700030412847925
8819,vleermuizen,27,grote,0.0030958501156419516,5.7776927366869195
8820,vleermuizen,27,vleermuizen,0.0031863446347415447,5.748880901736891
8821,vleermuizen,27,),0.2380533367395401,1.4352605264705536
8822,vleermuizen,27,en,0.0008676126599311829,7.049765187219465
8823,vleermuizen,27,Microchiroptera,1.3691759193079633e-07,15.803886610856583
8824,vleermuizen,27,(,0.64585280418396,0.43718365846332546
8825,vleermuizen,27,kleine,0.0002102661965182051,8.467136227508881
8826,vleermuizen,27,"
",0.0007864878280088305,7.147933311734675
8827,vleermuizen,27,vleermuizen,0.004348171409219503,5.4379998879566385
8828,vleermuizen,27,),0.7988478541374207,0.22458477170178606
8829,vleermuizen,27,.,2.4349932573386468e-05,10.622981477499613
8830,vleermuizen,28,eerste,0.0004106478299945593,7.7977745721106535
8831,vleermuizen,28,groep,6.695122465316672e-06,11.914131286932173
8832,vleermuizen,28,bestaat,0.0013480277266353369,6.609112697982979
8833,vleermuizen,28,uit,0.0004866164817940444,7.628034256848472
8834,vleermuizen,28,grotere,6.627586230933957e-07,14.226854980781729
8835,vleermuizen,28,soorten,5.455809173326998e-07,14.421414706592051
8836,vleermuizen,28,",",0.03544512391090393,3.3397695838171413
8837,vleermuizen,28,die,0.00017752760322764516,8.636384449997745
8838,vleermuizen,28,zich,0.0005349441198632121,7.533348265377238
8839,vleermuizen,28,"
",0.003934357315301895,5.53800773566096
8840,vleermuizen,28,meestal,0.0005630312953144312,7.482175344665326
8841,vleermuizen,28,op,0.005118312779814005,5.274930429431951
8842,vleermuizen,28,het,0.00020206505723763257,8.506920846882206
8843,vleermuizen,28,zicht,0.000517951266374439,7.565629400488851
8844,vleermuizen,28,oriënteren,6.236714398255572e-06,11.985057052994234
8845,vleermuizen,28,en,0.0015869035851210356,6.4459705922002
8846,vleermuizen,28,die,9.950288949767128e-05,9.215323874043785
8847,vleermuizen,28,vaak,0.0002869762829504907,8.156110983422513
8848,vleermuizen,28,fruit,4.50311972599593e-06,12.31074012894679
8849,vleermuizen,28,eten,0.00024840919650159776,8.30043318563699
8850,vleermuizen,28,;,0.0056424494832754135,5.177437002210239
8851,vleermuizen,29,vleerhonden,0.00166058330796659,6.400586347995493
8852,vleermuizen,29,"
",0.014375499449670315,4.2422299485774015
8853,vleermuizen,29,behoren,0.0010506061371415854,6.85838800790276
8854,vleermuizen,29,hiertoe,2.010914613492787e-05,10.814335814806272
8855,vleermuizen,29,.,0.07254046946763992,2.623610673303273
8856,vleermuizen,30,tweede,5.129361670697108e-05,9.877944244193019
8857,vleermuizen,30,groep,3.574943150397303e-07,14.844146376925556
8858,vleermuizen,30,bestaat,0.0005938876420259476,7.428820411332134
8859,vleermuizen,30,vrijwel,0.0015169794205576181,6.491034144589356
8860,vleermuizen,30,alleen,0.00011691026884363964,9.0541038503704
8861,vleermuizen,30,uit,0.0030785866547375917,5.783284665645486
8862,vleermuizen,30,vleeseters,0.01882319152355194,3.972665577716993
8863,vleermuizen,30,",",0.015199081040918827,4.186520310791843
8864,vleermuizen,30,"
",5.861380486749113e-06,12.047125404175945
8865,vleermuizen,30,die,1.5245367649185937e-05,11.091234861764601
8866,vleermuizen,30,zonder,0.001394167891703546,6.57545753508425
8867,vleermuizen,30,uitzondering,0.003806369611993432,5.571079401845559
8868,vleermuizen,30,gebruikmaken,0.0004821820475626737,7.6371888231826155
8869,vleermuizen,30,van,0.0003328134771436453,8.007928353612275
8870,vleermuizen,30,echolocatie,3.3820476801338373e-06,12.597029209380926
8871,vleermuizen,30,.,0.03933437168598175,3.235656544736878
8872,vleermuizen,31,deze,0.00036402884870767593,7.918277438776603
8873,vleermuizen,31,groep,2.84745567569189e-07,15.071669800783505
8874,vleermuizen,31,"
",0.006658376660197973,5.011879568855429
8875,vleermuizen,31,behoren,0.000118331125122495,9.042023718267748
8876,vleermuizen,31,alle,4.387209264677949e-05,10.034232142834696
8877,vleermuizen,31,andere,0.0003380990820005536,7.992171563425508
8878,vleermuizen,31,vleermuizen,0.003359707770869136,5.695901281745005
8879,vleermuizen,31,.,0.036989711225032806,3.2971154800070472
8880,vleermuizen,32,onderzoek,7.340537649724865e-06,11.822098468739132
8881,vleermuizen,32,heeft,2.5544206891936483e-06,12.877685096144859
8882,vleermuizen,32,echter,2.1743080651503988e-05,10.736214982009306
8883,vleermuizen,32,"
",0.004834174178540707,5.332044965380452
8884,vleermuizen,32,aangetoond,0.00026098021771758795,8.251065947699592
8885,vleermuizen,32,dat,0.0006011014920659363,7.416746765696425
8886,vleermuizen,32,de,0.0008795117610134184,7.036143621490149
8887,vleermuizen,32,families,0.0005146253388375044,7.572071419458091
8888,vleermuizen,32,Rhinolophidae,0.00013841121108271182,8.885281513128538
8889,vleermuizen,32,(,0.005529743619263172,5.19761382631953
8890,vleermuizen,32,hoefijzerneuzen,0.00014931350597180426,8.809462395542688
8891,vleermuizen,32,),0.19521011412143707,1.6336787921987452
8892,vleermuizen,32,",",5.77753089601174e-05,9.758949054174384
8893,vleermuizen,32,"
",0.0015892109367996454,6.44451765209455
8894,vleermuizen,32,Hipposideridae,2.161235170206055e-05,10.742245568652875
8895,vleermuizen,32,(,0.7541449069976807,0.28217074509217027
8896,vleermuizen,32,bladneuzen,4.723922393168323e-05,9.960285994973207
8897,vleermuizen,32,van,8.583172530052252e-06,11.665706954060973
8898,vleermuizen,32,de,0.0033762240782380104,5.690997330565408
8899,vleermuizen,32,Oude,5.9865506045753136e-05,9.7234100777158
8900,vleermuizen,32,Wereld,0.004925875458866358,5.313253262009739
8901,vleermuizen,32,),0.014372355304658413,4.242448688031271
8902,vleermuizen,32,",",9.15357031772146e-06,11.60136655612646
8903,vleermuizen,32,Megadermatidae,0.0006808728794567287,7.292134936703723
8904,vleermuizen,32,"
",0.004692724905908108,5.361741861849152
8905,vleermuizen,32,(,0.03789988532662392,3.27280719258108
8906,vleermuizen,32,reuzenoorvleermuizen,0.003140253946185112,5.763451607750902
8907,vleermuizen,32,),0.02912542223930359,3.5361438697145413
8908,vleermuizen,32,",",6.386022141668946e-05,9.658813903463331
8909,vleermuizen,32,Craseonycteridae,0.0013150929007679224,6.633847968875985
8910,vleermuizen,32,(,0.6723496913909912,0.39697669971289706
8911,vleermuizen,32,hommelvleermuis,0.01837855391204357,3.996570842405332
8912,vleermuizen,32,),0.016394732519984245,4.110795183549674
8913,vleermuizen,32,en,0.0009162417845800519,6.995230271155532
8914,vleermuizen,32,"
",0.07522366940975189,2.5872893447613565
8915,vleermuizen,32,Rhinopomatidae,0.01811937242746353,4.010773613213025
8916,vleermuizen,32,(,0.7766981720924377,0.25270345698734936
8917,vleermuizen,32,klapneuzen,0.0015304011758416891,6.4822253715154154
8918,vleermuizen,32,),0.05732982978224754,2.8589342011531618
8919,vleermuizen,32,in,0.0005702900816686451,7.469365411380955
8920,vleermuizen,32,feite,7.53132117097266e-05,9.493854984236295
8921,vleermuizen,32,nauwer,6.320880402199691e-06,11.97165205536191
8922,vleermuizen,32,verwant,0.0004097454948350787,7.799974335312119
8923,vleermuizen,32,zijn,0.0005285952938720584,7.545287458837769
8924,vleermuizen,32,aan,2.4811386538203806e-05,10.604207875558387
8925,vleermuizen,32,de,0.005700050387531519,5.167280264262894
8926,vleermuizen,32,"
",0.18192388117313385,1.704166914702575
8927,vleermuizen,32,vleerhonden,0.0015643457882106304,6.460287569090013
8928,vleermuizen,32,dan,0.0001698893029242754,8.680363492279255
8929,vleermuizen,32,aan,2.7863670766237192e-05,10.488186840709787
8930,vleermuizen,32,de,0.024664029479026794,3.7024093931741078
8931,vleermuizen,32,andere,0.0009601780329830945,6.948391839672251
8932,vleermuizen,32,kleine,9.724171832203865e-05,9.238310737734198
8933,vleermuizen,32,vleermuizen,0.011695841327309608,4.448521942473236
8934,vleermuizen,32,.,0.02415880560874939,3.723106343861507
8935,vleermuizen,33,worden,9.092528671317268e-06,11.608057506797165
8936,vleermuizen,33,ze,0.00014541484415531158,8.835919906223662
8937,vleermuizen,33,nu,5.328076868593712e-10,21.35286056951783
8938,vleermuizen,33,"
",0.014536242000758648,4.23111029965325
8939,vleermuizen,33,samen,0.0004889810224995017,7.623186878036958
8940,vleermuizen,33,met,7.473319783457555e-06,11.804171242086683
8941,vleermuizen,33,de,0.0011080654803663492,6.805139594599687
8942,vleermuizen,33,vleerhonden,0.0004067569097969681,7.80729482418651
8943,vleermuizen,33,in,0.0005329255945980549,7.537128740920058
8944,vleermuizen,33,de,0.04676230996847153,3.062677743075092
8945,vleermuizen,33,onderorde,1.7654290786595084e-05,10.944531700073593
8946,vleermuizen,33,Pteropodiformes,2.033318924077321e-05,10.803256069003533
8947,vleermuizen,33,(,0.008927910588681698,4.718572888101921
8948,vleermuizen,33,ook,2.3380491711577633e-06,12.966193663844805
8949,vleermuizen,33,wel,0.00017022393876686692,8.678395700911244
8950,vleermuizen,33,"
",0.006137089338153601,5.093404698380563
8951,vleermuizen,33,Yinpterochiroptera,0.001491176662966609,6.508189763990031
8952,vleermuizen,33,),0.08944448083639145,2.4141371720333877
8953,vleermuizen,33,ingedeeld,4.7739449655637145e-05,9.949752465070663
8954,vleermuizen,33,",",0.007632406894117594,4.875352032038542
8955,vleermuizen,33,terwijl,0.001270911074243486,6.668021254412517
8956,vleermuizen,33,de,0.11853798478841782,2.1325218230333776
8957,vleermuizen,33,overgebleven,3.739463136298582e-05,10.193983410291795
8958,vleermuizen,33,Microchiroptera,1.9622078184511338e-07,15.444025373685859
8959,vleermuizen,33,"
",0.14844103157520294,1.9075674933716689
8960,vleermuizen,33,de,0.027008283883333206,3.6116116495407002
8961,vleermuizen,33,onderorde,0.0014327041571959853,6.548191601417741
8962,vleermuizen,33,Vespertilioniformes,0.00891782995313406,4.719702640783936
8963,vleermuizen,33,vormen,0.0009073522523976862,7.004979812355089
8964,vleermuizen,33,.,0.05168060213327408,2.9626727683900214
8965,vleermuizen,33,"

",0.00029212774825282395,8.138319357352076
8966,vleermuizen,34,"

",0.012101379223167896,4.414435847489505
8967,vleermuizen,34,Europese,8.012778380361851e-06,11.734472993062129
8968,vleermuizen,34,vleermuizen,2.4233804651885293e-06,12.930347106092377
8969,vleermuizen,34,eten,4.698471911979141e-06,12.26827322722371
8970,vleermuizen,34,meestal,0.000143095210660249,8.852000340443789
8971,vleermuizen,34,insecten,0.0010491707362234592,6.859755201874581
8972,vleermuizen,34,",",0.011654703877866268,4.452045414121669
8973,vleermuizen,34,die,5.6943466915981844e-05,9.773451590788763
8974,vleermuizen,34,in,0.0004551598976831883,7.694861777268557
8975,vleermuizen,34,de,0.039389487355947495,3.2342563166575724
8976,vleermuizen,34,avondschemer,6.217315785761457e-06,11.988172290053344
8977,vleermuizen,34,in,0.009099103510379791,4.699579385655168
8978,vleermuizen,34,de,0.031777575612068176,3.448994407376735
8979,vleermuizen,34,"
",0.10237637907266617,2.27909926610436
8980,vleermuizen,34,lucht,0.0035595817025750875,5.638112240298439
8981,vleermuizen,34,gevangen,0.0024103368632495403,6.02798876396554
8982,vleermuizen,34,worden,5.581900495599257e-06,12.095981248949684
8983,vleermuizen,34,met,0.00011835240002255887,9.04184394318532
8984,vleermuizen,34,behulp,6.315123755484819e-06,11.972563205285777
8985,vleermuizen,34,van,0.00030819058883935213,8.08479217143238
8986,vleermuizen,34,echolocatie,5.937135483691236e-06,12.034283782708517
8987,vleermuizen,34,.,0.07390624284744263,2.604957977634624
8988,vleermuizen,35,er,4.0313891076948494e-05,10.11881445666849
8989,vleermuizen,35,'s,0.0008547295001335442,7.064725513197176
8990,vleermuizen,35,winters,1.3709064660361037e-05,11.197453289885772
8991,vleermuizen,35,"
",0.008869169279932976,4.725174142071022
8992,vleermuizen,35,nauwelijks,0.000873343669809401,7.0431814142876625
8993,vleermuizen,35,insecten,7.82467977842316e-05,9.455642652266596
8994,vleermuizen,35,rondvliegen,0.0010357884457334876,6.872592358957063
8995,vleermuizen,35,",",0.013949981890618801,4.272277068879132
8996,vleermuizen,35,houden,3.610203566495329e-05,10.229161304604379
8997,vleermuizen,35,de,0.009339392185211182,4.673514105388807
8998,vleermuizen,35,in,0.00664951466023922,5.0132114104004675
8999,vleermuizen,35,Nederland,0.0005126456962898374,7.575925601909575
9000,vleermuizen,35,en,0.04392459988594055,3.125280753978567
9001,vleermuizen,35,België,8.984391752164811e-05,9.317436642945509
9002,vleermuizen,35,"
",0.24744528532028198,1.3965657908258389
9003,vleermuizen,35,voorkomende,0.00136259151622653,6.598366865809853
9004,vleermuizen,35,soorten,1.2186023013782687e-05,11.315220917596944
9005,vleermuizen,35,een,2.9051598176010884e-05,10.446437061514859
9006,vleermuizen,35,winterslaap,0.01056807953864336,4.549917185423729
9007,vleermuizen,35,",",0.06287769228219986,2.7665638318813546
9008,vleermuizen,35,waarbij,0.0014799211639910936,6.515766460198466
9009,vleermuizen,35,ze,0.0017185322940349579,6.366284669860869
9010,vleermuizen,35,hun,3.2266614198306343e-06,12.644062571430768
9011,vleermuizen,35,metabolisme,0.0007374830893240869,7.212267399743241
9012,vleermuizen,35,tot,0.00022189933224581182,8.413286737287523
9013,vleermuizen,35,een,8.391809387831017e-06,11.688254400685073
9014,vleermuizen,35,"
",0.1742042899131775,1.747526588499694
9015,vleermuizen,35,uiterst,0.0004404546052683145,7.727703170637692
9016,vleermuizen,35,laag,3.0942916055209935e-05,10.383366468546525
9017,vleermuizen,35,pitje,2.4579510409239447e-06,12.916182465275945
9018,vleermuizen,35,terugdraaien,4.312043984100455e-06,12.354098524015248
9019,vleermuizen,35,en,0.0028110495768487453,5.874197350483013
9020,vleermuizen,35,hun,3.7609904666169314e-06,12.490828213279359
9021,vleermuizen,35,lichaamstemperatuur,4.582919427775778e-05,9.990589240270753
9022,vleermuizen,35,maar,0.0010662350105121732,6.843621517393499
9023,vleermuizen,35,net,0.00010390660463599488,9.172018094641725
9024,vleermuizen,35,"
",0.24261143803596497,1.4162941358673447
9025,vleermuizen,35,boven,0.005613986868411303,5.182494140124038
9026,vleermuizen,35,het,0.0001514399773441255,8.795321200666192
9027,vleermuizen,35,vriespunt,0.004331118892878294,5.441929365526737
9028,vleermuizen,35,blijft,0.0035779231693595648,5.632972767195034
9029,vleermuizen,35,.,0.0321081168949604,3.438646418039217
9030,vleermuizen,36,paren,0.00012184363731648773,9.012771996601629
9031,vleermuizen,36,vóór,0.0005252446862868965,7.551646334831229
9032,vleermuizen,36,de,0.007928047329187393,4.83734851209495
9033,vleermuizen,36,winter,0.0002494958753231913,8.296068174680128
9034,vleermuizen,36,",",0.027006180956959724,3.6116895148451427
9035,vleermuizen,36,maar,2.867819057428278e-05,10.459373634380626
9036,vleermuizen,36,de,0.004114185925573111,5.493314295390668
9037,vleermuizen,36,"
",0.0032741259783506393,5.721704322352382
9038,vleermuizen,36,eisprong,1.06967681858805e-05,11.445568900822046
9039,vleermuizen,36,en,0.0723813995718956,2.6258059245883976
9040,vleermuizen,36,bevruchting,0.0012201144127175212,6.7088106437181265
9041,vleermuizen,36,treden,2.172436870750971e-05,10.737075945577496
9042,vleermuizen,36,pas,2.915479853982106e-05,10.442891043284153
9043,vleermuizen,36,een,1.5704395991633646e-05,11.061569885335436
9044,vleermuizen,36,paar,0.0007800298044458032,7.156178428182699
9045,vleermuizen,36,maanden,0.0026888034772127867,5.918658988333155
9046,vleermuizen,36,later,9.158567081613e-06,11.600820823653336
9047,vleermuizen,36,op,0.0017943683778867126,6.323102197580346
9048,vleermuizen,36,.,0.009030347689986229,4.707164408420054
9049,vleermuizen,37,is,0.00036597103462554514,7.912956368062035
9050,vleermuizen,37,"
",0.008921568281948566,4.719283531482158
9051,vleermuizen,37,er,2.0501509425230324e-05,10.795012044031463
9052,vleermuizen,37,maar,0.001083056558854878,6.827968088084191
9053,vleermuizen,37,één,2.1199828552198596e-05,10.761517463479452
9054,vleermuizen,37,jong,3.2181380902329693e-06,12.646707598495947
9055,vleermuizen,37,;,0.0003332062915433198,8.00674876566702
9056,vleermuizen,38,wordt,6.335852958727628e-05,9.66670101799892
9057,vleermuizen,38,gezoogd,0.00023319447063840926,8.363637814582038
9058,vleermuizen,38,en,6.9762772909598425e-06,11.872995122870076
9059,vleermuizen,38,blijft,0.003742836881428957,5.587911430643727
9060,vleermuizen,38,tijdens,0.00010088126873597503,9.201566289701773
9061,vleermuizen,38,de,0.004720741417258978,5.355789411792683
9062,vleermuizen,38,jacht,0.0007800058228895068,7.156209173065544
9063,vleermuizen,38,van,0.00019476520537864417,8.543715799862534
9064,vleermuizen,38,de,0.005721775349229574,5.16347614600758
9065,vleermuizen,38,"
",0.0035415911115705967,5.643179186270919
9066,vleermuizen,38,moeder,0.0004978651995770633,7.605181201161228
9067,vleermuizen,38,op,0.002685312647372484,5.91995811557579
9068,vleermuizen,38,de,0.0011232774704694748,6.791504554074928
9069,vleermuizen,38,slaapplaats,6.968637080717599e-06,11.874090893099005
9070,vleermuizen,38,hangen,2.0436873455764726e-05,10.798169766375393
9071,vleermuizen,38,.,0.07642403244972229,2.5714580714133177
9072,vleermuizen,39,kunnen,2.640938873810228e-06,12.844376070009812
9073,vleermuizen,39,tot,1.0268234291288536e-05,11.486455477598973
9074,vleermuizen,39,tientallen,9.991762794925307e-08,16.118919710909942
9075,vleermuizen,39,jaren,2.857429315383797e-08,17.370758364095096
9076,vleermuizen,39,"
",0.004954352974891663,5.30748869997039
9077,vleermuizen,39,oud,1.9400549717829563e-06,13.152794249319898
9078,vleermuizen,39,worden,5.217215402808506e-06,12.163546746141426
9079,vleermuizen,39,en,0.0006036690319888294,7.412484470497956
9080,vleermuizen,39,planten,9.736890933709219e-05,9.23700360425754
9081,vleermuizen,39,zich,0.0008397908532060683,7.082357681407136
9082,vleermuizen,39,maar,0.0008932683849707246,7.020623479161481
9083,vleermuizen,39,langzaam,9.386600140715018e-05,9.273642309655392
9084,vleermuizen,39,voort,0.0005134466337040067,7.5743644605708775
9085,vleermuizen,39,.,0.04719849303364754,3.053393314153543
9086,vleermuizen,40,zijn,0.0011946012964472175,6.729942792410323
9087,vleermuizen,40,meestal,0.0025397411081939936,5.975693129054367
9088,vleermuizen,40,zeer,0.00010323024616809562,9.17854866483307
9089,vleermuizen,40,"
",0.027265913784503937,3.6021179362380176
9090,vleermuizen,40,trouw,2.730507958403905e-06,12.811022900726
9091,vleermuizen,40,aan,8.545558375772089e-05,9.367513805216102
9092,vleermuizen,40,hun,1.566631766536375e-07,15.669167707837454
9093,vleermuizen,40,standplaats,2.9008122055529384e-06,12.75051978930405
9094,vleermuizen,40,en,0.007914071902632713,4.839112850561983
9095,vleermuizen,40,overwinteringsplaats,4.4825177610618994e-05,10.012740576169293
9096,vleermuizen,40,.,0.008422701619565487,4.776824644761058
9097,vleermuizen,40,"

",4.0315178921446204e-05,10.118782511750911
9098,vleermuizen,41,vleermuissoorten,0.0002767325204331428,8.192459148503392
9099,vleermuizen,41,zijn,3.340859620948322e-05,10.30669731955458
9100,vleermuizen,41,trogloxenen,7.440522495016921e-06,11.808569483760277
9101,vleermuizen,41,;,0.0032378036994487047,5.732860049576539
9102,vleermuizen,42,slapen,1.702427766758774e-06,13.283455227570977
9103,vleermuizen,42,en,0.001435386948287487,6.546320815745125
9104,vleermuizen,42,overwinteren,1.7435387462683138e-06,13.259593747809319
9105,vleermuizen,42,in,0.0018147059017792344,6.3118318619820295
9106,vleermuizen,42,"
",0.008540632203221321,4.762920245441383
9107,vleermuizen,42,vaak,1.2863291885878425e-05,11.261132893227584
9108,vleermuizen,42,grote,0.001020162715576589,6.887793139333642
9109,vleermuizen,42,aantallen,0.00019772145606111735,8.528651305294503
9110,vleermuizen,42,in,0.09928913414478302,2.309719138442147
9111,vleermuizen,42,grotten,0.00041456444887444377,7.788282109650638
9112,vleermuizen,42,of,0.000530937104485929,7.540866991033573
9113,vleermuizen,42,",",0.0007260917918756604,7.227834116041279
9114,vleermuizen,42,bij,0.003193159820511937,5.746744313100325
9115,vleermuizen,42,gebrek,0.00044961742241866887,7.707113509204388
9116,vleermuizen,42,aan,0.00026901019737124443,8.220761270637654
9117,vleermuizen,42,grotten,0.0007559878868050873,7.1874852046577
9118,vleermuizen,42,",",0.01327632088214159,4.321773215324486
9119,vleermuizen,42,in,0.0014768479159101844,6.517845248974037
9120,vleermuizen,42,"
",0.009055212140083313,4.704414759971625
9121,vleermuizen,42,ijskelders,0.0007748879725113511,7.162792090657773
9122,vleermuizen,42,",",0.014444326050579548,4.237453602394704
9123,vleermuizen,42,bunkers,0.02895878255367279,3.5418817512407945
9124,vleermuizen,42,en,0.003492457792162895,5.657149552185241
9125,vleermuizen,42,forten,0.00021110854868311435,8.463138108036452
9126,vleermuizen,42,.,0.015535962767899036,4.164597763940994
9127,vleermuizen,43,vleermuizen,0.00028123456286266446,8.17632149355144
9128,vleermuizen,43,overwinteren,1.057030021911487e-05,11.457462355541788
9129,vleermuizen,43,ook,4.3242680476396345e-06,12.351267669442688
9130,vleermuizen,43,in,0.01082698069512844,4.525714047685496
9131,vleermuizen,43,"
",0.0033765521366149187,5.690900168045364
9132,vleermuizen,43,boomholten,1.3285755812830757e-05,11.228818088174277
9133,vleermuizen,43,",",0.015381334349513054,4.1746005599219895
9134,vleermuizen,43,terwijl,0.0001203413339680992,9.025178403240162
9135,vleermuizen,43,dwergvleermuizen,3.8473728636745363e-05,10.165534922664555
9136,vleermuizen,43,hoofdzakelijk,0.022724216803908348,3.7843241035869344
9137,vleermuizen,43,in,0.0013609500601887703,6.599572249454972
9138,vleermuizen,43,huizen,4.152971087023616e-05,10.089101462295373
9139,vleermuizen,43,(,0.0016396332066506147,6.413282716641755
9140,vleermuizen,43,in,0.002474692417308688,6.001639166519238
9141,vleermuizen,43,de,0.009008688852190971,4.709565739350605
9142,vleermuizen,43,"
",0.006956144701689482,4.968129880278423
9143,vleermuizen,43,spouw,0.0018716825870797038,6.2809174734872695
9144,vleermuizen,43,of,0.00026004816754721105,8.254643684310258
9145,vleermuizen,43,op,0.0014942458365112543,6.506133656603927
9146,vleermuizen,43,zolder,0.00290676555596292,5.840714308761202
9147,vleermuizen,43,),0.07872071862220764,2.541848897440787
9148,vleermuizen,43,overwinteren,0.00015365688886959106,8.780788435576097
9149,vleermuizen,43,.,0.01187620684504509,4.433218305168886
9150,vleermuizen,44,de,6.649830902460963e-05,9.618334038827127
9151,vleermuizen,44,zomer,0.00026171968784183264,8.248236520681495
9152,vleermuizen,44,verkiezen,1.384967163176043e-05,11.18724903451015
9153,vleermuizen,44,ze,0.0011732997372746468,6.7479352114547355
9154,vleermuizen,44,plaatsen,6.909610419825185e-06,11.882597300959997
9155,vleermuizen,44,die,1.7421884876966942e-06,13.260368483494888
9156,vleermuizen,44,"
",0.020324354991316795,3.8959353587963816
9157,vleermuizen,44,warmer,3.68197652278468e-05,10.209475758392413
9158,vleermuizen,44,zijn,0.009566170163452625,4.649522345522152
9159,vleermuizen,44,dan,5.0923466915264726e-05,9.885186701061269
9160,vleermuizen,44,bunkers,0.00017676371498964727,8.6406966607827
9161,vleermuizen,44,en,0.003049390623345971,5.792813503948893
9162,vleermuizen,44,forten,1.2081591194146313e-05,11.323827652762375
9163,vleermuizen,44,",",0.03641413152217865,3.3127983510493966
9164,vleermuizen,44,en,0.0005235202261246741,7.55493489205874
9165,vleermuizen,44,komen,0.0013522455701604486,6.605988683120896
9166,vleermuizen,44,ze,0.0006812409264966846,7.2915945309794665
9167,vleermuizen,44,veelvuldig,0.0009720903472043574,6.936061808024679
9168,vleermuizen,44,voor,0.00023349896946456283,8.362332894293058
9169,vleermuizen,44,op,0.002606520429253578,5.949739115976134
9170,vleermuizen,44,"
",0.0022490043193101883,6.097267685459809
9171,vleermuizen,44,zolders,0.01533221360296011,4.177799199721578
9172,vleermuizen,44,en,0.007463863585144281,4.897682091978134
9173,vleermuizen,44,kerkzolders,0.001922374009154737,6.2541943936319875
9174,vleermuizen,44,.,0.008843735791742802,4.728045890727303
9175,vleermuizen,45,hangen,2.5137524062301964e-05,10.591148845638633
9176,vleermuizen,45,daar,1.3626600775751285e-05,11.203486736187621
9177,vleermuizen,45,overdag,4.7522839849989396e-06,12.256885216536581
9178,vleermuizen,45,met,3.4919718018500134e-05,10.262458902097064
9179,vleermuizen,45,hun,6.388367182807997e-06,11.961031849174509
9180,vleermuizen,45,hoofd,0.0005178507999517024,7.565823388174951
9181,vleermuizen,45,naar,0.0007112878956831992,7.248433293544912
9182,vleermuizen,45,"
",0.00609389366582036,5.10046804756653
9183,vleermuizen,45,beneden,7.389962411252782e-05,9.512802816457048
9184,vleermuizen,45,.,0.010984068736433983,4.5113093526669665
9185,vleermuizen,46,kunnen,2.897120111811091e-06,12.751793379280203
9186,vleermuizen,46,ook,1.1334158216413925e-06,13.690274633857651
9187,vleermuizen,46,ondersteboven,5.4475036449730396e-05,9.81776800802449
9188,vleermuizen,46,in,0.0007853778079152107,7.1493456719934265
9189,vleermuizen,46,bunkers,0.0008607066702097654,7.057756796588944
9190,vleermuizen,46,hangen,6.688896246487275e-05,9.612476590019098
9191,vleermuizen,46,of,9.162481728708372e-05,9.297808391897687
9192,vleermuizen,46,aan,0.00028390713850967586,8.166863350350335
9193,vleermuizen,46,takken,4.706445542979054e-05,9.96399250363034
9194,vleermuizen,46,van,0.00011677663133013994,9.05524758181592
9195,vleermuizen,46,"
",0.0032659145072102547,5.724215461380808
9196,vleermuizen,46,bomen,0.0007719252607785165,7.166622825089188
9197,vleermuizen,46,",",0.0070871212519705296,4.949476050231585
9198,vleermuizen,46,onder,3.080100941588171e-05,10.387963095278863
9199,vleermuizen,46,afdakjes,3.811758506344631e-05,10.174834832091472
9200,vleermuizen,46,enzovoort,9.793190110940486e-05,9.231238207478052
9201,vleermuizen,46,.,0.016833480447530746,4.084385491949849
9202,vleermuizen,47,Avonds,5.295907499203167e-07,14.451161298638691
9203,vleermuizen,47,vliegen,0.0002891552576329559,8.148546790461356
9204,vleermuizen,47,vleermuizen,0.0004368239897303283,7.735980213497919
9205,vleermuizen,47,uit,0.0002306825335836038,8.37446810616829
9206,vleermuizen,47,.,0.10031809657812119,2.2994091757811024
9207,vleermuizen,48,"
",0.0017704700585454702,6.336510197854116
9208,vleermuizen,48,zijn,0.0003265932318754494,8.026795100620436
9209,vleermuizen,48,in,5.814062024001032e-05,9.752645994847613
9210,vleermuizen,48,de,0.016046086326241493,4.132290301742329
9211,vleermuizen,48,schemering,1.1216377970413305e-05,11.398135529023254
9212,vleermuizen,48,goed,3.877308336086571e-05,10.15778427988827
9213,vleermuizen,48,te,0.004866630304604769,5.325353510620423
9214,vleermuizen,48,herkennen,2.258954191347584e-05,10.698023505977892
9215,vleermuizen,48,",",0.05089229717850685,2.978043699323408
9216,vleermuizen,48,in,0.0002106179017573595,8.465464958280801
9217,vleermuizen,48,de,0.04016086086630821,3.21486236791436
9218,vleermuizen,48,eerste,0.005016361363232136,5.295050436134756
9219,vleermuizen,48,plaats,9.619822958484292e-05,9.24909960394592
9220,vleermuizen,48,omdat,0.0006689724395982921,7.30976769509975
9221,vleermuizen,48,er,0.0005925442674197257,7.431084974801176
9222,vleermuizen,48,in,0.0019936449825763702,6.217790666134334
9223,vleermuizen,48,"
",0.0638950765132904,2.750512970437401
9224,vleermuizen,48,de,0.03196419030427933,3.443139055780995
9225,vleermuizen,48,schemering,0.0001631035265745595,8.721125426409445
9226,vleermuizen,48,weinig,0.0006614782614633441,7.321033437438523
9227,vleermuizen,48,vogels,0.001548473141156137,6.470485903773361
9228,vleermuizen,48,vliegen,0.0006342508713714778,7.363065985624608
9229,vleermuizen,48,en,0.005300651304423809,5.239925578346993
9230,vleermuizen,48,in,0.0008138207485899329,7.113770426789121
9231,vleermuizen,48,de,0.05549326539039612,2.8914936099097526
9232,vleermuizen,48,tweede,2.384354502282804e-06,12.94658211919403
9233,vleermuizen,48,plaats,0.00012998901365790516,8.948060621403696
9234,vleermuizen,48,omdat,0.8255020380020142,0.19176354681577817
9235,vleermuizen,48,hun,1.3040232715866296e-07,15.852641341304338
9236,vleermuizen,48,"
",0.17607884109020233,1.7368234235086577
9237,vleermuizen,48,vlucht,2.8871865652035922e-05,10.45264294386141
9238,vleermuizen,48,nogal,0.0006220493814907968,7.382491076912126
9239,vleermuizen,48,afwijkend,8.752610301598907e-05,9.343573488906591
9240,vleermuizen,48,is,0.0010302742011845112,6.877930297427206
9241,vleermuizen,48,.,0.011480581946671009,4.467098197156795
9242,vleermuizen,49,jacht,0.0006239783833734691,7.379394832224592
9243,vleermuizen,49,naar,0.00028991239378228784,8.145931771028156
9244,vleermuizen,49,vliegende,0.0012857989640906453,6.656374991910578
9245,vleermuizen,49,insecten,9.94936635834165e-06,11.518001691400324
9246,vleermuizen,49,hebben,0.0011849531438201666,6.73805204625684
9247,vleermuizen,49,ze,0.00028660529642365873,8.157404562546755
9248,vleermuizen,49,"
",0.000338779907906428,7.990159900644945
9249,vleermuizen,49,een,3.620915776991751e-06,12.528783587050354
9250,vleermuizen,49,zeer,0.0010667191818356514,6.843167526085546
9251,vleermuizen,49,onregelmatige,1.0025220944953617e-05,11.510406545617636
9252,vleermuizen,49,vlucht,3.3014539440046065e-06,12.62114759743041
9253,vleermuizen,49,",",0.03972223028540611,3.2258442911950698
9254,vleermuizen,49,ze,5.677639273926616e-05,9.776389939418994
9255,vleermuizen,49,kunnen,1.6063579266756278e-07,15.644126191849518
9256,vleermuizen,49,snel,7.110722890502075e-06,11.853906646954249
9257,vleermuizen,49,hun,7.985106549313059e-07,14.040517525696831
9258,vleermuizen,49,vliegrichting,0.012091106735169888,4.415285077174547
9259,vleermuizen,49,"
",0.06053638830780983,2.804510635116472
9260,vleermuizen,49,aanpassen,0.0006361224222928286,7.360119525265762
9261,vleermuizen,49,.,0.16616055369377136,1.794800767127034
9262,vleermuizen,50,vleermuizen,0.0009638310875743628,6.944594499065154
9263,vleermuizen,50,zenden,0.0009662238880991936,6.942114982387234
9264,vleermuizen,50,namelijk,1.2593720839504385e-06,13.58489730728764
9265,vleermuizen,50,ultrasone,2.1633170035784133e-05,10.74128277137375
9266,vleermuizen,50,geluiden,0.0001631619525142014,8.720767276718405
9267,vleermuizen,50,uit,8.810490544419736e-05,9.33698234616137
9268,vleermuizen,50,die,1.420554326614365e-05,11.16187829867675
9269,vleermuizen,50,"
",0.006202496122568846,5.082803467538563
9270,vleermuizen,50,op,0.0003683842078316957,7.906384121408298
9271,vleermuizen,50,een,1.0649150681274477e-06,13.752615510220084
9272,vleermuizen,50,prooi,0.00029326099320314825,8.13444758365456
9273,vleermuizen,50,weerkaatsen,0.0014633246464654803,6.527044276936951
9274,vleermuizen,50,en,0.0010010561672970653,6.906699669037348
9275,vleermuizen,50,weer,0.0005392478196881711,7.525335315933278
9276,vleermuizen,50,opgevangen,0.0012480486184358597,6.686174052713692
9277,vleermuizen,50,worden,6.615259735553991e-06,11.926131496534179
9278,vleermuizen,50,.,0.09830085188150406,2.319722585727156
9279,vleermuizen,51,kan,5.5630531278438866e-05,9.796778383708062
9280,vleermuizen,51,de,0.00032075782655738294,8.044824153963782
9281,vleermuizen,51,vleermuis,0.0028846587520092726,5.848348669550437
9282,vleermuizen,51,"
",0.005591219756752253,5.186557812263412
9283,vleermuizen,51,de,0.0011533962097018957,6.765044462984047
9284,vleermuizen,51,afstand,1.1348594853188843e-05,11.386416623182058
9285,vleermuizen,51,tot,3.6303031265561003e-06,12.526194407235621
9286,vleermuizen,51,zijn,0.00014905423449818045,8.811200328326402
9287,vleermuizen,51,prooi,1.76124394783983e-05,10.946905117032204
9288,vleermuizen,51,en,0.0023807224351912737,6.040351293160959
9289,vleermuizen,51,omgeving,0.00039182399632409215,7.844697807968692
9290,vleermuizen,51,inschatten,3.175470919813961e-05,10.357469522422829
9291,vleermuizen,51,en,0.004748994018882513,5.349822468863721
9292,vleermuizen,51,vliegt,0.0018465097527951002,6.294458041911924
9293,vleermuizen,51,hij,4.596690359903732e-06,12.290174000401647
9294,vleermuizen,51,"
",0.022605223581194878,3.7895742674994843
9295,vleermuizen,51,opmerkelijk,0.006504099350422621,5.035322631573063
9296,vleermuizen,51,veilig,0.001370917889289558,6.592274771304506
9297,vleermuizen,51,.,0.0065610078163445,5.026611057285782
9298,vleermuizen,52,kunnen,2.640938873810228e-06,12.844376070009812
9299,vleermuizen,52,in,0.000594693177845329,7.42746495290769
9300,vleermuizen,52,een,1.7241271734746988e-06,13.270789621926742
9301,vleermuizen,52,volledig,4.031303615192883e-05,10.118835663603917
9302,vleermuizen,52,donkere,2.2140829969430342e-05,10.718087144058938
9303,vleermuizen,52,kamer,0.0032567705493420362,5.7270192036369405
9304,vleermuizen,52,"
",0.003922899253666401,5.5409242930260065
9305,vleermuizen,52,vliegen,0.00027177415904589,8.210539134181674
9306,vleermuizen,52,waarin,0.0008222532924264669,7.103462068735941
9307,vleermuizen,52,zeer,0.0006337562808766961,7.363846092454428
9308,vleermuizen,52,dunne,4.938460733683314e-06,12.21845686769123
9309,vleermuizen,52,draden,7.87122844485566e-05,9.449711322618379
9310,vleermuizen,52,gespannen,4.8488574975635856e-05,9.934182355283884
9311,vleermuizen,52,zijn,0.00032118457602337003,8.04349459689718
9312,vleermuizen,52,",",0.03089062124490738,3.477302660732114
9313,vleermuizen,52,zonder,0.002485426142811775,5.9973111480946395
9314,vleermuizen,52,deze,0.05537216737866402,2.8936782053579226
9315,vleermuizen,52,te,1.0565236152615398e-05,11.4579415547925
9316,vleermuizen,52,raken,8.939231338445097e-05,9.322475859520999
9317,vleermuizen,52,.,0.019010907039046288,3.962742409835411
9318,vleermuizen,52,"

",0.0013361664023250341,6.617950658985221
9319,vleermuizen,53,tegenstelling,0.0001855737209552899,8.59205833731749
9320,vleermuizen,53,tot,2.7570327802095562e-05,10.498770443188024
9321,vleermuizen,53,wat,9.991085789806675e-06,11.513817283541552
9322,vleermuizen,53,vaak,0.0005976909887976944,7.422436678711336
9323,vleermuizen,53,gedacht,9.26260599953821e-06,11.589525123462805
9324,vleermuizen,53,wordt,1.2809610780095682e-05,11.265314826584708
9325,vleermuizen,53,",",0.04236031696200371,3.1615432756989343
9326,vleermuizen,53,zijn,0.00031432555988430977,8.065081294259192
9327,vleermuizen,53,vleermuizen,0.004732883535325527,5.353220635306582
9328,vleermuizen,53,niet,0.002595103345811367,5.9541289381818
9329,vleermuizen,53,"
",0.005776209756731987,5.154007562827312
9330,vleermuizen,53,blind,1.6756621334934607e-07,15.60188726021498
9331,vleermuizen,53,.,0.02770378254354,3.5861863211930705
9332,vleermuizen,54,de,5.289203181746416e-05,9.847257857714556
9333,vleermuizen,54,eerste,0.0006037704297341406,7.412316515501016
9334,vleermuizen,54,onderzoeken,0.00013114773901179433,8.93918609151182
9335,vleermuizen,54,naar,0.00010469424887560308,9.164466371151356
9336,vleermuizen,54,de,0.0075823101215064526,4.881937360389144
9337,vleermuizen,54,mogelijkheid,5.247091758064926e-05,9.855251492698926
9338,vleermuizen,54,van,0.00038496623164974153,7.862354937523908
9339,vleermuizen,54,vleermuizen,0.0011747690150514245,6.746683733645931
9340,vleermuizen,54,in,0.0011896181385964155,6.7341229152913185
9341,vleermuizen,54,"
",0.0027490397915244102,5.896503594994946
9342,vleermuizen,54,het,7.282182923518121e-05,9.52749479557669
9343,vleermuizen,54,donker,7.376176654361188e-06,11.817255122110497
9344,vleermuizen,54,te,0.0025699527468532324,5.963867766682473
9345,vleermuizen,54,vliegen,0.0020720576867461205,6.179213113878769
9346,vleermuizen,54,zonder,0.0017350980779156089,6.356691338123034
9347,vleermuizen,54,tegen,0.0020613218657672405,6.184407819559494
9348,vleermuizen,54,obstakels,4.1607705725255073e-07,14.692395360058637
9349,vleermuizen,54,aan,0.0007468402036465704,7.1996593131895334
9350,vleermuizen,54,te,6.243157258722931e-05,9.681439439599844
9351,vleermuizen,54,botsen,0.00038477551424875855,7.862850473607021
9352,vleermuizen,54,",",0.04183700680732727,3.1739740008063224
9353,vleermuizen,54,moest,0.00010343295434722677,9.176586939246379
9354,vleermuizen,54,"
",0.007329077459871769,4.915905629139196
9355,vleermuizen,54,Lazzaro,0.0006026542978361249,7.414166829392877
9356,vleermuizen,54,Spallanzani,0.0001529472356196493,8.785417561282578
9357,vleermuizen,54,vleermuizen,0.00010946521069854498,9.119903769703967
9358,vleermuizen,54,blind,2.93783546112536e-06,12.73783748548223
9359,vleermuizen,54,maken,0.010847367346286774,4.523832869332962
9360,vleermuizen,54,.,0.04224395379424095,3.1642940408812703
9361,vleermuizen,55,meeste,0.00014793913578614593,8.81870961347265
9362,vleermuizen,55,vleermuissoorten,0.0027060790453106165,5.9122545385328245
9363,vleermuizen,55,"
",0.009083063341677189,4.701343770834809
9364,vleermuizen,55,zijn,0.00013676242087967694,8.897265291685054
9365,vleermuizen,55,promiscue,1.3155818123777863e-06,13.541231547310693
9366,vleermuizen,55,",",0.007280423771589994,4.92256620808446
9367,vleermuizen,55,maar,0.0010273336665704846,6.880788506381365
9368,vleermuizen,55,er,0.00010418990132166073,9.169295349640537
9369,vleermuizen,55,zijn,0.0014745540684089065,6.519399661402661
9370,vleermuizen,55,ook,1.186410031550622e-06,13.64457859070444
9371,vleermuizen,55,monogame,6.455150287365541e-05,9.64804715862421
9372,vleermuizen,55,soorten,1.6347397831850685e-05,11.021441827302604
9373,vleermuizen,55,.,0.08170627057552338,2.5046245288310085
9374,vleermuizen,55,"

",0.0001570431049913168,8.75899023621422
9375,vleermuizen,56,"

",0.0028785301838070154,5.850475467953408
9376,vleermuizen,57,zijn,0.0007394226850010455,7.20964083164965
9377,vleermuizen,57,door,8.567135955672711e-05,9.364991982419753
9378,vleermuizen,57,hun,4.801925115316408e-07,14.549078747758903
9379,vleermuizen,57,gewoonte,3.471415402600542e-05,10.26836305717579
9380,vleermuizen,57,om,1.2361434528429527e-05,11.300929050498748
9381,vleermuizen,57,in,0.00031234280322678387,8.07140924502398
9382,vleermuizen,57,groepen,3.2333606213796884e-05,10.33940342856265
9383,vleermuizen,57,te,0.00018692304729484022,8.5848135375962
9384,vleermuizen,57,rusten,0.00011353663285262883,9.083385016706636
9385,vleermuizen,57,zeer,0.000759906368330121,7.182315331839217
9386,vleermuizen,57,"
",0.004264080431312323,5.457528729418371
9387,vleermuizen,57,kwetsbaar,4.41586525994353e-05,10.027721668249079
9388,vleermuizen,57,.,0.022128013893961906,3.81091087616939
9389,vleermuizen,58,instorting,2.2932596039026976e-05,10.682951251670923
9390,vleermuizen,58,",",0.06285826116800308,2.766872909974267
9391,vleermuizen,58,overstroming,1.6560485960326332e-07,15.613661249995486
9392,vleermuizen,58,en,0.0015591380652040243,6.4636221327225005
9393,vleermuizen,58,dergelijke,3.512593684718013e-05,10.25657075886021
9394,vleermuizen,58,kan,2.073199357255362e-05,10.783832467662252
9395,vleermuizen,58,een,4.739324504043907e-05,9.957030849114092
9396,vleermuizen,58,hele,1.7385920727974735e-05,10.959849832849907
9397,vleermuizen,58,"
",0.00207662396132946,6.17701179943017
9398,vleermuizen,58,kolonie,3.639180249592755e-06,12.523752107834175
9399,vleermuizen,58,worden,4.125580744585022e-06,12.398303761521062
9400,vleermuizen,58,verwoest,0.0005637741414830089,7.4808568450345385
9401,vleermuizen,58,.,0.04298871010541916,3.14681775345028
9402,vleermuizen,59,planten,7.017307507339865e-05,9.564545866468057
9403,vleermuizen,59,vleermuizen,0.0002104343002429232,8.466337066419417
9404,vleermuizen,59,zich,0.0012533767148852348,6.6819139979071105
9405,vleermuizen,59,traag,6.746717554051429e-05,9.603869366650963
9406,vleermuizen,59,voort,0.0002253407146781683,8.39789701367844
9407,vleermuizen,59,.,0.08083358407020569,2.5153627553780677
9408,vleermuizen,61,soorten,4.215706894683535e-08,16.981863457263966
9409,vleermuizen,61,zijn,8.681885083205998e-05,9.351686784392589
9410,vleermuizen,61,pas,4.4281377995503135e-06,12.327531423559122
9411,vleermuizen,61,na,0.00018291498417966068,8.606489080391944
9412,vleermuizen,61,enige,0.0005283210193738341,7.545806467771482
9413,vleermuizen,61,jaren,2.357151345222519e-07,15.26064181811009
9414,vleermuizen,61,geslachtsrijp,1.2455654541554395e-05,11.293335858117565
9415,vleermuizen,61,",",0.05660642310976982,2.871632817706885
9416,vleermuizen,61,en,0.0014406226109713316,6.542679890108562
9417,vleermuizen,61,een,2.5509684746793937e-06,12.879037476905502
9418,vleermuizen,61,worp,0.001063697156496346,6.846004555929795
9419,vleermuizen,61,"
",0.000529050303157419,7.544427039592022
9420,vleermuizen,61,bestaat,0.0004959870129823685,7.60896081508543
9421,vleermuizen,61,vaak,0.00025323170120827854,8.281205673287014
9422,vleermuizen,61,uit,0.00033405201975256205,8.004213829352835
9423,vleermuizen,61,niet,0.0010820763418450952,6.828873544812907
9424,vleermuizen,61,meer,0.0007049483829177916,7.257385973551852
9425,vleermuizen,61,dan,0.00020205490000080317,8.506971115306962
9426,vleermuizen,61,één,4.442105364432791e-06,12.324382112729952
9427,vleermuizen,61,jong,8.824631549941842e-06,11.637963706731304
9428,vleermuizen,61,.,0.025361591950058937,3.6745193773273686
9429,vleermuizen,63,de,0.00021254847524687648,8.456340476806112
9430,vleermuizen,63,beschadiging,1.1608080058067571e-05,11.363809145605035
9431,vleermuizen,63,van,3.976910738856532e-05,10.132420143337379
9432,vleermuizen,63,hun,2.4639657425495898e-08,17.518908601563787
9433,vleermuizen,63,habitat,5.570353778239223e-07,14.40063708409191
9434,vleermuizen,63,(,0.007087515201419592,4.94942046510946
9435,vleermuizen,63,habitatverlies,0.0024308941792696714,6.019496114307784
9436,vleermuizen,63,),0.21656063199043274,1.52988471536472
9437,vleermuizen,63,is,9.157651220448315e-05,9.298335736146269
9438,vleermuizen,63,"
",0.0023508069571107626,6.052996623764971
9439,vleermuizen,63,vleermuisbescherming,0.003994937054812908,5.522727455879789
9440,vleermuizen,63,nodig,2.235732063127216e-05,10.708356745512495
9441,vleermuizen,63,.,0.022542424499988556,3.7923562118255623
9442,vleermuizen,64,roestplaatsen,5.16494901603437e-06,12.173615326489916
9443,vleermuizen,64,overdag,1.474310556659475e-05,11.124735003666775
9444,vleermuizen,64,(,0.0006688207504339516,7.309994470308536
9445,vleermuizen,64,holle,3.7460995372384787e-05,10.192210289694708
9446,vleermuizen,64,bomen,0.0012597482418641448,6.676843386027366
9447,vleermuizen,64,),0.14798709750175476,1.9106301880605332
9448,vleermuizen,64,en,0.003013563109561801,5.804632142980123
9449,vleermuizen,64,"
",0.006454262882471085,5.0430144544695965
9450,vleermuizen,64,goede,0.0007486570393666625,7.19722957067759
9451,vleermuizen,64,overwinteringsplaatsen,2.965341082017403e-05,10.425933403043125
9452,vleermuizen,64,",",0.021945197135210037,3.8192069727330495
9453,vleermuizen,64,met,0.00013760653382632881,8.891112149389398
9454,vleermuizen,64,zeer,0.005808528512716293,5.148428008231144
9455,vleermuizen,64,weinig,0.004626581445336342,5.375937032337123
9456,vleermuizen,64,verstoring,0.0006500392337329686,7.338477837306976
9457,vleermuizen,64,",",0.10519517958164215,2.251937801195643
9458,vleermuizen,64,veiligheid,0.002281744731590152,6.082814895503819
9459,vleermuizen,64,"
",0.02167557179927826,3.831569376073954
9460,vleermuizen,64,voor,0.0045032864436507225,5.402947827949062
9461,vleermuizen,64,roofdieren,0.0017697155708447099,6.336936439747151
9462,vleermuizen,64,en,0.00958171859383583,4.647898309159951
9463,vleermuizen,64,de,0.0018000637646764517,6.3199331898872115
9464,vleermuizen,64,mens,2.9907228963566013e-05,10.417410335432894
9465,vleermuizen,64,en,0.01315688993781805,4.330809707928093
9466,vleermuizen,64,een,2.1878287952858955e-05,10.730015830599065
9467,vleermuizen,64,temperatuur,2.9034714316367172e-05,10.447018398473421
9468,vleermuizen,64,die,8.658635488245636e-05,9.354368319678242
9469,vleermuizen,64,'s,3.90570676245261e-05,10.15048670895075
9470,vleermuizen,64,winters,0.004963036626577377,5.30573750247713
9471,vleermuizen,64,niet,0.003207130590453744,5.742378638659343
9472,vleermuizen,64,onder,0.00013266454334370792,8.927686846422953
9473,vleermuizen,64,"
",0.06813743710517883,2.6862284796495284
9474,vleermuizen,64,het,0.0003371478815097362,7.994988906327861
9475,vleermuizen,64,vriespunt,0.004397686570882797,5.426676655673169
9476,vleermuizen,64,zakt,0.004371777642518282,5.4325855694035265
9477,vleermuizen,64,",",0.008468440733850002,4.7714088800811565
9478,vleermuizen,64,zijn,0.006781565025448799,4.9935473739547
9479,vleermuizen,64,schaars,0.0013513073790818453,6.606682726207071
9480,vleermuizen,64,.,0.002416687784716487,6.02535736031847
9481,vleermuizen,65,cultuur,3.4706899896264076e-05,10.268572046505623
9482,vleermuizen,65,gebrachte,8.802525371720549e-06,11.64047190359014
9483,vleermuizen,65,landschappen,2.762224175967276e-05,10.496889248914982
9484,vleermuizen,65,"
",0.02083711139857769,3.8710196802175654
9485,vleermuizen,65,worden,3.379664121894166e-06,12.597734225627754
9486,vleermuizen,65,vaak,2.7568103178055026e-05,10.498851135511044
9487,vleermuizen,65,armer,2.0529616449493915e-05,10.793642009548579
9488,vleermuizen,65,aan,9.577614036970772e-06,11.556082053684907
9489,vleermuizen,65,insecten,4.5738495828118175e-05,9.992570255172327
9490,vleermuizen,65,.,0.051069069653749466,2.9745762555680266
9491,vleermuizen,66,vleermuizen,0.0002767325204331428,8.192459148503392
9492,vleermuizen,66,hebben,0.001838303287513554,6.298912259132623
9493,vleermuizen,66,om,6.538368324982002e-05,9.635237822222292
9494,vleermuizen,66,zich,0.0004758613067679107,7.650384118526342
9495,vleermuizen,66,te,0.014054768718779087,4.264793530199867
9496,vleermuizen,66,"
",0.026154473423957825,3.6437350352638638
9497,vleermuizen,66,oriënteren,1.4597403605876025e-06,13.437251973272556
9498,vleermuizen,66,',0.00503913126885891,5.290521579045707
9499,vleermuizen,66,corridors,3.5930759167968063e-07,14.839087013966711
9500,vleermuizen,66,',0.22239476442337036,1.5033012581446334
9501,vleermuizen,66,nodig,5.200900432100752e-06,12.166678787347983
9502,vleermuizen,66,van,0.0002427591971354559,8.323440564237812
9503,vleermuizen,66,heggen,0.0011471626348793507,6.770463659361218
9504,vleermuizen,66,of,0.0008377176127396524,7.084829491909559
9505,vleermuizen,66,bomenrijen,0.005960410926491022,5.122615852883818
9506,vleermuizen,66,om,0.014297074638307095,4.247700333391481
9507,vleermuizen,66,zich,0.2329074740409851,1.4571140114045846
9508,vleermuizen,66,over,1.3443782336253207e-06,13.51957893162721
9509,vleermuizen,66,"
",0.01526429783552885,4.182238652180874
9510,vleermuizen,66,grotere,0.0001636832457734272,8.717577425963514
9511,vleermuizen,66,afstanden,0.0003630479041021317,7.920975765182828
9512,vleermuizen,66,te,0.00010866335651371628,9.127255927259856
9513,vleermuizen,66,kunnen,4.1991374018834904e-05,10.0780463412783
9514,vleermuizen,66,verplaatsen,0.0024044117890298367,6.030449983704551
9515,vleermuizen,66,:,3.0401039111893624e-05,10.401033768823975
9516,vleermuizen,66,ze,7.708975317655131e-05,9.47054018925525
9517,vleermuizen,66,begeven,7.153407750593033e-06,11.847921706325552
9518,vleermuizen,66,zich,0.0030907411128282547,5.779344374490818
9519,vleermuizen,66,niet,0.007652827072888613,4.8726801473996355
9520,vleermuizen,66,graag,0.000621292507275939,7.383708560719576
9521,vleermuizen,66,ver,0.0010599523084238172,6.849531363923337
9522,vleermuizen,66,"
",0.043431952595710754,3.136559873839549
9523,vleermuizen,66,van,0.003929277416318655,5.539299733538088
9524,vleermuizen,66,een,1.6223037164309062e-05,11.029078278697913
9525,vleermuizen,66,peilbaar,0.00010024380753748119,9.207905263885142
9526,vleermuizen,66,echobaken,3.6497978726401925e-05,10.218253676268063
9527,vleermuizen,66,.,0.02015974000096321,3.904067732639752
9528,vleermuizen,67,de,6.649830902460963e-05,9.618334038827127
9529,vleermuizen,67,Europese,3.5399493754084688e-06,12.551398131652919
9530,vleermuizen,67,Unie,0.0007061595097184181,7.255669411545024
9531,vleermuizen,67,zijn,0.00016288628103211522,8.722458263016822
9532,vleermuizen,67,alle,3.587665923987515e-05,10.23542363436516
9533,vleermuizen,67,soorten,2.7782007236965e-06,12.793707061492011
9534,vleermuizen,67,bij,0.00045752336154691875,7.689682611061861
9535,vleermuizen,67,"
",0.0017833014717325568,6.329288873220128
9536,vleermuizen,67,wet,2.957128572234069e-06,12.731291837405415
9537,vleermuizen,67,beschermd,0.0002333454613108188,8.362990535893372
9538,vleermuizen,67,.,0.004741520620882511,5.351397388629067
9539,vleermuizen,67,"
",1.049526758833963e-06,13.767171201265679
9540,waarom_de_reuzen_in_limburg_zijn_uitgestorven,1,weet,2.6123023417312652e-05,10.55269350920902
9541,waarom_de_reuzen_in_limburg_zijn_uitgestorven,1,het,2.223343471996486e-06,13.01649842659689
9542,waarom_de_reuzen_in_limburg_zijn_uitgestorven,1,",",0.1593467742204666,1.836672481684428
9543,waarom_de_reuzen_in_limburg_zijn_uitgestorven,1,dat,1.1633420626822044e-06,13.664213606707916
9544,waarom_de_reuzen_in_limburg_zijn_uitgestorven,1,ons,0.0001625923760002479,8.7242642500172
9545,waarom_de_reuzen_in_limburg_zijn_uitgestorven,1,land,0.00035788133391179144,7.935309096031873
9546,waarom_de_reuzen_in_limburg_zijn_uitgestorven,1,vroeger,0.0011226283386349678,6.792082612023709
9547,waarom_de_reuzen_in_limburg_zijn_uitgestorven,1,door,3.281666067778133e-05,10.324574224042502
9548,waarom_de_reuzen_in_limburg_zijn_uitgestorven,1,reuzen,0.00031046068761497736,8.077453274542115
9549,waarom_de_reuzen_in_limburg_zijn_uitgestorven,1,werd,0.0037853701505810022,5.576611602797371
9550,waarom_de_reuzen_in_limburg_zijn_uitgestorven,1,bewoond,0.0004210940678603947,7.772654310142365
9551,waarom_de_reuzen_in_limburg_zijn_uitgestorven,1,.,0.03067575953900814,3.4842825278438454
9552,waarom_de_reuzen_in_limburg_zijn_uitgestorven,2,waren,0.0007997221546247602,7.131246197340343
9553,waarom_de_reuzen_in_limburg_zijn_uitgestorven,2,"
",0.024124693125486374,3.724519352025083
9554,waarom_de_reuzen_in_limburg_zijn_uitgestorven,2,reuzen,0.00024397132801823318,8.318459847697687
9555,waarom_de_reuzen_in_limburg_zijn_uitgestorven,2,in,0.00011428562720539048,9.076809741304784
9556,waarom_de_reuzen_in_limburg_zijn_uitgestorven,2,Drenthe,3.849884160445072e-05,10.164882405319279
9557,waarom_de_reuzen_in_limburg_zijn_uitgestorven,2,",",0.02543194591999054,3.6717491818311285
9558,waarom_de_reuzen_in_limburg_zijn_uitgestorven,2,die,0.0002346574328839779,8.35738383975429
9559,waarom_de_reuzen_in_limburg_zijn_uitgestorven,2,hebben,0.00018569633539300412,8.591397823817543
9560,waarom_de_reuzen_in_limburg_zijn_uitgestorven,2,de,0.0015058163553476334,6.498420099040209
9561,waarom_de_reuzen_in_limburg_zijn_uitgestorven,2,Hunebedden,0.005901596043258905,5.132532448846673
9562,waarom_de_reuzen_in_limburg_zijn_uitgestorven,2,gebouwd,0.0001201142295030877,9.027067355437909
9563,waarom_de_reuzen_in_limburg_zijn_uitgestorven,2,.,0.011118128895759583,4.499178269087627
9564,waarom_de_reuzen_in_limburg_zijn_uitgestorven,3,waren,0.0007997221546247602,7.131246197340343
9565,waarom_de_reuzen_in_limburg_zijn_uitgestorven,3,reuzen,0.0012335649225860834,6.697846990557802
9566,waarom_de_reuzen_in_limburg_zijn_uitgestorven,3,op,0.00012572632113005966,8.981403067867921
9567,waarom_de_reuzen_in_limburg_zijn_uitgestorven,3,"
",0.0026696473360061646,5.925808899186647
9568,waarom_de_reuzen_in_limburg_zijn_uitgestorven,3,de,0.0004102904349565506,7.798645271104344
9569,waarom_de_reuzen_in_limburg_zijn_uitgestorven,3,Veluwe,0.0002578243729658425,8.263231929779673
9570,waarom_de_reuzen_in_limburg_zijn_uitgestorven,3,",",0.12704230844974518,2.06323511060192
9571,waarom_de_reuzen_in_limburg_zijn_uitgestorven,3,die,5.618631621473469e-05,9.786837314435186
9572,waarom_de_reuzen_in_limburg_zijn_uitgestorven,3,hebben,0.0003049137012567371,8.095481768093055
9573,waarom_de_reuzen_in_limburg_zijn_uitgestorven,3,daar,0.00017838361964095384,8.631574160189999
9574,waarom_de_reuzen_in_limburg_zijn_uitgestorven,3,de,0.0563327893614769,2.8764785090789395
9575,waarom_de_reuzen_in_limburg_zijn_uitgestorven,3,hooge,0.00047119951341301203,7.660228958282328
9576,waarom_de_reuzen_in_limburg_zijn_uitgestorven,3,bergen,9.476016566623002e-05,9.264161430403478
9577,waarom_de_reuzen_in_limburg_zijn_uitgestorven,3,neergegooid,0.00032621054560877383,8.027967539640283
9578,waarom_de_reuzen_in_limburg_zijn_uitgestorven,3,.,0.02955779805779457,3.5214076762790474
9579,waarom_de_reuzen_in_limburg_zijn_uitgestorven,4,waren,0.0007997221546247602,7.131246197340343
9580,waarom_de_reuzen_in_limburg_zijn_uitgestorven,4,reuzen,0.0012335649225860834,6.697846990557802
9581,waarom_de_reuzen_in_limburg_zijn_uitgestorven,4,"
",0.023152703419327736,3.765643726895269
9582,waarom_de_reuzen_in_limburg_zijn_uitgestorven,4,bij,0.00020951175247319043,8.47073072245144
9583,waarom_de_reuzen_in_limburg_zijn_uitgestorven,4,Hilligersberg,0.0002590521762613207,8.258481063807205
9584,waarom_de_reuzen_in_limburg_zijn_uitgestorven,4,;,0.0023955944925546646,6.034123856560303
9585,waarom_de_reuzen_in_limburg_zijn_uitgestorven,4,reuzen,0.0009604549850337207,6.948103443034322
9586,waarom_de_reuzen_in_limburg_zijn_uitgestorven,4,in,0.0003333652566652745,8.006271802240077
9587,waarom_de_reuzen_in_limburg_zijn_uitgestorven,4,Holland,0.03145082667469978,3.459330010817079
9588,waarom_de_reuzen_in_limburg_zijn_uitgestorven,4,en,0.00269117159768939,5.917778642013115
9589,waarom_de_reuzen_in_limburg_zijn_uitgestorven,4,Friesland,0.0022236802615225315,6.10859168023033
9590,waarom_de_reuzen_in_limburg_zijn_uitgestorven,4,.,0.003863484365865588,5.556185817223493
9591,waarom_de_reuzen_in_limburg_zijn_uitgestorven,6,Haarlem,1.4024452639205265e-06,13.477293227818798
9592,waarom_de_reuzen_in_limburg_zijn_uitgestorven,6,leefde,8.750821143621579e-05,9.343777924018546
9593,waarom_de_reuzen_in_limburg_zijn_uitgestorven,6,een,2.6262876417604275e-05,10.547354159002799
9594,waarom_de_reuzen_in_limburg_zijn_uitgestorven,6,reuzin,0.00020862430392298847,8.474975512486399
9595,waarom_de_reuzen_in_limburg_zijn_uitgestorven,6,",",0.052408501505851746,2.948686458336941
9596,waarom_de_reuzen_in_limburg_zijn_uitgestorven,6,Walberech,1.272021108889021e-05,11.272318405151456
9597,waarom_de_reuzen_in_limburg_zijn_uitgestorven,6,was,4.796295797859784e-06,12.247666646750142
9598,waarom_de_reuzen_in_limburg_zijn_uitgestorven,6,haar,0.001762219937518239,6.341180936602775
9599,waarom_de_reuzen_in_limburg_zijn_uitgestorven,6,naam,0.0007366934441961348,7.213338703193703
9600,waarom_de_reuzen_in_limburg_zijn_uitgestorven,6,.,0.029695183038711548,3.516770433576027
9601,waarom_de_reuzen_in_limburg_zijn_uitgestorven,7,was,2.914046672231052e-05,10.443382740773986
9602,waarom_de_reuzen_in_limburg_zijn_uitgestorven,7,voor,8.832521416479722e-06,11.637070032980164
9603,waarom_de_reuzen_in_limburg_zijn_uitgestorven,7,haar,0.0009900809964165092,6.917723803620137
9604,waarom_de_reuzen_in_limburg_zijn_uitgestorven,7,"
",0.0076607936061918736,4.871639696654657
9605,waarom_de_reuzen_in_limburg_zijn_uitgestorven,7,doen,0.0001903991069411859,8.566388126052958
9606,waarom_de_reuzen_in_limburg_zijn_uitgestorven,7,nogal,0.0002673428680282086,8.226978573460954
9607,waarom_de_reuzen_in_limburg_zijn_uitgestorven,7,groot,0.005267295520752668,5.2462382320707
9608,waarom_de_reuzen_in_limburg_zijn_uitgestorven,7,.,0.044365279376506805,3.1152981114869656
9609,waarom_de_reuzen_in_limburg_zijn_uitgestorven,8,één,1.4718717466166709e-05,11.126390577116618
9610,waarom_de_reuzen_in_limburg_zijn_uitgestorven,8,stap,1.389892895531375e-05,11.183698774370958
9611,waarom_de_reuzen_in_limburg_zijn_uitgestorven,8,stak,0.0002276266022818163,8.387803980811935
9612,waarom_de_reuzen_in_limburg_zijn_uitgestorven,8,zij,0.0014386307448148727,6.544063489415803
9613,waarom_de_reuzen_in_limburg_zijn_uitgestorven,8,de,0.0011384444078430533,6.7780925029517
9614,waarom_de_reuzen_in_limburg_zijn_uitgestorven,8,Noordzee,1.0930503776762635e-05,11.423953165642876
9615,waarom_de_reuzen_in_limburg_zijn_uitgestorven,8,over,1.300246822211193e-05,11.250371355285102
9616,waarom_de_reuzen_in_limburg_zijn_uitgestorven,8,",",0.00962915550917387,4.64295975076884
9617,waarom_de_reuzen_in_limburg_zijn_uitgestorven,8,en,0.000888071721419692,7.026458050869094
9618,waarom_de_reuzen_in_limburg_zijn_uitgestorven,8,eens,9.49450350162806e-06,11.564797505575061
9619,waarom_de_reuzen_in_limburg_zijn_uitgestorven,8,",",0.0009382952121086419,6.971445933411075
9620,waarom_de_reuzen_in_limburg_zijn_uitgestorven,8,toen,0.0009953607805073261,6.912405293052109
9621,waarom_de_reuzen_in_limburg_zijn_uitgestorven,8,"
",0.007636107970029116,4.874867233612901
9622,waarom_de_reuzen_in_limburg_zijn_uitgestorven,8,roovers,0.00029934084159322083,8.113927695371197
9623,waarom_de_reuzen_in_limburg_zijn_uitgestorven,8,haar,0.0006094126147218049,7.403014991394216
9624,waarom_de_reuzen_in_limburg_zijn_uitgestorven,8,vee,0.002808020915836096,5.875275344186735
9625,waarom_de_reuzen_in_limburg_zijn_uitgestorven,8,hadden,3.467278656898998e-05,10.269555427427653
9626,waarom_de_reuzen_in_limburg_zijn_uitgestorven,8,geroofd,0.0004791227402165532,7.6435537507546085
9627,waarom_de_reuzen_in_limburg_zijn_uitgestorven,8,",",0.015936104580760002,4.139168015613738
9628,waarom_de_reuzen_in_limburg_zijn_uitgestorven,8,en,0.007070115301758051,4.951878490612856
9629,waarom_de_reuzen_in_limburg_zijn_uitgestorven,8,al,9.165298251900822e-05,9.29750104172024
9630,waarom_de_reuzen_in_limburg_zijn_uitgestorven,8,een,5.282092752167955e-05,9.84860309120252
9631,waarom_de_reuzen_in_limburg_zijn_uitgestorven,8,nacht,0.007491806987673044,4.893945257189034
9632,waarom_de_reuzen_in_limburg_zijn_uitgestorven,8,zeilens,0.0012105278437957168,6.716698779954197
9633,waarom_de_reuzen_in_limburg_zijn_uitgestorven,8,verder,0.0008747057872824371,7.041622971254834
9634,waarom_de_reuzen_in_limburg_zijn_uitgestorven,8,waren,0.004835442639887333,5.331782605169552
9635,waarom_de_reuzen_in_limburg_zijn_uitgestorven,8,",",0.18116751313209534,1.7083331887976236
9636,waarom_de_reuzen_in_limburg_zijn_uitgestorven,8,"
",0.0003831054491456598,7.86720028253826
9637,waarom_de_reuzen_in_limburg_zijn_uitgestorven,8,bereikte,0.00014352283324114978,8.849016418759247
9638,waarom_de_reuzen_in_limburg_zijn_uitgestorven,8,ze,0.0006544541683979332,7.33170900043224
9639,waarom_de_reuzen_in_limburg_zijn_uitgestorven,8,hun,6.523603701680258e-07,14.242668712728788
9640,waarom_de_reuzen_in_limburg_zijn_uitgestorven,8,schip,0.00040420438745059073,7.81358989840104
9641,waarom_de_reuzen_in_limburg_zijn_uitgestorven,8,in,0.0003803769068326801,7.87434793672604
9642,waarom_de_reuzen_in_limburg_zijn_uitgestorven,8,één,2.0507410226855427e-05,10.79472426265532
9643,waarom_de_reuzen_in_limburg_zijn_uitgestorven,8,schrede,0.0001126217539422214,9.091475664273803
9644,waarom_de_reuzen_in_limburg_zijn_uitgestorven,8,",",0.2166326493024826,1.5295522203061707
9645,waarom_de_reuzen_in_limburg_zijn_uitgestorven,8,nam,7.703919254709035e-05,9.4711962714861
9646,waarom_de_reuzen_in_limburg_zijn_uitgestorven,8,'t,0.0003888701612595469,7.852265045743728
9647,waarom_de_reuzen_in_limburg_zijn_uitgestorven,8,met,5.733896978199482e-05,9.766530064499985
9648,waarom_de_reuzen_in_limburg_zijn_uitgestorven,8,één,6.090783790568821e-05,9.70614869028689
9649,waarom_de_reuzen_in_limburg_zijn_uitgestorven,8,van,0.00013565718836616725,8.905379528253281
9650,waarom_de_reuzen_in_limburg_zijn_uitgestorven,8,haar,0.0005813120515085757,7.4502228514770765
9651,waarom_de_reuzen_in_limburg_zijn_uitgestorven,8,vingers,0.0016278426628559828,6.42049966050952
9652,waarom_de_reuzen_in_limburg_zijn_uitgestorven,8,"
",0.09627089649438858,2.340589222943229
9653,waarom_de_reuzen_in_limburg_zijn_uitgestorven,8,op,0.0047936891205608845,5.340454992681969
9654,waarom_de_reuzen_in_limburg_zijn_uitgestorven,8,",",0.0013441554037854075,6.611989415749036
9655,waarom_de_reuzen_in_limburg_zijn_uitgestorven,8,en,0.02480638027191162,3.696654389870508
9656,waarom_de_reuzen_in_limburg_zijn_uitgestorven,8,wierp,0.0042195566929876804,5.468025205507307
9657,waarom_de_reuzen_in_limburg_zijn_uitgestorven,8,het,8.46986222313717e-05,9.376411222892264
9658,waarom_de_reuzen_in_limburg_zijn_uitgestorven,8,in,0.0009388623293489218,6.9708417036168155
9659,waarom_de_reuzen_in_limburg_zijn_uitgestorven,8,de,0.03069588728249073,3.4836265981027785
9660,waarom_de_reuzen_in_limburg_zijn_uitgestorven,8,lucht,0.00010300234134774655,9.180758838461475
9661,waarom_de_reuzen_in_limburg_zijn_uitgestorven,8,.,0.02234678715467453,3.801072719724493
9662,waarom_de_reuzen_in_limburg_zijn_uitgestorven,9,alle,3.2464213290950283e-05,10.335372204826305
9663,waarom_de_reuzen_in_limburg_zijn_uitgestorven,9,roovers,1.77853291916108e-06,13.23972173622058
9664,waarom_de_reuzen_in_limburg_zijn_uitgestorven,9,dood,6.170447886688635e-05,9.693154038652098
9665,waarom_de_reuzen_in_limburg_zijn_uitgestorven,9,waren,0.0013286845060065389,6.623565919452132
9666,waarom_de_reuzen_in_limburg_zijn_uitgestorven,9,",",0.016870303079485893,4.082200416996671
9667,waarom_de_reuzen_in_limburg_zijn_uitgestorven,9,at,1.7758768080966547e-05,10.938631187616542
9668,waarom_de_reuzen_in_limburg_zijn_uitgestorven,9,ze,6.018948261043988e-05,9.718012928380402
9669,waarom_de_reuzen_in_limburg_zijn_uitgestorven,9,hen,0.002014666562899947,6.207301574745407
9670,waarom_de_reuzen_in_limburg_zijn_uitgestorven,9,"
",0.0069298334419727325,4.971919500416524
9671,waarom_de_reuzen_in_limburg_zijn_uitgestorven,9,met,4.9215948820346966e-05,9.919292823980308
9672,waarom_de_reuzen_in_limburg_zijn_uitgestorven,9,huid,6.618467978114495e-06,11.925646638043393
9673,waarom_de_reuzen_in_limburg_zijn_uitgestorven,9,en,0.011100753210484982,4.500742316165568
9674,waarom_de_reuzen_in_limburg_zijn_uitgestorven,9,haar,0.00013910263078287244,8.880298546324633
9675,waarom_de_reuzen_in_limburg_zijn_uitgestorven,9,",",0.04009300842881203,3.2165533132671427
9676,waarom_de_reuzen_in_limburg_zijn_uitgestorven,9,nam,3.321192707517184e-05,10.312601497304229
9677,waarom_de_reuzen_in_limburg_zijn_uitgestorven,9,haar,0.00021336525969672948,8.452505026647414
9678,waarom_de_reuzen_in_limburg_zijn_uitgestorven,9,kudde,0.00041505167610011995,7.787107524762457
9679,waarom_de_reuzen_in_limburg_zijn_uitgestorven,9,mede,9.040110853675287e-06,11.613839121060673
9680,waarom_de_reuzen_in_limburg_zijn_uitgestorven,9,",",0.06446591764688492,2.7416186034128485
9681,waarom_de_reuzen_in_limburg_zijn_uitgestorven,9,en,0.006816280074417591,4.988441399569043
9682,waarom_de_reuzen_in_limburg_zijn_uitgestorven,9,kwam,0.0006790623301640153,7.29479763761717
9683,waarom_de_reuzen_in_limburg_zijn_uitgestorven,9,weer,0.0023456932976841927,6.055174271447267
9684,waarom_de_reuzen_in_limburg_zijn_uitgestorven,9,behouden,0.0012249452993273735,6.704859089592756
9685,waarom_de_reuzen_in_limburg_zijn_uitgestorven,9,aan,0.0007838471792638302,7.151296481022478
9686,waarom_de_reuzen_in_limburg_zijn_uitgestorven,9,land,7.869885848776903e-06,11.752467000242836
9687,waarom_de_reuzen_in_limburg_zijn_uitgestorven,9,.,0.07161407172679901,2.6364636918283253
9688,waarom_de_reuzen_in_limburg_zijn_uitgestorven,9,"
",1.80538663698826e-05,10.922150692806044
9689,waarom_de_reuzen_in_limburg_zijn_uitgestorven,10,koeien,3.423814831648997e-08,17.189925366676984
9690,waarom_de_reuzen_in_limburg_zijn_uitgestorven,10,had,3.290668610134162e-05,10.321834695875554
9691,waarom_de_reuzen_in_limburg_zijn_uitgestorven,10,ze,0.0037070377729833126,5.597522165228738
9692,waarom_de_reuzen_in_limburg_zijn_uitgestorven,10,onder,2.2930430532142054e-06,12.985630778331844
9693,waarom_de_reuzen_in_limburg_zijn_uitgestorven,10,den,0.0009186264360323548,6.992631007875361
9694,waarom_de_reuzen_in_limburg_zijn_uitgestorven,10,linkerarm,3.7191279261605814e-05,10.199436252619275
9695,waarom_de_reuzen_in_limburg_zijn_uitgestorven,10,",",0.010696275159716606,4.537859714035023
9696,waarom_de_reuzen_in_limburg_zijn_uitgestorven,10,de,0.004529497120529413,5.397144356570022
9697,waarom_de_reuzen_in_limburg_zijn_uitgestorven,10,paarden,3.319834286230616e-05,10.313010597073525
9698,waarom_de_reuzen_in_limburg_zijn_uitgestorven,10,onder,0.0003496874123811722,7.958470910021286
9699,waarom_de_reuzen_in_limburg_zijn_uitgestorven,10,den,0.2664545178413391,1.3225517147015788
9700,waarom_de_reuzen_in_limburg_zijn_uitgestorven,10,rechterarm,0.00019389938097447157,8.548171188219621
9701,waarom_de_reuzen_in_limburg_zijn_uitgestorven,10,en,0.003255072981119156,5.727540582338193
9702,waarom_de_reuzen_in_limburg_zijn_uitgestorven,10,"
",0.0030815196223556995,5.782332419788741
9703,waarom_de_reuzen_in_limburg_zijn_uitgestorven,10,de,0.0036615547724068165,5.6098674205673005
9704,waarom_de_reuzen_in_limburg_zijn_uitgestorven,10,schapen,4.956244447384961e-05,9.912277178895694
9705,waarom_de_reuzen_in_limburg_zijn_uitgestorven,10,liet,0.00010272609506500885,9.18344438309091
9706,waarom_de_reuzen_in_limburg_zijn_uitgestorven,10,ze,0.0005420583765953779,7.520136856428961
9707,waarom_de_reuzen_in_limburg_zijn_uitgestorven,10,op,0.0011123459553346038,6.801284020626298
9708,waarom_de_reuzen_in_limburg_zijn_uitgestorven,10,haar,0.0002731952117756009,8.205323956864857
9709,waarom_de_reuzen_in_limburg_zijn_uitgestorven,10,hoofd,0.0007836868753656745,7.151501011058991
9710,waarom_de_reuzen_in_limburg_zijn_uitgestorven,10,weiden,0.000602417450863868,7.414559913000658
9711,waarom_de_reuzen_in_limburg_zijn_uitgestorven,10,.,0.053542301058769226,2.927283263502504
9712,waarom_de_reuzen_in_limburg_zijn_uitgestorven,12,minder,0.00018300711235497147,8.605985540550378
9713,waarom_de_reuzen_in_limburg_zijn_uitgestorven,12,dan,1.7700174794299528e-05,10.941936043049099
9714,waarom_de_reuzen_in_limburg_zijn_uitgestorven,12,Picardt,2.2872659144468344e-07,15.290738470509364
9715,waarom_de_reuzen_in_limburg_zijn_uitgestorven,12,vertelt,1.3802319926981e-06,13.493258962273377
9716,waarom_de_reuzen_in_limburg_zijn_uitgestorven,12,al,0.0011088915634900331,6.804394354032933
9717,waarom_de_reuzen_in_limburg_zijn_uitgestorven,12,verhalen,0.0011262207990512252,6.788887676968329
9718,waarom_de_reuzen_in_limburg_zijn_uitgestorven,12,van,0.0003080663736909628,8.08519529921064
9719,waarom_de_reuzen_in_limburg_zijn_uitgestorven,12,deze,0.002916308119893074,5.8374368051596495
9720,waarom_de_reuzen_in_limburg_zijn_uitgestorven,12,reuzen,6.665281375717313e-07,14.221183481306932
9721,waarom_de_reuzen_in_limburg_zijn_uitgestorven,12,.,0.05264394357800484,2.9442040787756056
9722,waarom_de_reuzen_in_limburg_zijn_uitgestorven,12,"

",2.8974876840948127e-05,10.449081419275599
9723,waarom_de_reuzen_in_limburg_zijn_uitgestorven,13,zegt,9.070403734767751e-07,13.913078874617135
9724,waarom_de_reuzen_in_limburg_zijn_uitgestorven,13,",",0.12269549071788788,2.098049678406048
9725,waarom_de_reuzen_in_limburg_zijn_uitgestorven,13,dat,1.5482349908779725e-06,13.378394991424885
9726,waarom_de_reuzen_in_limburg_zijn_uitgestorven,13,er,2.8299464247538708e-05,10.472667684676656
9727,waarom_de_reuzen_in_limburg_zijn_uitgestorven,13,ongelijk,0.00033245154190808535,8.00901644711157
9728,waarom_de_reuzen_in_limburg_zijn_uitgestorven,13,meer,0.003933145198971033,5.538315868092631
9729,waarom_de_reuzen_in_limburg_zijn_uitgestorven,13,reuzen,0.0002590516523923725,8.258483086061892
9730,waarom_de_reuzen_in_limburg_zijn_uitgestorven,13,in,0.0003445033507887274,7.973406741030352
9731,waarom_de_reuzen_in_limburg_zijn_uitgestorven,13,deze,0.04857942834496498,3.024555122769133
9732,waarom_de_reuzen_in_limburg_zijn_uitgestorven,13,landen,4.410962617384939e-08,16.9365877977272
9733,waarom_de_reuzen_in_limburg_zijn_uitgestorven,13,hebben,0.004792871885001659,5.3406254887672135
9734,waarom_de_reuzen_in_limburg_zijn_uitgestorven,13,gewoond,0.00030839169630780816,8.084139841709543
9735,waarom_de_reuzen_in_limburg_zijn_uitgestorven,13,",",0.016716398298740387,4.091365107285003
9736,waarom_de_reuzen_in_limburg_zijn_uitgestorven,13,dan,0.0023685104679316282,6.045494015964201
9737,waarom_de_reuzen_in_limburg_zijn_uitgestorven,13,"
",0.001696250750683248,6.379334904260689
9738,waarom_de_reuzen_in_limburg_zijn_uitgestorven,13,er,0.005664743948727846,5.173493584336049
9739,waarom_de_reuzen_in_limburg_zijn_uitgestorven,13,steenhoopen,7.607040970469825e-07,14.089021389067055
9740,waarom_de_reuzen_in_limburg_zijn_uitgestorven,13,gevonden,0.000515348685439676,7.570666827295483
9741,waarom_de_reuzen_in_limburg_zijn_uitgestorven,13,worden,1.8326914869248867e-05,10.907139820739511
9742,waarom_de_reuzen_in_limburg_zijn_uitgestorven,13,.,0.22688741981983185,1.4833013324538422
9743,waarom_de_reuzen_in_limburg_zijn_uitgestorven,14,in,0.00021064523025415838,8.465335212785597
9744,waarom_de_reuzen_in_limburg_zijn_uitgestorven,14,sommige,2.9213804737082683e-05,10.440869195439602
9745,waarom_de_reuzen_in_limburg_zijn_uitgestorven,14,landen,1.550829801999498e-05,11.074135321162332
9746,waarom_de_reuzen_in_limburg_zijn_uitgestorven,14,heeft,4.81223594306357e-07,14.546933821823577
9747,waarom_de_reuzen_in_limburg_zijn_uitgestorven,14,men,7.528840797021985e-05,9.49418437962771
9748,waarom_de_reuzen_in_limburg_zijn_uitgestorven,14,geen,8.804812387097627e-05,9.337627030790507
9749,waarom_de_reuzen_in_limburg_zijn_uitgestorven,14,"
",0.006987891159951687,4.9635764621104315
9750,waarom_de_reuzen_in_limburg_zijn_uitgestorven,14,steenen,0.00048052112106233835,7.640639374094721
9751,waarom_de_reuzen_in_limburg_zijn_uitgestorven,14,",",0.016763221472501755,4.088567990435441
9752,waarom_de_reuzen_in_limburg_zijn_uitgestorven,14,terwijl,0.0003428804047871381,7.9781288456892545
9753,waarom_de_reuzen_in_limburg_zijn_uitgestorven,14,er,2.0168517949059606e-05,10.811387686681947
9754,waarom_de_reuzen_in_limburg_zijn_uitgestorven,14,evenwel,1.6598454749328084e-05,11.006200954324552
9755,waarom_de_reuzen_in_limburg_zijn_uitgestorven,14,reuzengebeentes,9.146163210971281e-05,9.299590994827843
9756,waarom_de_reuzen_in_limburg_zijn_uitgestorven,14,met,0.0008422319078817964,7.079455156606697
9757,waarom_de_reuzen_in_limburg_zijn_uitgestorven,14,lang,0.00018051773076876998,8.6196815536098
9758,waarom_de_reuzen_in_limburg_zijn_uitgestorven,14,haar,1.6931628124439158e-05,10.986327198431313
9759,waarom_de_reuzen_in_limburg_zijn_uitgestorven,14,uit,0.0015142438933253288,6.492839044916151
9760,waarom_de_reuzen_in_limburg_zijn_uitgestorven,14,de,0.004326839465647936,5.442917919040545
9761,waarom_de_reuzen_in_limburg_zijn_uitgestorven,14,aarde,9.924417827278376e-05,9.217927297318546
9762,waarom_de_reuzen_in_limburg_zijn_uitgestorven,14,"
",0.10158436000347137,2.2868656926609745
9763,waarom_de_reuzen_in_limburg_zijn_uitgestorven,14,zijn,0.0062551372684538364,5.074352189907763
9764,waarom_de_reuzen_in_limburg_zijn_uitgestorven,14,gegraven,0.0017864875262603164,6.32750386274723
9765,waarom_de_reuzen_in_limburg_zijn_uitgestorven,14,.,0.10146459192037582,2.2880453894370545
9766,waarom_de_reuzen_in_limburg_zijn_uitgestorven,15,Westerborg,4.8452584167080204e-08,16.84268016325015
9767,waarom_de_reuzen_in_limburg_zijn_uitgestorven,15,is,0.00046471506357192993,7.674086106707025
9768,waarom_de_reuzen_in_limburg_zijn_uitgestorven,15,dit,8.819916388347337e-07,13.941083260763767
9769,waarom_de_reuzen_in_limburg_zijn_uitgestorven,15,geschied,5.863928436156129e-07,14.349275890378157
9770,waarom_de_reuzen_in_limburg_zijn_uitgestorven,15,",",0.0004064254171680659,7.80811012141143
9771,waarom_de_reuzen_in_limburg_zijn_uitgestorven,15,te,1.922906085383147e-05,10.859087837110444
9772,waarom_de_reuzen_in_limburg_zijn_uitgestorven,15,Sneek,0.00034036830766126513,7.985482268827205
9773,waarom_de_reuzen_in_limburg_zijn_uitgestorven,15,in,0.0040138764306902885,5.517997813663238
9774,waarom_de_reuzen_in_limburg_zijn_uitgestorven,15,Friesland,0.0005366887780837715,7.530092188104297
9775,waarom_de_reuzen_in_limburg_zijn_uitgestorven,15,.,0.03521457687020302,3.3462951664695306
9776,waarom_de_reuzen_in_limburg_zijn_uitgestorven,16,"
",0.00250846310518682,5.988085022066478
9777,waarom_de_reuzen_in_limburg_zijn_uitgestorven,16,'t,6.246867997106165e-05,9.680845247287754
9778,waarom_de_reuzen_in_limburg_zijn_uitgestorven,16,jaar,2.4551087562940666e-07,15.219924590776932
9779,waarom_de_reuzen_in_limburg_zijn_uitgestorven,16,1488,8.853351755533367e-05,9.332129348211483
9780,waarom_de_reuzen_in_limburg_zijn_uitgestorven,16,(,0.0008191504748538136,7.107242761007254
9781,waarom_de_reuzen_in_limburg_zijn_uitgestorven,16,het,1.684109156485647e-05,10.991688731484981
9782,waarom_de_reuzen_in_limburg_zijn_uitgestorven,16,is,0.001045759185217321,6.863012164302753
9783,waarom_de_reuzen_in_limburg_zijn_uitgestorven,16,aan,0.00016648085147608072,8.700630261307156
9784,waarom_de_reuzen_in_limburg_zijn_uitgestorven,16,geen,2.9877393899369054e-05,10.418408420400064
9785,waarom_de_reuzen_in_limburg_zijn_uitgestorven,16,twijfel,7.745062248432077e-06,11.768455046886672
9786,waarom_de_reuzen_in_limburg_zijn_uitgestorven,16,onderhevig,0.00015284061373677105,8.786114919842923
9787,waarom_de_reuzen_in_limburg_zijn_uitgestorven,16,),0.15877093374729156,1.840292783778238
9788,waarom_de_reuzen_in_limburg_zijn_uitgestorven,16,spoelde,0.00014103685680311173,8.866489305977277
9789,waarom_de_reuzen_in_limburg_zijn_uitgestorven,16,er,0.004681115038692951,5.364218941300094
9790,waarom_de_reuzen_in_limburg_zijn_uitgestorven,16,op,0.004713617265224457,5.357299668849553
9791,waarom_de_reuzen_in_limburg_zijn_uitgestorven,16,het,0.00013799344014842063,8.888304409093273
9792,waarom_de_reuzen_in_limburg_zijn_uitgestorven,16,"
",0.009312466718256474,4.676401269161345
9793,waarom_de_reuzen_in_limburg_zijn_uitgestorven,16,eiland,0.0037490823306143284,5.586244180782824
9794,waarom_de_reuzen_in_limburg_zijn_uitgestorven,16,Terschelling,0.00015883025480434299,8.747674505860214
9795,waarom_de_reuzen_in_limburg_zijn_uitgestorven,16,een,0.00010678850958356634,9.144660225395056
9796,waarom_de_reuzen_in_limburg_zijn_uitgestorven,16,reuzenlichaam,0.0005149775533936918,7.571387243893737
9797,waarom_de_reuzen_in_limburg_zijn_uitgestorven,16,aan,0.0003836417745333165,7.865801319598288
9798,waarom_de_reuzen_in_limburg_zijn_uitgestorven,16,",",0.014651264995336533,4.223228599442276
9799,waarom_de_reuzen_in_limburg_zijn_uitgestorven,16,dat,0.000624167500063777,7.379091796026237
9800,waarom_de_reuzen_in_limburg_zijn_uitgestorven,16,door,9.411475184606388e-05,9.270995755901337
9801,waarom_de_reuzen_in_limburg_zijn_uitgestorven,16,den,0.002189433667808771,6.124112367770337
9802,waarom_de_reuzen_in_limburg_zijn_uitgestorven,16,vloed,0.007586181163787842,4.881426954668151
9803,waarom_de_reuzen_in_limburg_zijn_uitgestorven,16,uit,0.00012716054334305227,8.970060149022244
9804,waarom_de_reuzen_in_limburg_zijn_uitgestorven,16,zijn,0.002001402201130986,6.213907243512887
9805,waarom_de_reuzen_in_limburg_zijn_uitgestorven,16,"
",0.23740927875041962,1.4379697126907525
9806,waarom_de_reuzen_in_limburg_zijn_uitgestorven,16,graf,8.75014939083485e-06,11.64643978450223
9807,waarom_de_reuzen_in_limburg_zijn_uitgestorven,16,was,7.179639851528918e-06,11.844261336116384
9808,waarom_de_reuzen_in_limburg_zijn_uitgestorven,16,gerukt,0.0005809437716379762,7.450856584387837
9809,waarom_de_reuzen_in_limburg_zijn_uitgestorven,16,.,0.11783667653799057,2.138455710399354
9810,waarom_de_reuzen_in_limburg_zijn_uitgestorven,17,reuzen,0.00047474890016019344,7.652724524946088
9811,waarom_de_reuzen_in_limburg_zijn_uitgestorven,17,waren,0.0002560222055763006,8.270246376714029
9812,waarom_de_reuzen_in_limburg_zijn_uitgestorven,17,bekleed,1.93937466974603e-05,10.8505598790386
9813,waarom_de_reuzen_in_limburg_zijn_uitgestorven,17,met,7.991491293068975e-05,9.434548077668248
9814,waarom_de_reuzen_in_limburg_zijn_uitgestorven,17,vellen,6.282566027948633e-05,9.675146964769132
9815,waarom_de_reuzen_in_limburg_zijn_uitgestorven,17,van,4.224700387567282e-05,10.071977120860879
9816,waarom_de_reuzen_in_limburg_zijn_uitgestorven,17,dieren,0.0002797713386826217,8.181537935995365
9817,waarom_de_reuzen_in_limburg_zijn_uitgestorven,17,en,0.000981218065135181,6.926715834482424
9818,waarom_de_reuzen_in_limburg_zijn_uitgestorven,17,"
",0.006459864322096109,5.042146964179688
9819,waarom_de_reuzen_in_limburg_zijn_uitgestorven,17,gewapend,0.00040489636012353003,7.81187942453552
9820,waarom_de_reuzen_in_limburg_zijn_uitgestorven,17,met,8.094905933830887e-05,9.421690498188456
9821,waarom_de_reuzen_in_limburg_zijn_uitgestorven,17,knodsen,9.27010114537552e-05,9.286131174408244
9822,waarom_de_reuzen_in_limburg_zijn_uitgestorven,17,.,0.059472426772117615,2.8222424894354066
9823,waarom_de_reuzen_in_limburg_zijn_uitgestorven,18,ze,6.475688860518858e-05,9.644870475318479
9824,waarom_de_reuzen_in_limburg_zijn_uitgestorven,18,aten,2.3205629986478016e-05,10.671115636901106
9825,waarom_de_reuzen_in_limburg_zijn_uitgestorven,18,?,0.0037723728455603123,5.5800510735071995
9826,waarom_de_reuzen_in_limburg_zijn_uitgestorven,19,",",0.07013972848653793,2.657265905299298
9827,waarom_de_reuzen_in_limburg_zijn_uitgestorven,19,wolven,2.8048910394318227e-07,15.086730957860496
9828,waarom_de_reuzen_in_limburg_zijn_uitgestorven,19,",",0.25474491715431213,1.367492559367608
9829,waarom_de_reuzen_in_limburg_zijn_uitgestorven,19,leeuwen,0.0008020492387004197,7.128340557094045
9830,waarom_de_reuzen_in_limburg_zijn_uitgestorven,19,",",0.5021820664405823,0.6887925428911276
9831,waarom_de_reuzen_in_limburg_zijn_uitgestorven,19,elanden,7.575886411359534e-05,9.48795510241961
9832,waarom_de_reuzen_in_limburg_zijn_uitgestorven,19,",",0.7789358496665955,0.24982658609589006
9833,waarom_de_reuzen_in_limburg_zijn_uitgestorven,19,"
",2.7886648240382783e-05,10.487362541374607
9834,waarom_de_reuzen_in_limburg_zijn_uitgestorven,19,paarden,7.923811062937602e-05,9.443053180065638
9835,waarom_de_reuzen_in_limburg_zijn_uitgestorven,19,",",0.8603640794754028,0.15039963109394847
9836,waarom_de_reuzen_in_limburg_zijn_uitgestorven,19,wilde,0.014020231552422047,4.267253881647453
9837,waarom_de_reuzen_in_limburg_zijn_uitgestorven,19,zwijnen,4.1993738705059513e-05,10.077990029245166
9838,waarom_de_reuzen_in_limburg_zijn_uitgestorven,19,",",0.8271410465240479,0.18978004647654712
9839,waarom_de_reuzen_in_limburg_zijn_uitgestorven,19,herten,0.005093519575893879,5.279786218632639
9840,waarom_de_reuzen_in_limburg_zijn_uitgestorven,19,",",0.6924663782119751,0.3674955934177444
9841,waarom_de_reuzen_in_limburg_zijn_uitgestorven,19,reeën,2.7097712518298067e-05,10.516061242560143
9842,waarom_de_reuzen_in_limburg_zijn_uitgestorven,19,",",0.718458354473114,0.3306475369061426
9843,waarom_de_reuzen_in_limburg_zijn_uitgestorven,19,dassen,0.012245997786521912,4.4025561066775
9844,waarom_de_reuzen_in_limburg_zijn_uitgestorven,19,",",0.7690486907958984,0.2626009944511547
9845,waarom_de_reuzen_in_limburg_zijn_uitgestorven,19,vossen,0.02115034870803356,3.856098886248292
9846,waarom_de_reuzen_in_limburg_zijn_uitgestorven,19,",",0.7590126395225525,0.2757368488627765
9847,waarom_de_reuzen_in_limburg_zijn_uitgestorven,19,hazen,0.016232386231422424,4.12074688229725
9848,waarom_de_reuzen_in_limburg_zijn_uitgestorven,19,",",0.7190043926239014,0.329887811928012
9849,waarom_de_reuzen_in_limburg_zijn_uitgestorven,19,zwanen,0.01116253063082695,4.4951925887002435
9850,waarom_de_reuzen_in_limburg_zijn_uitgestorven,19,",",0.5425366163253784,0.6114997003145918
9851,waarom_de_reuzen_in_limburg_zijn_uitgestorven,19,"
",0.00010559563816059381,9.155893492842607
9852,waarom_de_reuzen_in_limburg_zijn_uitgestorven,19,raven,0.004632293246686459,5.374703231845231
9853,waarom_de_reuzen_in_limburg_zijn_uitgestorven,19,",",0.43629711866378784,0.8294318028996197
9854,waarom_de_reuzen_in_limburg_zijn_uitgestorven,19,ganzen,0.0002976050309371203,8.119743350117579
9855,waarom_de_reuzen_in_limburg_zijn_uitgestorven,19,en,0.0016737800324335694,6.392670717918334
9856,waarom_de_reuzen_in_limburg_zijn_uitgestorven,19,visch,8.642186912766192e-07,13.961439985267035
9857,waarom_de_reuzen_in_limburg_zijn_uitgestorven,19,!,0.0007472148281522095,7.199157826289096
9858,waarom_de_reuzen_in_limburg_zijn_uitgestorven,20,lang,1.8602122509037144e-06,13.194819963360509
9859,waarom_de_reuzen_in_limburg_zijn_uitgestorven,20,ze,6.081840183469467e-05,9.707618153030136
9860,waarom_de_reuzen_in_limburg_zijn_uitgestorven,20,leefden,3.607501639635302e-05,10.229909998797083
9861,waarom_de_reuzen_in_limburg_zijn_uitgestorven,20,?,0.0021408770699054003,6.146539688162019
9862,waarom_de_reuzen_in_limburg_zijn_uitgestorven,21,waren,0.0019061813363805413,6.262653338516686
9863,waarom_de_reuzen_in_limburg_zijn_uitgestorven,21,frissche,0.0001917518093250692,8.559308681907089
9864,waarom_de_reuzen_in_limburg_zijn_uitgestorven,21,en,0.00039417625521309674,7.83871240044015
9865,waarom_de_reuzen_in_limburg_zijn_uitgestorven,21,"
",0.020947955548763275,3.865714224547132
9866,waarom_de_reuzen_in_limburg_zijn_uitgestorven,21,sterke,4.972903298039455e-06,12.21150672381799
9867,waarom_de_reuzen_in_limburg_zijn_uitgestorven,21,lieden,2.366160333622247e-05,10.651656936020148
9868,waarom_de_reuzen_in_limburg_zijn_uitgestorven,21,",",0.0771341323852539,2.562209393584943
9869,waarom_de_reuzen_in_limburg_zijn_uitgestorven,21,en,0.0004890828859061003,7.622978582022574
9870,waarom_de_reuzen_in_limburg_zijn_uitgestorven,21,sommigen,1.065637479769066e-05,11.449352272328822
9871,waarom_de_reuzen_in_limburg_zijn_uitgestorven,21,zijn,0.0008089825860224664,7.119733166449611
9872,waarom_de_reuzen_in_limburg_zijn_uitgestorven,21,driemaal,0.0009490324882790446,6.96006752571583
9873,waarom_de_reuzen_in_limburg_zijn_uitgestorven,21,zoo,0.0016277572140097618,6.420552153966623
9874,waarom_de_reuzen_in_limburg_zijn_uitgestorven,21,oud,0.00024590702378191054,8.310557045579865
9875,waarom_de_reuzen_in_limburg_zijn_uitgestorven,21,geworden,0.0014816683251410723,6.514586579354698
9876,waarom_de_reuzen_in_limburg_zijn_uitgestorven,21,als,3.599622141337022e-05,10.232096585756643
9877,waarom_de_reuzen_in_limburg_zijn_uitgestorven,21,een,7.544627442257479e-05,9.492089752066642
9878,waarom_de_reuzen_in_limburg_zijn_uitgestorven,21,"
",0.17569555342197418,1.7390025918954788
9879,waarom_de_reuzen_in_limburg_zijn_uitgestorven,21,mensch,0.00014533755893353373,8.836451528475289
9880,waarom_de_reuzen_in_limburg_zijn_uitgestorven,21,.,0.006341468542814255,5.060644905996688
9881,waarom_de_reuzen_in_limburg_zijn_uitgestorven,21,"

",0.0004938013153150678,7.613377317397229
9882,waarom_de_reuzen_in_limburg_zijn_uitgestorven,22,in,0.0017731591360643506,6.334992500664387
9883,waarom_de_reuzen_in_limburg_zijn_uitgestorven,22,Limburg,7.095403270795941e-05,9.553478317242552
9884,waarom_de_reuzen_in_limburg_zijn_uitgestorven,22,woonden,9.746645446284674e-06,11.53858738894695
9885,waarom_de_reuzen_in_limburg_zijn_uitgestorven,22,de,0.00035254890099167824,7.950321219116016
9886,waarom_de_reuzen_in_limburg_zijn_uitgestorven,22,reuzen,1.8701439330470748e-05,10.886910067521846
9887,waarom_de_reuzen_in_limburg_zijn_uitgestorven,22,.,0.039821382611989975,3.2233512594021563
9888,waarom_de_reuzen_in_limburg_zijn_uitgestorven,23,koning,1.0281972208758816e-05,11.48511846723689
9889,waarom_de_reuzen_in_limburg_zijn_uitgestorven,23,heette,0.00019927385437767953,8.520830526618365
9890,waarom_de_reuzen_in_limburg_zijn_uitgestorven,23,Halichem,1.3864538459529285e-06,13.488761260614185
9891,waarom_de_reuzen_in_limburg_zijn_uitgestorven,23,",",0.05275452882051468,2.9421056558939007
9892,waarom_de_reuzen_in_limburg_zijn_uitgestorven,23,en,0.00020482261606957763,8.493366240868633
9893,waarom_de_reuzen_in_limburg_zijn_uitgestorven,23,hij,1.6533910240923433e-07,15.615267305894122
9894,waarom_de_reuzen_in_limburg_zijn_uitgestorven,23,was,1.789812813512981e-05,10.930814424042184
9895,waarom_de_reuzen_in_limburg_zijn_uitgestorven,23,"
",0.004520782735198736,5.399070128626306
9896,waarom_de_reuzen_in_limburg_zijn_uitgestorven,23,ongetrouwd,5.0022358664136846e-06,12.205625572199613
9897,waarom_de_reuzen_in_limburg_zijn_uitgestorven,23,.,0.0022236753720790148,6.108593879039654
9898,waarom_de_reuzen_in_limburg_zijn_uitgestorven,24,was,0.00042042264249175787,7.774250061011848
9899,waarom_de_reuzen_in_limburg_zijn_uitgestorven,24,een,6.2462358982884325e-06,11.983531531918972
9900,waarom_de_reuzen_in_limburg_zijn_uitgestorven,24,ernstige,4.2017409214167856e-06,12.380011613459224
9901,waarom_de_reuzen_in_limburg_zijn_uitgestorven,24,kerel,1.9713386791408993e-05,10.834212620439207
9902,waarom_de_reuzen_in_limburg_zijn_uitgestorven,24,",",0.016453074291348457,4.1072429322198944
9903,waarom_de_reuzen_in_limburg_zijn_uitgestorven,24,die,9.250629773305263e-06,11.590818925156954
9904,waarom_de_reuzen_in_limburg_zijn_uitgestorven,24,er,0.005148615688085556,5.269027398869254
9905,waarom_de_reuzen_in_limburg_zijn_uitgestorven,24,weinig,0.005214338656514883,5.256343014196325
9906,waarom_de_reuzen_in_limburg_zijn_uitgestorven,24,woorden,0.00020822306396439672,8.47690062999185
9907,waarom_de_reuzen_in_limburg_zijn_uitgestorven,24,op,0.0006370119517669082,7.358722139982713
9908,waarom_de_reuzen_in_limburg_zijn_uitgestorven,24,"
",0.000395798881072551,7.83460435180195
9909,waarom_de_reuzen_in_limburg_zijn_uitgestorven,24,nahield,6.455599759647157e-06,11.950562624016426
9910,waarom_de_reuzen_in_limburg_zijn_uitgestorven,24,.,0.01285669207572937,4.353890819098433
9911,waarom_de_reuzen_in_limburg_zijn_uitgestorven,25,er,6.329095049295574e-05,9.667768201230805
9912,waarom_de_reuzen_in_limburg_zijn_uitgestorven,25,iets,0.035265058279037476,3.3448626557205676
9913,waarom_de_reuzen_in_limburg_zijn_uitgestorven,25,moest,0.00012981014151591808,8.949437624882645
9914,waarom_de_reuzen_in_limburg_zijn_uitgestorven,25,gebeuren,7.81644121161662e-05,9.456696102025559
9915,waarom_de_reuzen_in_limburg_zijn_uitgestorven,25,",",0.11071966588497162,2.2007538047747404
9916,waarom_de_reuzen_in_limburg_zijn_uitgestorven,25,sprak,7.650058364561119e-08,16.385967466788628
9917,waarom_de_reuzen_in_limburg_zijn_uitgestorven,25,hij,7.620887458870129e-07,14.087202823622567
9918,waarom_de_reuzen_in_limburg_zijn_uitgestorven,25,het,3.847798507194966e-05,10.165424296532828
9919,waarom_de_reuzen_in_limburg_zijn_uitgestorven,25,kortaf,0.0020279400050640106,6.200734776992565
9920,waarom_de_reuzen_in_limburg_zijn_uitgestorven,25,",",0.038892123848199844,3.246963520626554
9921,waarom_de_reuzen_in_limburg_zijn_uitgestorven,25,en,0.00577522860839963,5.154177437487714
9922,waarom_de_reuzen_in_limburg_zijn_uitgestorven,25,wee,1.0431214832351543e-05,11.470707820916276
9923,waarom_de_reuzen_in_limburg_zijn_uitgestorven,25,hem,7.878975884523243e-05,9.448727533439468
9924,waarom_de_reuzen_in_limburg_zijn_uitgestorven,25,!,0.0007554652402177453,7.188176786287099
9925,waarom_de_reuzen_in_limburg_zijn_uitgestorven,25,"
",0.00019760389113798738,8.529246080850529
9926,waarom_de_reuzen_in_limburg_zijn_uitgestorven,25,die,7.568924775114283e-05,9.488874445242686
9927,waarom_de_reuzen_in_limburg_zijn_uitgestorven,25,zijn,0.000755386077798903,7.1882815780928455
9928,waarom_de_reuzen_in_limburg_zijn_uitgestorven,25,bevel,0.0018650995334610343,6.284440858162433
9929,waarom_de_reuzen_in_limburg_zijn_uitgestorven,25,niet,0.0012823930010199547,6.65902741440376
9930,waarom_de_reuzen_in_limburg_zijn_uitgestorven,25,gehoorzaamde,0.0017359405755996704,6.356205893975211
9931,waarom_de_reuzen_in_limburg_zijn_uitgestorven,25,.,0.008403965272009373,4.7790516283247495
9932,waarom_de_reuzen_in_limburg_zijn_uitgestorven,25,"

",0.0003999707114417106,7.824119234932833
9933,waarom_de_reuzen_in_limburg_zijn_uitgestorven,26,was,2.5690485927043483e-05,10.569389831994375
9934,waarom_de_reuzen_in_limburg_zijn_uitgestorven,26,zoo,2.0356703316792846e-05,10.802100298999772
9935,waarom_de_reuzen_in_limburg_zijn_uitgestorven,26,om,0.00010835241118911654,9.130121576522857
9936,waarom_de_reuzen_in_limburg_zijn_uitgestorven,26,en,0.00029977585654705763,8.112475507403026
9937,waarom_de_reuzen_in_limburg_zijn_uitgestorven,26,bij,0.000904277665540576,7.008374092587006
9938,waarom_de_reuzen_in_limburg_zijn_uitgestorven,26,de,0.002946546534076333,5.8271214608103925
9939,waarom_de_reuzen_in_limburg_zijn_uitgestorven,26,vijftig,0.0008985170279629529,7.014764900375495
9940,waarom_de_reuzen_in_limburg_zijn_uitgestorven,26,jaar,0.0024553248658776283,6.009496198230538
9941,waarom_de_reuzen_in_limburg_zijn_uitgestorven,26,",",0.049319829791784286,3.009429051791213
9942,waarom_de_reuzen_in_limburg_zijn_uitgestorven,26,toen,3.705006747622974e-05,10.203240385003062
9943,waarom_de_reuzen_in_limburg_zijn_uitgestorven,26,vonden,0.004824706818908453,5.334005308957857
9944,waarom_de_reuzen_in_limburg_zijn_uitgestorven,26,zijn,0.0006648564012721181,7.315939478563037
9945,waarom_de_reuzen_in_limburg_zijn_uitgestorven,26,onderdanen,0.0003204201930202544,8.04587732034824
9946,waarom_de_reuzen_in_limburg_zijn_uitgestorven,26,",",0.10439594089984894,2.2595644845591023
9947,waarom_de_reuzen_in_limburg_zijn_uitgestorven,26,dat,0.0008221975294873118,7.103529888263814
9948,waarom_de_reuzen_in_limburg_zijn_uitgestorven,26,"
",0.0005525600863620639,7.500948376889114
9949,waarom_de_reuzen_in_limburg_zijn_uitgestorven,26,het,0.0006243872921913862,7.378739721561835
9950,waarom_de_reuzen_in_limburg_zijn_uitgestorven,26,tijd,0.0010302754817530513,6.8779290544884395
9951,waarom_de_reuzen_in_limburg_zijn_uitgestorven,26,voor,0.0008673571282997727,7.0500597533093075
9952,waarom_de_reuzen_in_limburg_zijn_uitgestorven,26,hem,9.777425475476775e-06,11.535434352388565
9953,waarom_de_reuzen_in_limburg_zijn_uitgestorven,26,was,1.542430072731804e-05,11.07956632292373
9954,waarom_de_reuzen_in_limburg_zijn_uitgestorven,26,",",0.05689152330160141,2.8666089243150705
9955,waarom_de_reuzen_in_limburg_zijn_uitgestorven,26,om,0.0015270510921254754,6.484416794153144
9956,waarom_de_reuzen_in_limburg_zijn_uitgestorven,26,te,0.003986834082752466,5.52475782600803
9957,waarom_de_reuzen_in_limburg_zijn_uitgestorven,26,trouwen,1.1676557733153459e-05,11.357927338628356
9958,waarom_de_reuzen_in_limburg_zijn_uitgestorven,26,.,0.10613323748111725,2.2430600168106034
9959,waarom_de_reuzen_in_limburg_zijn_uitgestorven,27,durfde,1.2450750546122435e-05,11.293729652041504
9960,waarom_de_reuzen_in_limburg_zijn_uitgestorven,27,'t,0.00010666912567103282,9.1457787979384
9961,waarom_de_reuzen_in_limburg_zijn_uitgestorven,27,hem,4.056277248309925e-05,10.112659845911454
9962,waarom_de_reuzen_in_limburg_zijn_uitgestorven,27,recht,0.0005843628314323723,7.44498848135546
9963,waarom_de_reuzen_in_limburg_zijn_uitgestorven,27,te,0.00047140681999735534,7.65978910002902
9964,waarom_de_reuzen_in_limburg_zijn_uitgestorven,27,"
",0.0054467348381876945,5.212738962105585
9965,waarom_de_reuzen_in_limburg_zijn_uitgestorven,27,zeggen,8.267203156719916e-06,11.703214297576919
9966,waarom_de_reuzen_in_limburg_zijn_uitgestorven,27,.,0.04716883599758148,3.0540218587430084
9967,waarom_de_reuzen_in_limburg_zijn_uitgestorven,28,ging,3.9292353903874755e-06,12.447065708165116
9968,waarom_de_reuzen_in_limburg_zijn_uitgestorven,28,het,1.8495811673346907e-05,10.897966247546748
9969,waarom_de_reuzen_in_limburg_zijn_uitgestorven,28,op,0.00013824866618961096,8.886456565423119
9970,waarom_de_reuzen_in_limburg_zijn_uitgestorven,28,den,2.929448055510875e-05,10.438111436645165
9971,waarom_de_reuzen_in_limburg_zijn_uitgestorven,28,duur,1.088900080503663e-05,11.427757378669172
9972,waarom_de_reuzen_in_limburg_zijn_uitgestorven,28,niet,0.0007447179523296654,7.202504998744005
9973,waarom_de_reuzen_in_limburg_zijn_uitgestorven,28,langer,0.00046068840310908854,7.682788658665933
9974,waarom_de_reuzen_in_limburg_zijn_uitgestorven,28,.,0.016053464263677597,4.131830610722957
9975,waarom_de_reuzen_in_limburg_zijn_uitgestorven,29,volk,3.868048588628881e-05,10.160175325764985
9976,waarom_de_reuzen_in_limburg_zijn_uitgestorven,29,moest,5.124840754433535e-05,9.878826012734162
9977,waarom_de_reuzen_in_limburg_zijn_uitgestorven,29,een,2.87624334305292e-06,12.759025510053084
9978,waarom_de_reuzen_in_limburg_zijn_uitgestorven,29,vorst,9.427274926565588e-05,9.269318389242677
9979,waarom_de_reuzen_in_limburg_zijn_uitgestorven,29,"
",0.007563218008726835,4.884458516829286
9980,waarom_de_reuzen_in_limburg_zijn_uitgestorven,29,hebben,5.559752389672212e-05,9.797371891931032
9981,waarom_de_reuzen_in_limburg_zijn_uitgestorven,29,",",0.055197011679410934,2.896846463407062
9982,waarom_de_reuzen_in_limburg_zijn_uitgestorven,29,als,2.7183756174053997e-05,10.512890962540272
9983,waarom_de_reuzen_in_limburg_zijn_uitgestorven,29,Halichem,8.688423918101762e-07,13.956104095437105
9984,waarom_de_reuzen_in_limburg_zijn_uitgestorven,29,eens,1.3205783034209162e-05,11.234855715661315
9985,waarom_de_reuzen_in_limburg_zijn_uitgestorven,29,iets,0.00016857791342772543,8.688112520813302
9986,waarom_de_reuzen_in_limburg_zijn_uitgestorven,29,menschelijks,6.964019121369347e-05,9.572168697322887
9987,waarom_de_reuzen_in_limburg_zijn_uitgestorven,29,passeerde,0.0019119855714961886,6.259613010670005
9988,waarom_de_reuzen_in_limburg_zijn_uitgestorven,29,.,0.016693472862243652,4.092737482532093
9989,waarom_de_reuzen_in_limburg_zijn_uitgestorven,29,"

",0.00016253910143859684,8.724591960902332
9990,waarom_de_reuzen_in_limburg_zijn_uitgestorven,30,besloot,2.497500645404216e-06,12.90022006800363
9991,waarom_de_reuzen_in_limburg_zijn_uitgestorven,30,een,8.083443390205503e-06,11.725692614058424
9992,waarom_de_reuzen_in_limburg_zijn_uitgestorven,30,hunner,7.175974303663679e-08,16.449942200074123
9993,waarom_de_reuzen_in_limburg_zijn_uitgestorven,30,met,0.0001097637286875397,9.117180423285104
9994,waarom_de_reuzen_in_limburg_zijn_uitgestorven,30,den,0.0006367278983816504,7.359168154747711
9995,waarom_de_reuzen_in_limburg_zijn_uitgestorven,30,koning,1.189406611956656e-05,11.339470927626333
9996,waarom_de_reuzen_in_limburg_zijn_uitgestorven,30,te,0.0022804872132837772,6.083366168807507
9997,waarom_de_reuzen_in_limburg_zijn_uitgestorven,30,gaan,3.6586556234396994e-05,10.215829701034082
9998,waarom_de_reuzen_in_limburg_zijn_uitgestorven,30,spreken,0.00037092616548761725,7.899507530021098
9999,waarom_de_reuzen_in_limburg_zijn_uitgestorven,30,.,0.05372575670480728,2.9238627517727194
10000,waarom_de_reuzen_in_limburg_zijn_uitgestorven,31,ze,6.475688860518858e-05,9.644870475318479
10001,waarom_de_reuzen_in_limburg_zijn_uitgestorven,31,met,1.6519517487267876e-07,15.61613818407859
10002,waarom_de_reuzen_in_limburg_zijn_uitgestorven,31,"
",0.008190782740712166,4.804745812947414
10003,waarom_de_reuzen_in_limburg_zijn_uitgestorven,31,elkander,6.039503205101937e-06,12.017188800211272
10004,waarom_de_reuzen_in_limburg_zijn_uitgestorven,31,verhandeld,2.837516149156727e-05,10.469996390846136
10005,waarom_de_reuzen_in_limburg_zijn_uitgestorven,31,hebben,0.0014768386026844382,6.517851555144776
10006,waarom_de_reuzen_in_limburg_zijn_uitgestorven,31,",",0.031075088307261467,3.4713487998432546
10007,waarom_de_reuzen_in_limburg_zijn_uitgestorven,31,weet,2.480931016179966e-06,12.906876658486006
10008,waarom_de_reuzen_in_limburg_zijn_uitgestorven,31,niemand,4.1949268052121624e-05,10.079049573305266
10009,waarom_de_reuzen_in_limburg_zijn_uitgestorven,31,.,0.01386656891554594,4.278274449767544
10010,waarom_de_reuzen_in_limburg_zijn_uitgestorven,32,bulderde,4.134491518925643e-06,12.396146207080127
10011,waarom_de_reuzen_in_limburg_zijn_uitgestorven,32,zoo,7.648322207387537e-05,9.478439160481525
10012,waarom_de_reuzen_in_limburg_zijn_uitgestorven,32,luid,4.617800641426584e-06,12.28559201785845
10013,waarom_de_reuzen_in_limburg_zijn_uitgestorven,32,",",0.02316313050687313,3.765193466721257
10014,waarom_de_reuzen_in_limburg_zijn_uitgestorven,32,"
",2.8529630071716383e-05,10.464567359113977
10015,waarom_de_reuzen_in_limburg_zijn_uitgestorven,32,dat,1.982468893402256e-05,10.828582481158008
10016,waarom_de_reuzen_in_limburg_zijn_uitgestorven,32,'t,4.560591696645133e-05,9.995473091825566
10017,waarom_de_reuzen_in_limburg_zijn_uitgestorven,32,huilen,0.0002513316576369107,8.2887371458738
10018,waarom_de_reuzen_in_limburg_zijn_uitgestorven,32,van,0.0003911785315722227,7.8463464997036
10019,waarom_de_reuzen_in_limburg_zijn_uitgestorven,32,den,0.0006069938535802066,7.406991892853561
10020,waarom_de_reuzen_in_limburg_zijn_uitgestorven,32,storm,1.5022697880340274e-05,11.105948308560793
10021,waarom_de_reuzen_in_limburg_zijn_uitgestorven,32,er,0.009696219116449356,4.63601925126682
10022,waarom_de_reuzen_in_limburg_zijn_uitgestorven,32,een,1.4488548913504928e-05,11.142151950641948
10023,waarom_de_reuzen_in_limburg_zijn_uitgestorven,32,zefiertje,0.0011018546065315604,6.810760512952503
10024,waarom_de_reuzen_in_limburg_zijn_uitgestorven,32,bij,2.9063916372251697e-05,10.446013140414923
10025,waarom_de_reuzen_in_limburg_zijn_uitgestorven,32,is,0.000843375688418746,7.078098042750534
10026,waarom_de_reuzen_in_limburg_zijn_uitgestorven,32,",",0.07015422731637955,2.657059213146236
10027,waarom_de_reuzen_in_limburg_zijn_uitgestorven,32,en,0.0016927591059356928,6.381395474238778
10028,waarom_de_reuzen_in_limburg_zijn_uitgestorven,32,alle,9.875187970465049e-05,9.222900119380403
10029,waarom_de_reuzen_in_limburg_zijn_uitgestorven,32,reuzen,0.00045260993647389114,7.7004798707992625
10030,waarom_de_reuzen_in_limburg_zijn_uitgestorven,32,"
",0.07429244369268417,2.5997460323940893
10031,waarom_de_reuzen_in_limburg_zijn_uitgestorven,32,maakten,0.0030589080415666103,5.789697275864899
10032,waarom_de_reuzen_in_limburg_zijn_uitgestorven,32,zich,0.005929532926529646,5.127809833572119
10033,waarom_de_reuzen_in_limburg_zijn_uitgestorven,32,uit,0.00026111784973181784,8.250538721011738
10034,waarom_de_reuzen_in_limburg_zijn_uitgestorven,32,de,0.003690315643325448,5.602043284391457
10035,waarom_de_reuzen_in_limburg_zijn_uitgestorven,32,voeten,0.021394263952970505,3.8446324324641776
10036,waarom_de_reuzen_in_limburg_zijn_uitgestorven,32,.,0.10970782488584518,2.209934584382954
10037,waarom_de_reuzen_in_limburg_zijn_uitgestorven,33,zijn,0.0009184174123220146,6.99285857316884
10038,waarom_de_reuzen_in_limburg_zijn_uitgestorven,33,heel,3.1835656955081504e-07,14.96009379444433
10039,waarom_de_reuzen_in_limburg_zijn_uitgestorven,33,veel,0.0005448623560369015,7.51497735292956
10040,waarom_de_reuzen_in_limburg_zijn_uitgestorven,33,heuvelen,8.164122846210375e-06,11.715761265823373
10041,waarom_de_reuzen_in_limburg_zijn_uitgestorven,33,en,0.0004414641880430281,7.725413655495528
10042,waarom_de_reuzen_in_limburg_zijn_uitgestorven,33,dalen,2.6289715151506243e-06,12.848917847136153
10043,waarom_de_reuzen_in_limburg_zijn_uitgestorven,33,"
",0.00947998184710741,4.658572877579127
10044,waarom_de_reuzen_in_limburg_zijn_uitgestorven,33,ontstaan,8.27448457130231e-06,11.702333926097007
10045,waarom_de_reuzen_in_limburg_zijn_uitgestorven,33,",",0.010933862999081612,4.515890608395619
10046,waarom_de_reuzen_in_limburg_zijn_uitgestorven,33,te,0.0009525094646960497,6.956410514324021
10047,waarom_de_reuzen_in_limburg_zijn_uitgestorven,33,veel,0.003233446041122079,5.734206824669445
10048,waarom_de_reuzen_in_limburg_zijn_uitgestorven,33,om,0.0017337502213194966,6.357468458681602
10049,waarom_de_reuzen_in_limburg_zijn_uitgestorven,33,op,0.0020665961783379316,6.1818523834367065
10050,waarom_de_reuzen_in_limburg_zijn_uitgestorven,33,te,0.0036434473004192114,5.614824984957661
10051,waarom_de_reuzen_in_limburg_zijn_uitgestorven,33,noemen,3.777131951210322e-06,12.486545579390034
10052,waarom_de_reuzen_in_limburg_zijn_uitgestorven,33,.,0.02067849040031433,3.8786612300569603
10053,waarom_de_reuzen_in_limburg_zijn_uitgestorven,33,"

",0.0005601756274700165,7.48726020292153
10054,waarom_de_reuzen_in_limburg_zijn_uitgestorven,34,hield,0.00018336217908654362,8.604047240310525
10055,waarom_de_reuzen_in_limburg_zijn_uitgestorven,34,van,2.8336382911220426e-06,12.773949056767318
10056,waarom_de_reuzen_in_limburg_zijn_uitgestorven,34,zijn,0.0005899843527004123,7.435414542262952
10057,waarom_de_reuzen_in_limburg_zijn_uitgestorven,34,vrijgezellenleven,0.00021135105635039508,8.461990032854692
10058,waarom_de_reuzen_in_limburg_zijn_uitgestorven,34,!,0.0012187116080895066,6.70996103720315
10059,waarom_de_reuzen_in_limburg_zijn_uitgestorven,35,?,0.0007322333403863013,7.219411323780112
10060,waarom_de_reuzen_in_limburg_zijn_uitgestorven,36,oude,0.00010794100671773776,9.133925714175268
10061,waarom_de_reuzen_in_limburg_zijn_uitgestorven,36,kronijken,7.696682587265968e-05,9.472136061768317
10062,waarom_de_reuzen_in_limburg_zijn_uitgestorven,36,"
",0.021705197170376778,3.8302035461724726
10063,waarom_de_reuzen_in_limburg_zijn_uitgestorven,36,zwijgen,3.914899207302369e-05,10.148135881120085
10064,waarom_de_reuzen_in_limburg_zijn_uitgestorven,36,hierover,6.056092729522788e-07,14.317030822932013
10065,waarom_de_reuzen_in_limburg_zijn_uitgestorven,36,.,0.013568081893026829,4.300035164202955
10066,waarom_de_reuzen_in_limburg_zijn_uitgestorven,37,had,8.315162995131686e-05,9.394844749976071
10067,waarom_de_reuzen_in_limburg_zijn_uitgestorven,37,hij,1.4515275204018963e-08,18.048064279675806
10068,waarom_de_reuzen_in_limburg_zijn_uitgestorven,37,over,5.274952741274319e-07,14.45512593063645
10069,waarom_de_reuzen_in_limburg_zijn_uitgestorven,37,eten,1.8621647086547455e-06,13.193770925097432
10070,waarom_de_reuzen_in_limburg_zijn_uitgestorven,37,en,0.003605224657803774,5.625371191794764
10071,waarom_de_reuzen_in_limburg_zijn_uitgestorven,37,drinken,1.6278510884149e-05,11.025664670606044
10072,waarom_de_reuzen_in_limburg_zijn_uitgestorven,37,niet,0.0005235352437011898,7.554906206708346
10073,waarom_de_reuzen_in_limburg_zijn_uitgestorven,37,te,0.009410767816007137,4.66590073296364
10074,waarom_de_reuzen_in_limburg_zijn_uitgestorven,37,klagen,0.0001591987384017557,8.74535720919748
10075,waarom_de_reuzen_in_limburg_zijn_uitgestorven,37,.,0.054596349596977234,2.907788255664539
10076,waarom_de_reuzen_in_limburg_zijn_uitgestorven,37,"
",1.5647354985048878e-06,13.367793758796056
10077,waarom_de_reuzen_in_limburg_zijn_uitgestorven,38,dierenvel,0.00036100298166275024,7.926624340211901
10078,waarom_de_reuzen_in_limburg_zijn_uitgestorven,38,",",0.0005178397987037897,7.5658446324498865
10079,waarom_de_reuzen_in_limburg_zijn_uitgestorven,38,dat,1.3743750969297253e-05,11.19492631211694
10080,waarom_de_reuzen_in_limburg_zijn_uitgestorven,38,hij,8.453677651232283e-07,13.983494079274262
10081,waarom_de_reuzen_in_limburg_zijn_uitgestorven,38,over,1.3874973774363752e-05,11.185423788469508
10082,waarom_de_reuzen_in_limburg_zijn_uitgestorven,38,de,0.02157067134976387,3.8364206948297292
10083,waarom_de_reuzen_in_limburg_zijn_uitgestorven,38,schouderen,4.488573904382065e-05,10.011390429617236
10084,waarom_de_reuzen_in_limburg_zijn_uitgestorven,38,droeg,7.372798336291453e-06,11.817713230979887
10085,waarom_de_reuzen_in_limburg_zijn_uitgestorven,38,",",0.10913583636283875,2.2151619674584624
10086,waarom_de_reuzen_in_limburg_zijn_uitgestorven,38,zag,2.2857159365230473e-06,12.988831262551233
10087,waarom_de_reuzen_in_limburg_zijn_uitgestorven,38,er,3.2381027267547324e-05,10.337937884845964
10088,waarom_de_reuzen_in_limburg_zijn_uitgestorven,38,zeker,2.9323828130145557e-05,10.437110125684578
10089,waarom_de_reuzen_in_limburg_zijn_uitgestorven,38,steeds,0.00045868128654547036,7.687154953911319
10090,waarom_de_reuzen_in_limburg_zijn_uitgestorven,38,"
",0.002957751275971532,5.82332600343121
10091,waarom_de_reuzen_in_limburg_zijn_uitgestorven,38,keurig,3.763851782423444e-05,10.187482621699504
10092,waarom_de_reuzen_in_limburg_zijn_uitgestorven,38,uit,5.098575638839975e-05,9.883964250749653
10093,waarom_de_reuzen_in_limburg_zijn_uitgestorven,38,.,0.0325479619204998,3.425040526097415
10094,waarom_de_reuzen_in_limburg_zijn_uitgestorven,39,kon,0.0001351693063043058,8.908982444505781
10095,waarom_de_reuzen_in_limburg_zijn_uitgestorven,39,hij,1.342730939768444e-07,15.823390096177667
10096,waarom_de_reuzen_in_limburg_zijn_uitgestorven,39,'t,2.5043591449502856e-05,10.594892593522736
10097,waarom_de_reuzen_in_limburg_zijn_uitgestorven,39,waarschijnlijk,0.00037076821899972856,7.899933437223795
10098,waarom_de_reuzen_in_limburg_zijn_uitgestorven,39,met,0.00018774322234094143,8.580435367354097
10099,waarom_de_reuzen_in_limburg_zijn_uitgestorven,39,zijn,0.00401093577966094,5.518730703376765
10100,waarom_de_reuzen_in_limburg_zijn_uitgestorven,39,vrienden,0.0002960201818495989,8.125082924040175
10101,waarom_de_reuzen_in_limburg_zijn_uitgestorven,39,goed,1.1319249097141437e-05,11.389005821564231
10102,waarom_de_reuzen_in_limburg_zijn_uitgestorven,39,vinden,0.0007305776234716177,7.221675071677359
10103,waarom_de_reuzen_in_limburg_zijn_uitgestorven,39,.,0.08463884145021439,2.4693619989358857
10104,waarom_de_reuzen_in_limburg_zijn_uitgestorven,39,"
",1.6927316437431728e-07,15.591752069678295
10105,waarom_de_reuzen_in_limburg_zijn_uitgestorven,40,kon,2.5754359285201645e-06,12.869491745547764
10106,waarom_de_reuzen_in_limburg_zijn_uitgestorven,40,hij,3.134206849608745e-08,17.278304600406916
10107,waarom_de_reuzen_in_limburg_zijn_uitgestorven,40,wel,8.911615623219404e-06,11.628155005958652
10108,waarom_de_reuzen_in_limburg_zijn_uitgestorven,40,wat,2.9933326004538685e-06,12.719123209155542
10109,waarom_de_reuzen_in_limburg_zijn_uitgestorven,40,verlegen,3.687315256684087e-05,10.208026844441612
10110,waarom_de_reuzen_in_limburg_zijn_uitgestorven,40,geweest,0.0003518667654134333,7.9522579613663655
10111,waarom_de_reuzen_in_limburg_zijn_uitgestorven,40,zijn,0.0002671091933734715,8.2278530192214
10112,waarom_de_reuzen_in_limburg_zijn_uitgestorven,40,tegenover,0.0022687390446662903,6.088531088759999
10113,waarom_de_reuzen_in_limburg_zijn_uitgestorven,40,de,0.018223563209176064,4.005039840454358
10114,waarom_de_reuzen_in_limburg_zijn_uitgestorven,40,teedere,0.0007629795582033694,7.17827931838423
10115,waarom_de_reuzen_in_limburg_zijn_uitgestorven,40,"
",0.0021229872945696115,6.154931080937612
10116,waarom_de_reuzen_in_limburg_zijn_uitgestorven,40,sekse,1.3174975720176008e-05,11.237191306409438
10117,waarom_de_reuzen_in_limburg_zijn_uitgestorven,40,",",0.009077819995582104,4.701921203787094
10118,waarom_de_reuzen_in_limburg_zijn_uitgestorven,40,want,6.233914973563515e-06,11.985506015858194
10119,waarom_de_reuzen_in_limburg_zijn_uitgestorven,40,dat,0.0036196992732584476,5.6213643302807785
10120,waarom_de_reuzen_in_limburg_zijn_uitgestorven,40,heb,7.1776366894482635e-06,11.844540380973942
10121,waarom_de_reuzen_in_limburg_zijn_uitgestorven,40,je,0.0029823859222233295,5.815031653768703
10122,waarom_de_reuzen_in_limburg_zijn_uitgestorven,40,tegenwoordig,6.632774329773383e-06,11.923487390346473
10123,waarom_de_reuzen_in_limburg_zijn_uitgestorven,40,zelfs,1.6314552340190858e-05,11.023453066837215
10124,waarom_de_reuzen_in_limburg_zijn_uitgestorven,40,vaak,0.00021587878291029483,8.4407934980364
10125,waarom_de_reuzen_in_limburg_zijn_uitgestorven,40,met,0.00018456837278790772,8.59749057891676
10126,waarom_de_reuzen_in_limburg_zijn_uitgestorven,40,groote,3.786357774515636e-05,10.181520917304077
10127,waarom_de_reuzen_in_limburg_zijn_uitgestorven,40,kerels,0.00011520825501065701,9.06876915419118
10128,waarom_de_reuzen_in_limburg_zijn_uitgestorven,40,.,0.010513615794479847,4.555084119531447
10129,waarom_de_reuzen_in_limburg_zijn_uitgestorven,40,"

",0.0002776177425403148,8.189265417323915
10130,waarom_de_reuzen_in_limburg_zijn_uitgestorven,41,Doet,3.731994002009742e-05,10.195982789164947
10131,waarom_de_reuzen_in_limburg_zijn_uitgestorven,41,er,1.3041812053415924e-05,11.247350049968446
10132,waarom_de_reuzen_in_limburg_zijn_uitgestorven,41,ook,2.2838103177491575e-05,10.68708022489611
10133,waarom_de_reuzen_in_limburg_zijn_uitgestorven,41,eigenlijk,0.0008421529200859368,7.079548944908047
10134,waarom_de_reuzen_in_limburg_zijn_uitgestorven,41,niets,0.00010860035399673507,9.127835890831307
10135,waarom_de_reuzen_in_limburg_zijn_uitgestorven,41,toe,1.3023536666878499e-05,11.248752324668716
10136,waarom_de_reuzen_in_limburg_zijn_uitgestorven,41,.,0.022324293851852417,3.802079783095977
10137,waarom_de_reuzen_in_limburg_zijn_uitgestorven,41,"

",6.761430313417804e-07,14.20686119845924
10138,waarom_de_reuzen_in_limburg_zijn_uitgestorven,42,wilde,3.709290103870444e-05,10.202084953325642
10139,waarom_de_reuzen_in_limburg_zijn_uitgestorven,42,niet,5.00475243825349e-06,12.205122609306835
10140,waarom_de_reuzen_in_limburg_zijn_uitgestorven,42,trouwen,5.5615248129470274e-05,9.797053147373635
10141,waarom_de_reuzen_in_limburg_zijn_uitgestorven,42,",",0.04721028357744217,3.053143537717937
10142,waarom_de_reuzen_in_limburg_zijn_uitgestorven,42,en,0.0005711164558306336,7.467917418436765
10143,waarom_de_reuzen_in_limburg_zijn_uitgestorven,42,de,0.00708790821954608,4.949365014472831
10144,waarom_de_reuzen_in_limburg_zijn_uitgestorven,42,eerste,0.0021802932024002075,6.128295914711128
10145,waarom_de_reuzen_in_limburg_zijn_uitgestorven,42,poging,0.0012285433476790786,6.701926081579488
10146,waarom_de_reuzen_in_limburg_zijn_uitgestorven,42,",",0.11573062092065811,2.1564900218841623
10147,waarom_de_reuzen_in_limburg_zijn_uitgestorven,42,om,0.0012847462203353643,6.657194074041883
10148,waarom_de_reuzen_in_limburg_zijn_uitgestorven,42,hem,2.3821596187190153e-05,10.644917985904796
10149,waarom_de_reuzen_in_limburg_zijn_uitgestorven,42,van,0.0011842208914458752,6.738670196199991
10150,waarom_de_reuzen_in_limburg_zijn_uitgestorven,42,zijn,0.0014500048710033298,6.536188363242656
10151,waarom_de_reuzen_in_limburg_zijn_uitgestorven,42,plan,7.2799353802111e-05,9.527803479145659
10152,waarom_de_reuzen_in_limburg_zijn_uitgestorven,42,"
",0.005704846698790789,5.1664391674067405
10153,waarom_de_reuzen_in_limburg_zijn_uitgestorven,42,af,3.145900336676277e-05,10.366825340214115
10154,waarom_de_reuzen_in_limburg_zijn_uitgestorven,42,te,0.02460332028567791,3.7048738741890643
10155,waarom_de_reuzen_in_limburg_zijn_uitgestorven,42,brengen,0.0002971823269035667,8.121164712220006
10156,waarom_de_reuzen_in_limburg_zijn_uitgestorven,42,",",0.10827764868736267,2.223056529586676
10157,waarom_de_reuzen_in_limburg_zijn_uitgestorven,42,mislukte,0.008213886059820652,4.801929135004821
10158,waarom_de_reuzen_in_limburg_zijn_uitgestorven,42,geheel,0.001124806934967637,6.790143871415112
10159,waarom_de_reuzen_in_limburg_zijn_uitgestorven,42,en,0.02258208394050598,3.790598433088479
10160,waarom_de_reuzen_in_limburg_zijn_uitgestorven,42,al.,3.674107574624941e-05,10.211615198631819
10161,waarom_de_reuzen_in_limburg_zijn_uitgestorven,43,na,6.885259790578857e-05,9.58354260066504
10162,waarom_de_reuzen_in_limburg_zijn_uitgestorven,43,dagen,1.923384161273134e-06,13.161424339456467
10163,waarom_de_reuzen_in_limburg_zijn_uitgestorven,43,durfden,1.942083599715261e-06,13.151749140764604
10164,waarom_de_reuzen_in_limburg_zijn_uitgestorven,43,zijn,0.0005914114299230278,7.432998623842183
10165,waarom_de_reuzen_in_limburg_zijn_uitgestorven,43,"
",0.0095734978094697,4.648756642962896
10166,waarom_de_reuzen_in_limburg_zijn_uitgestorven,43,onderdanen,9.367571465190849e-07,13.88084177024478
10167,waarom_de_reuzen_in_limburg_zijn_uitgestorven,43,terug,1.0107079106091987e-05,11.5022744780406
10168,waarom_de_reuzen_in_limburg_zijn_uitgestorven,43,te,0.026545163244009018,3.628907723257029
10169,waarom_de_reuzen_in_limburg_zijn_uitgestorven,43,komen,0.0002217163419118151,8.414111732232632
10170,waarom_de_reuzen_in_limburg_zijn_uitgestorven,43,.,0.024041274562478065,3.7279831523146467
10171,waarom_de_reuzen_in_limburg_zijn_uitgestorven,45,zijn,0.00020988055621273816,8.46897196900282
10172,waarom_de_reuzen_in_limburg_zijn_uitgestorven,45,weigering,0.00012418656842783093,8.99372553901641
10173,waarom_de_reuzen_in_limburg_zijn_uitgestorven,45,was,7.620185442647198e-06,11.784709852256436
10174,waarom_de_reuzen_in_limburg_zijn_uitgestorven,45,het,5.30245597474277e-05,9.84475536028392
10175,waarom_de_reuzen_in_limburg_zijn_uitgestorven,45,immers,5.3482297516893595e-05,9.836159846352372
10176,waarom_de_reuzen_in_limburg_zijn_uitgestorven,45,nog,0.0011686824727803469,6.751878256330788
10177,waarom_de_reuzen_in_limburg_zijn_uitgestorven,45,niet,0.0008188210194930434,7.107645033411078
10178,waarom_de_reuzen_in_limburg_zijn_uitgestorven,45,geheel,0.0022428978700190783,6.099986557240821
10179,waarom_de_reuzen_in_limburg_zijn_uitgestorven,45,afgeloopen,5.6870925618568435e-05,9.774726320734967
10180,waarom_de_reuzen_in_limburg_zijn_uitgestorven,45,.,0.022832080721855164,3.7795886827837255
10181,waarom_de_reuzen_in_limburg_zijn_uitgestorven,45,"

",2.1892174117965624e-05,10.729381331216807
10182,waarom_de_reuzen_in_limburg_zijn_uitgestorven,46,een,1.9963231068231835e-07,15.426788609003818
10183,waarom_de_reuzen_in_limburg_zijn_uitgestorven,46,zomerdag,0.00016619963571429253,8.702320867396757
10184,waarom_de_reuzen_in_limburg_zijn_uitgestorven,46,kwam,6.217323971213773e-05,9.685585880502892
10185,waarom_de_reuzen_in_limburg_zijn_uitgestorven,46,zijn,0.0015084188198670745,6.496693315949424
10186,waarom_de_reuzen_in_limburg_zijn_uitgestorven,46,volk,5.683643030351959e-05,9.775333059249416
10187,waarom_de_reuzen_in_limburg_zijn_uitgestorven,46,in,2.227865843451582e-05,10.711881358608792
10188,waarom_de_reuzen_in_limburg_zijn_uitgestorven,46,een,2.0829940694966353e-05,10.779119149792598
10189,waarom_de_reuzen_in_limburg_zijn_uitgestorven,46,geheime,0.0003946073120459914,7.837619434273769
10190,waarom_de_reuzen_in_limburg_zijn_uitgestorven,46,vergadering,3.734838537639007e-05,10.19522087686766
10191,waarom_de_reuzen_in_limburg_zijn_uitgestorven,46,tezamen,4.8083624278660864e-05,9.942568890406449
10192,waarom_de_reuzen_in_limburg_zijn_uitgestorven,46,.,0.09431993216276169,2.361062741977605
10193,waarom_de_reuzen_in_limburg_zijn_uitgestorven,47,"
",0.0009734189370647073,6.934696006198264
10194,waarom_de_reuzen_in_limburg_zijn_uitgestorven,47,daar,3.308877057861537e-05,10.316316590585727
10195,waarom_de_reuzen_in_limburg_zijn_uitgestorven,47,besproken,2.4949185899458826e-05,10.598669365579301
10196,waarom_de_reuzen_in_limburg_zijn_uitgestorven,47,is,0.0005447909352369606,7.515108441966073
10197,waarom_de_reuzen_in_limburg_zijn_uitgestorven,47,",",0.028219958767294884,3.5677257936749474
10198,waarom_de_reuzen_in_limburg_zijn_uitgestorven,47,weet,2.002233259190689e-06,13.121247370776105
10199,waarom_de_reuzen_in_limburg_zijn_uitgestorven,47,niemand,4.2434767237864435e-05,10.067542549702853
10200,waarom_de_reuzen_in_limburg_zijn_uitgestorven,47,.,0.026976006105542183,3.6128074708303415
10201,waarom_de_reuzen_in_limburg_zijn_uitgestorven,48,besluit,8.119755875668488e-06,11.721210468815482
10202,waarom_de_reuzen_in_limburg_zijn_uitgestorven,48,echter,7.265347085194662e-05,9.529809394113993
10203,waarom_de_reuzen_in_limburg_zijn_uitgestorven,48,is,0.00040409667417407036,7.813856416118935
10204,waarom_de_reuzen_in_limburg_zijn_uitgestorven,48,algemeen,9.469914402870927e-06,11.567390689574726
10205,waarom_de_reuzen_in_limburg_zijn_uitgestorven,48,bekend,5.691934347851202e-06,12.076460411912251
10206,waarom_de_reuzen_in_limburg_zijn_uitgestorven,48,.,0.03488263860344887,3.3557660347678686
10207,waarom_de_reuzen_in_limburg_zijn_uitgestorven,48,"
",6.61774322452402e-07,14.228341241769794
10208,waarom_de_reuzen_in_limburg_zijn_uitgestorven,49,zou,0.0014070734614506364,6.566243290805152
10209,waarom_de_reuzen_in_limburg_zijn_uitgestorven,49,een,1.979191495138366e-07,15.435407225432341
10210,waarom_de_reuzen_in_limburg_zijn_uitgestorven,49,deputatie,0.00011776552855735645,9.046814956417947
10211,waarom_de_reuzen_in_limburg_zijn_uitgestorven,49,van,0.0003753407800104469,7.887676197959632
10212,waarom_de_reuzen_in_limburg_zijn_uitgestorven,49,sterke,0.0002883167180698365,8.151450966552218
10213,waarom_de_reuzen_in_limburg_zijn_uitgestorven,49,reuzen,2.635910504977801e-06,12.846281892971001
10214,waarom_de_reuzen_in_limburg_zijn_uitgestorven,49,naar,0.00016447454981971532,8.712754712070193
10215,waarom_de_reuzen_in_limburg_zijn_uitgestorven,49,Halichem,3.167843090068345e-07,14.965044707882917
10216,waarom_de_reuzen_in_limburg_zijn_uitgestorven,49,afvaardigen,7.623685814905912e-05,9.481665509474578
10217,waarom_de_reuzen_in_limburg_zijn_uitgestorven,49,",",0.03259468451142311,3.4236060557007018
10218,waarom_de_reuzen_in_limburg_zijn_uitgestorven,49,en,0.0018075016560032964,6.315809687747378
10219,waarom_de_reuzen_in_limburg_zijn_uitgestorven,49,"
",0.006568294484168291,5.0255010716361035
10220,waarom_de_reuzen_in_limburg_zijn_uitgestorven,49,hem,0.00013233946810942143,8.930140208510235
10221,waarom_de_reuzen_in_limburg_zijn_uitgestorven,49,tot,6.740361277479678e-05,9.604811939482596
10222,waarom_de_reuzen_in_limburg_zijn_uitgestorven,49,rede,0.0009806653251871467,6.927279313398028
10223,waarom_de_reuzen_in_limburg_zijn_uitgestorven,49,brengen,0.0003845400642603636,7.863462576110399
10224,waarom_de_reuzen_in_limburg_zijn_uitgestorven,49,.,0.13025496900081635,2.038261449357983
10225,waarom_de_reuzen_in_limburg_zijn_uitgestorven,49,"

",0.0006859977729618549,7.284636176654948
10226,waarom_de_reuzen_in_limburg_zijn_uitgestorven,50,geschiedde,2.7508357902661373e-07,15.106190861722162
10227,waarom_de_reuzen_in_limburg_zijn_uitgestorven,50,.,0.032109420746564865,3.438605810701953
10228,waarom_de_reuzen_in_limburg_zijn_uitgestorven,51,van,2.227783397756866e-06,13.014503458867217
10229,waarom_de_reuzen_in_limburg_zijn_uitgestorven,51,de,0.00018735411867965013,8.582510049087649
10230,waarom_de_reuzen_in_limburg_zijn_uitgestorven,51,sterkste,2.473545691827894e-06,12.90985793390918
10231,waarom_de_reuzen_in_limburg_zijn_uitgestorven,51,reuzen,6.9041416281834245e-06,11.883389090462005
10232,waarom_de_reuzen_in_limburg_zijn_uitgestorven,51,organiseerden,7.40547966415761e-06,11.813290336628985
10233,waarom_de_reuzen_in_limburg_zijn_uitgestorven,51,zich,0.0025859647430479527,5.957656632504239
10234,waarom_de_reuzen_in_limburg_zijn_uitgestorven,51,",",0.01701531745493412,4.073641313846034
10235,waarom_de_reuzen_in_limburg_zijn_uitgestorven,51,en,0.007289315573871136,4.921345622983485
10236,waarom_de_reuzen_in_limburg_zijn_uitgestorven,51,de,0.010249466635286808,4.580529610333392
10237,waarom_de_reuzen_in_limburg_zijn_uitgestorven,51,"
",0.0011343411169946194,6.781703310273193
10238,waarom_de_reuzen_in_limburg_zijn_uitgestorven,51,petitie,8.737302414374426e-05,9.345323971185369
10239,waarom_de_reuzen_in_limburg_zijn_uitgestorven,51,werd,0.0010806319769471884,6.830209245147619
10240,waarom_de_reuzen_in_limburg_zijn_uitgestorven,51,overgereikt,3.7478969261428574e-06,12.494315694995379
10241,waarom_de_reuzen_in_limburg_zijn_uitgestorven,51,.,0.18536430597305298,1.685432168802777
10242,waarom_de_reuzen_in_limburg_zijn_uitgestorven,52,vorst,4.577489380608313e-05,9.99177478731719
10243,waarom_de_reuzen_in_limburg_zijn_uitgestorven,52,had,6.3551447055942845e-06,11.966245883228945
10244,waarom_de_reuzen_in_limburg_zijn_uitgestorven,52,zich,0.002709289314225316,5.911068924156252
10245,waarom_de_reuzen_in_limburg_zijn_uitgestorven,52,naar,7.965270924614742e-05,9.437834507796895
10246,waarom_de_reuzen_in_limburg_zijn_uitgestorven,52,den,5.6416287407046184e-05,9.782752657337404
10247,waarom_de_reuzen_in_limburg_zijn_uitgestorven,52,wensch,0.00028713219217024744,8.155567848351891
10248,waarom_de_reuzen_in_limburg_zijn_uitgestorven,52,zijner,0.000799835950601846,7.131103913072074
10249,waarom_de_reuzen_in_limburg_zijn_uitgestorven,52,natie,2.677066186151933e-05,10.528203976736178
10250,waarom_de_reuzen_in_limburg_zijn_uitgestorven,52,"
",0.020890910178422928,3.8684411343090557
10251,waarom_de_reuzen_in_limburg_zijn_uitgestorven,52,te,6.0622351156780496e-05,9.710846901920451
10252,waarom_de_reuzen_in_limburg_zijn_uitgestorven,52,schikken,0.00017036503413692117,8.677567163352187
10253,waarom_de_reuzen_in_limburg_zijn_uitgestorven,52,.,0.03799012303352356,3.270429073211286
10254,waarom_de_reuzen_in_limburg_zijn_uitgestorven,53,ontving,1.566555965837324e-06,13.36663100051675
10255,waarom_de_reuzen_in_limburg_zijn_uitgestorven,53,de,0.0007127919816412032,7.2463209309713905
10256,waarom_de_reuzen_in_limburg_zijn_uitgestorven,53,gedeputeerden,6.140442678770341e-07,14.30319881387857
10257,waarom_de_reuzen_in_limburg_zijn_uitgestorven,53,allergenadigst,6.392943032551557e-05,9.657730734135468
10258,waarom_de_reuzen_in_limburg_zijn_uitgestorven,53,",",0.008663754910230637,4.7486070579764315
10259,waarom_de_reuzen_in_limburg_zijn_uitgestorven,53,en,0.004385439213365316,5.429465495490855
10260,waarom_de_reuzen_in_limburg_zijn_uitgestorven,53,beloofde,0.0019478127360343933,6.241048209781895
10261,waarom_de_reuzen_in_limburg_zijn_uitgestorven,53,"
",0.0013950004940852523,6.5748605095258945
10262,waarom_de_reuzen_in_limburg_zijn_uitgestorven,53,hun,2.620261739139096e-06,12.852236344746215
10263,waarom_de_reuzen_in_limburg_zijn_uitgestorven,53,verlangen,0.0008717613527551293,7.04499484954507
10264,waarom_de_reuzen_in_limburg_zijn_uitgestorven,53,in,0.00137392058968544,6.590086881840937
10265,waarom_de_reuzen_in_limburg_zijn_uitgestorven,53,overweging,9.560416219756007e-05,9.255294201223272
10266,waarom_de_reuzen_in_limburg_zijn_uitgestorven,53,te,0.005127598065882921,5.273117942723705
10267,waarom_de_reuzen_in_limburg_zijn_uitgestorven,53,nemen,0.00012471230002120137,8.989501073244416
10268,waarom_de_reuzen_in_limburg_zijn_uitgestorven,53,.,0.05974067002534866,2.817742250566599
10269,waarom_de_reuzen_in_limburg_zijn_uitgestorven,53,"

",0.0006417110562324524,7.351372423759143
10270,waarom_de_reuzen_in_limburg_zijn_uitgestorven,54,…,2.2423446353059262e-05,10.705403434334377
10271,waarom_de_reuzen_in_limburg_zijn_uitgestorven,54,wie,4.268873908586102e-06,12.364160487147007
10272,waarom_de_reuzen_in_limburg_zijn_uitgestorven,54,was,0.0001852561254054308,8.593771228718373
10273,waarom_de_reuzen_in_limburg_zijn_uitgestorven,54,er,2.9026819902355783e-05,10.44729033114507
10274,waarom_de_reuzen_in_limburg_zijn_uitgestorven,54,waardig,0.00025221091345883906,8.285244862337036
10275,waarom_de_reuzen_in_limburg_zijn_uitgestorven,54,",",0.01676585152745247,4.088411108379315
10276,waarom_de_reuzen_in_limburg_zijn_uitgestorven,54,om,4.4056370825273916e-05,10.0300405889051
10277,waarom_de_reuzen_in_limburg_zijn_uitgestorven,54,koninginne,1.8131295291823335e-05,10.917871091081977
10278,waarom_de_reuzen_in_limburg_zijn_uitgestorven,54,te,3.378300607437268e-05,10.295552660775689
10279,waarom_de_reuzen_in_limburg_zijn_uitgestorven,54,worden,5.804691227240255e-06,12.056844135057654
10280,waarom_de_reuzen_in_limburg_zijn_uitgestorven,54,?,0.009214331395924091,4.686995246550825
10281,waarom_de_reuzen_in_limburg_zijn_uitgestorven,54,"

",0.0011366239050403237,6.779692897261607
10282,waarom_de_reuzen_in_limburg_zijn_uitgestorven,55,ging,2.7115070224681403e-06,12.818005980785507
10283,waarom_de_reuzen_in_limburg_zijn_uitgestorven,55,zelf,0.0008684738422743976,7.048773091016014
10284,waarom_de_reuzen_in_limburg_zijn_uitgestorven,55,op,0.00014731171540915966,8.822959703312419
10285,waarom_de_reuzen_in_limburg_zijn_uitgestorven,55,den,0.0006012088852003217,7.41656812108568
10286,waarom_de_reuzen_in_limburg_zijn_uitgestorven,55,zoek,0.00023712206166237593,8.34693552129931
10287,waarom_de_reuzen_in_limburg_zijn_uitgestorven,55,.,0.15489435195922852,1.865011994720998
10288,waarom_de_reuzen_in_limburg_zijn_uitgestorven,56,vond,3.152577392029343e-06,12.667290219994127
10289,waarom_de_reuzen_in_limburg_zijn_uitgestorven,56,een,5.145181148691336e-06,12.17744998061171
10290,waarom_de_reuzen_in_limburg_zijn_uitgestorven,56,aardig,9.63004094955977e-06,11.550623079872546
10291,waarom_de_reuzen_in_limburg_zijn_uitgestorven,56,meisje,0.001437400234863162,6.544919189535509
10292,waarom_de_reuzen_in_limburg_zijn_uitgestorven,56,",",0.061081934720277786,2.7955391239487137
10293,waarom_de_reuzen_in_limburg_zijn_uitgestorven,56,zoowat,4.856729901803192e-06,12.23514520623484
10294,waarom_de_reuzen_in_limburg_zijn_uitgestorven,56,vier,2.1420742996269837e-05,10.75115080651218
10295,waarom_de_reuzen_in_limburg_zijn_uitgestorven,56,"
",0.001145942253060639,6.771528051958651
10296,waarom_de_reuzen_in_limburg_zijn_uitgestorven,56,voeten,0.0010898452019318938,6.8217196094026376
10297,waarom_de_reuzen_in_limburg_zijn_uitgestorven,56,kleiner,6.849808869446861e-06,11.891289808349947
10298,waarom_de_reuzen_in_limburg_zijn_uitgestorven,56,dan,0.00011390326835680753,9.080160992955248
10299,waarom_de_reuzen_in_limburg_zijn_uitgestorven,56,hij,2.1287435174599523e-06,13.05997865020729
10300,waarom_de_reuzen_in_limburg_zijn_uitgestorven,56,.,0.015020383521914482,4.198347098889948
10301,waarom_de_reuzen_in_limburg_zijn_uitgestorven,57,bestanddeelen,7.340480578932329e-07,14.12469133650624
10302,waarom_de_reuzen_in_limburg_zijn_uitgestorven,57,van,0.00045462875277735293,7.696029400025581
10303,waarom_de_reuzen_in_limburg_zijn_uitgestorven,57,een,7.540785190940369e-06,11.79518424463677
10304,waarom_de_reuzen_in_limburg_zijn_uitgestorven,57,goed,0.0001453716540709138,8.836216963239574
10305,waarom_de_reuzen_in_limburg_zijn_uitgestorven,57,huwelijk,0.00024415284860879183,8.317716100071088
10306,waarom_de_reuzen_in_limburg_zijn_uitgestorven,57,waren,0.0012575865257531404,6.678560850601548
10307,waarom_de_reuzen_in_limburg_zijn_uitgestorven,57,"
",0.0015975693240761757,6.439271977301287
10308,waarom_de_reuzen_in_limburg_zijn_uitgestorven,57,dus,0.0002156606933567673,8.441804249469762
10309,waarom_de_reuzen_in_limburg_zijn_uitgestorven,57,aanwezig,0.0009933237452059984,6.914453919656702
10310,waarom_de_reuzen_in_limburg_zijn_uitgestorven,57,",",0.007893430069088936,4.841724502335095
10311,waarom_de_reuzen_in_limburg_zijn_uitgestorven,57,want,2.699677861528471e-05,10.519793009623024
10312,waarom_de_reuzen_in_limburg_zijn_uitgestorven,57,voor,0.0009648649138398468,6.943522452082385
10313,waarom_de_reuzen_in_limburg_zijn_uitgestorven,57,een,3.368455872987397e-05,10.298471023537292
10314,waarom_de_reuzen_in_limburg_zijn_uitgestorven,57,nette,4.055036697536707e-07,14.718135913484494
10315,waarom_de_reuzen_in_limburg_zijn_uitgestorven,57,",",0.07122330367565155,2.641935215299449
10316,waarom_de_reuzen_in_limburg_zijn_uitgestorven,57,fatsoenlijke,5.333869921742007e-06,12.141433519126856
10317,waarom_de_reuzen_in_limburg_zijn_uitgestorven,57,bruiloft,3.724581256392412e-05,10.197971033848976
10318,waarom_de_reuzen_in_limburg_zijn_uitgestorven,57,behoort,0.0005677489098161459,7.473831297163372
10319,waarom_de_reuzen_in_limburg_zijn_uitgestorven,57,'t,3.273708716733381e-05,10.327001958600675
10320,waarom_de_reuzen_in_limburg_zijn_uitgestorven,57,"
",0.04374367371201515,3.1294082775024523
10321,waarom_de_reuzen_in_limburg_zijn_uitgestorven,57,meisje,0.002919296734035015,5.8364125362182
10322,waarom_de_reuzen_in_limburg_zijn_uitgestorven,57,niet,0.0001282778539462015,8.961311912728888
10323,waarom_de_reuzen_in_limburg_zijn_uitgestorven,57,zoo,0.0005839919904246926,7.44562329025631
10324,waarom_de_reuzen_in_limburg_zijn_uitgestorven,57,groot,3.710221108121914e-07,14.807004178238332
10325,waarom_de_reuzen_in_limburg_zijn_uitgestorven,57,te,0.022380871698260307,3.7995486269793015
10326,waarom_de_reuzen_in_limburg_zijn_uitgestorven,57,zijn,0.0004283050075173378,7.755674981799486
10327,waarom_de_reuzen_in_limburg_zijn_uitgestorven,57,als,9.74786453298293e-05,9.235877226207512
10328,waarom_de_reuzen_in_limburg_zijn_uitgestorven,57,de,0.005215881858021021,5.2560471045335815
10329,waarom_de_reuzen_in_limburg_zijn_uitgestorven,57,jongen,0.00015284786059055477,8.786067506516
10330,waarom_de_reuzen_in_limburg_zijn_uitgestorven,57,.,0.09888116270303726,2.313836526613762
10331,waarom_de_reuzen_in_limburg_zijn_uitgestorven,58,Andere,4.257651016814634e-05,10.064207861271926
10332,waarom_de_reuzen_in_limburg_zijn_uitgestorven,58,staat,5.711510766559513e-07,14.375612079701346
10333,waarom_de_reuzen_in_limburg_zijn_uitgestorven,58,niet,0.00039701355854049325,7.831540125365322
10334,waarom_de_reuzen_in_limburg_zijn_uitgestorven,58,.,0.01598505675792694,4.136100945777422
10335,waarom_de_reuzen_in_limburg_zijn_uitgestorven,60,volk,3.868048588628881e-05,10.160175325764985
10336,waarom_de_reuzen_in_limburg_zijn_uitgestorven,60,was,1.5309340597013943e-05,11.087047419306225
10337,waarom_de_reuzen_in_limburg_zijn_uitgestorven,60,dronken,0.0005080249393358827,7.584980018409952
10338,waarom_de_reuzen_in_limburg_zijn_uitgestorven,60,van,0.0002578302228357643,8.263209240677433
10339,waarom_de_reuzen_in_limburg_zijn_uitgestorven,60,vreugde,5.303206489770673e-05,9.844613829279766
10340,waarom_de_reuzen_in_limburg_zijn_uitgestorven,60,.,0.031022988259792328,3.4730267925468628
10341,waarom_de_reuzen_in_limburg_zijn_uitgestorven,60,"

",1.6947340554906987e-05,10.985399635863333
10342,waarom_de_reuzen_in_limburg_zijn_uitgestorven,62,het,1.7547765310155228e-05,10.950583948914591
10343,waarom_de_reuzen_in_limburg_zijn_uitgestorven,62,paleis,0.00012605205120053142,8.978815631550955
10344,waarom_de_reuzen_in_limburg_zijn_uitgestorven,62,gebouwd,0.00017954512441065162,8.625083992154597
10345,waarom_de_reuzen_in_limburg_zijn_uitgestorven,62,.,0.026785433292388916,3.61989707309949
10346,waarom_de_reuzen_in_limburg_zijn_uitgestorven,63,de,0.0003298530646134168,8.016863261408082
10347,waarom_de_reuzen_in_limburg_zijn_uitgestorven,63,trouwplechtigheid,9.342245448351605e-07,13.88354901558283
10348,waarom_de_reuzen_in_limburg_zijn_uitgestorven,63,spoedig,0.001836835639551282,6.299710948961453
10349,waarom_de_reuzen_in_limburg_zijn_uitgestorven,63,"
",0.004114765208214521,5.493173504022984
10350,waarom_de_reuzen_in_limburg_zijn_uitgestorven,63,zou,0.0002670553221832961,8.228054721838436
10351,waarom_de_reuzen_in_limburg_zijn_uitgestorven,63,plaats,0.00023498112568631768,8.356005363274072
10352,waarom_de_reuzen_in_limburg_zijn_uitgestorven,63,vinden,0.0013201674446463585,6.629996698424076
10353,waarom_de_reuzen_in_limburg_zijn_uitgestorven,63,",",0.030431019142270088,3.4922928242679916
10354,waarom_de_reuzen_in_limburg_zijn_uitgestorven,63,werd,0.0011826204136013985,6.740022613098419
10355,waarom_de_reuzen_in_limburg_zijn_uitgestorven,63,er,0.0026591457426548004,5.929750357145929
10356,waarom_de_reuzen_in_limburg_zijn_uitgestorven,63,niet,0.0010333707323297858,6.87492926423687
10357,waarom_de_reuzen_in_limburg_zijn_uitgestorven,63,veel,0.0002006336289923638,8.514030054451084
10358,waarom_de_reuzen_in_limburg_zijn_uitgestorven,63,zorg,0.004146910272538662,5.48539173466799
10359,waarom_de_reuzen_in_limburg_zijn_uitgestorven,63,aan,0.0017960509285330772,6.322164952859919
10360,waarom_de_reuzen_in_limburg_zijn_uitgestorven,63,de,0.008955337107181549,4.715505599601614
10361,waarom_de_reuzen_in_limburg_zijn_uitgestorven,63,architectuur,3.777823076234199e-05,10.183777526994298
10362,waarom_de_reuzen_in_limburg_zijn_uitgestorven,63,besteed,2.861228040274e-06,12.764259640580558
10363,waarom_de_reuzen_in_limburg_zijn_uitgestorven,63,.,0.027546081691980362,3.5918949788346617
10364,waarom_de_reuzen_in_limburg_zijn_uitgestorven,63,"
",9.685740224085748e-06,11.54485583407387
10365,waarom_de_reuzen_in_limburg_zijn_uitgestorven,64,behoefde,1.2962585969944485e-05,11.253443352226611
10366,waarom_de_reuzen_in_limburg_zijn_uitgestorven,64,ook,1.532097144263389e-06,13.388873078562614
10367,waarom_de_reuzen_in_limburg_zijn_uitgestorven,64,niet,0.002458309754729271,6.008281256766928
10368,waarom_de_reuzen_in_limburg_zijn_uitgestorven,64,.,0.04063677787780762,3.2030817633578583
10369,waarom_de_reuzen_in_limburg_zijn_uitgestorven,65,'t,0.00024295880575664341,8.322618652629693
10370,waarom_de_reuzen_in_limburg_zijn_uitgestorven,65,nederigste,0.0007023144280537963,7.261129351006628
10371,waarom_de_reuzen_in_limburg_zijn_uitgestorven,65,hutje,7.529462919819707e-08,16.40185703007349
10372,waarom_de_reuzen_in_limburg_zijn_uitgestorven,65,immers,4.995678864361253e-06,12.206937246317487
10373,waarom_de_reuzen_in_limburg_zijn_uitgestorven,65,kan,6.974863208597526e-05,9.570612749125717
10374,waarom_de_reuzen_in_limburg_zijn_uitgestorven,65,geluk,8.105413371595205e-07,14.025563495023714
10375,waarom_de_reuzen_in_limburg_zijn_uitgestorven,65,wonen,6.104007479734719e-05,9.703979945606333
10376,waarom_de_reuzen_in_limburg_zijn_uitgestorven,65,?,0.0036132922396063805,5.62313594450608
10377,waarom_de_reuzen_in_limburg_zijn_uitgestorven,65,"

",0.00012211718421895057,9.01052944785646
10378,waarom_de_reuzen_in_limburg_zijn_uitgestorven,66,…,2.2423446353059262e-05,10.705403434334377
10379,waarom_de_reuzen_in_limburg_zijn_uitgestorven,66,.,0.0020471648313105106,6.191299452188436
10380,waarom_de_reuzen_in_limburg_zijn_uitgestorven,68,Volk,3.570137323549716e-06,12.542906496932211
10381,waarom_de_reuzen_in_limburg_zijn_uitgestorven,68,was,3.0655810405733064e-05,10.392688340767853
10382,waarom_de_reuzen_in_limburg_zijn_uitgestorven,68,tevreden—maar,6.121802289271727e-05,9.7010689200891
10383,waarom_de_reuzen_in_limburg_zijn_uitgestorven,68,…,0.0001360567257506773,8.902438658082787
10384,waarom_de_reuzen_in_limburg_zijn_uitgestorven,68,.,0.00644794013351202,5.0439945583258705
10385,waarom_de_reuzen_in_limburg_zijn_uitgestorven,69,Halichem,1.645308458364525e-07,15.620167771635689
10386,waarom_de_reuzen_in_limburg_zijn_uitgestorven,69,",",0.20409366488456726,1.589176248920152
10387,waarom_de_reuzen_in_limburg_zijn_uitgestorven,69,de,5.671001781593077e-05,9.777559681779847
10388,waarom_de_reuzen_in_limburg_zijn_uitgestorven,69,vorst,5.797750054625794e-05,9.75545554429515
10389,waarom_de_reuzen_in_limburg_zijn_uitgestorven,69,",",0.0356258861720562,3.334682765697614
10390,waarom_de_reuzen_in_limburg_zijn_uitgestorven,69,vond,0.006210858002305031,5.081456227958213
10391,waarom_de_reuzen_in_limburg_zijn_uitgestorven,69,zijn,0.0018630195409059525,6.285556698471933
10392,waarom_de_reuzen_in_limburg_zijn_uitgestorven,69,poging,0.0004762836324516684,7.649497014695702
10393,waarom_de_reuzen_in_limburg_zijn_uitgestorven,69,",",0.4156111776828766,0.8780051248278882
10394,waarom_de_reuzen_in_limburg_zijn_uitgestorven,69,"
",9.873796443571337e-06,11.52562613373697
10395,waarom_de_reuzen_in_limburg_zijn_uitgestorven,69,gedaan,0.005419628228992224,5.21772805832001
10396,waarom_de_reuzen_in_limburg_zijn_uitgestorven,69,in,0.001475549186579883,6.518725028603258
10397,waarom_de_reuzen_in_limburg_zijn_uitgestorven,69,het,5.4215888667386025e-05,9.82253654363364
10398,waarom_de_reuzen_in_limburg_zijn_uitgestorven,69,belang,5.0941682275151834e-05,9.884829064318456
10399,waarom_de_reuzen_in_limburg_zijn_uitgestorven,69,van,0.00033961335429921746,7.98770278068652
10400,waarom_de_reuzen_in_limburg_zijn_uitgestorven,69,zijn,0.001968636177480221,6.230414271674881
10401,waarom_de_reuzen_in_limburg_zijn_uitgestorven,69,volk,0.00011559816630324349,9.065390464280496
10402,waarom_de_reuzen_in_limburg_zijn_uitgestorven,69,een,8.211900421883911e-06,11.709926184808541
10403,waarom_de_reuzen_in_limburg_zijn_uitgestorven,69,groote,5.469818279379979e-05,9.81368007040811
10404,waarom_de_reuzen_in_limburg_zijn_uitgestorven,69,teleurstelling,1.5649347915314138e-05,11.065081308599286
10405,waarom_de_reuzen_in_limburg_zijn_uitgestorven,69,.,0.021563425660133362,3.8367566559463837
10406,waarom_de_reuzen_in_limburg_zijn_uitgestorven,70,Was,2.588164079497801e-06,12.864561783220251
10407,waarom_de_reuzen_in_limburg_zijn_uitgestorven,70,wel,2.2416126739699394e-05,10.705729914401871
10408,waarom_de_reuzen_in_limburg_zijn_uitgestorven,70,"
",0.00015969345986377448,8.742254456219495
10409,waarom_de_reuzen_in_limburg_zijn_uitgestorven,70,een,7.711004457178205e-08,16.37803228507315
10410,waarom_de_reuzen_in_limburg_zijn_uitgestorven,70,aardig,3.517787661166949e-07,14.860263364290896
10411,waarom_de_reuzen_in_limburg_zijn_uitgestorven,70,meisje,0.0016380829038098454,6.414228682005522
10412,waarom_de_reuzen_in_limburg_zijn_uitgestorven,70,",",0.017126785591244698,4.067111632167508
10413,waarom_de_reuzen_in_limburg_zijn_uitgestorven,70,om,0.00016215821960940957,8.7269380351025
10414,waarom_de_reuzen_in_limburg_zijn_uitgestorven,70,te,0.005275392439216375,5.24470220632728
10415,waarom_de_reuzen_in_limburg_zijn_uitgestorven,70,zien,4.224241274641827e-05,10.072085800253936
10416,waarom_de_reuzen_in_limburg_zijn_uitgestorven,70,",",0.04016745090484619,3.2146982903081596
10417,waarom_de_reuzen_in_limburg_zijn_uitgestorven,70,doch,3.09838869725354e-05,10.382043263688525
10418,waarom_de_reuzen_in_limburg_zijn_uitgestorven,70,hetgeen,0.00010464264050824568,9.164959436358878
10419,waarom_de_reuzen_in_limburg_zijn_uitgestorven,70,eraan,2.6870045985560864e-05,10.5244984239293
10420,waarom_de_reuzen_in_limburg_zijn_uitgestorven,70,ontbrak,7.681738497922197e-05,9.47407957651082
10421,waarom_de_reuzen_in_limburg_zijn_uitgestorven,70,",",0.06741315126419067,2.696915157483712
10422,waarom_de_reuzen_in_limburg_zijn_uitgestorven,70,was,0.00012501669698394835,8.987063253710849
10423,waarom_de_reuzen_in_limburg_zijn_uitgestorven,70,"
",0.006085788831114769,5.101798925592936
10424,waarom_de_reuzen_in_limburg_zijn_uitgestorven,70,eigenlijk,0.053016405552625656,2.937153874598458
10425,waarom_de_reuzen_in_limburg_zijn_uitgestorven,70,",",0.0877099335193634,2.433720118978735
10426,waarom_de_reuzen_in_limburg_zijn_uitgestorven,70,wat,0.0007425809162668884,7.205378715087882
10427,waarom_de_reuzen_in_limburg_zijn_uitgestorven,70,ze,0.0009438155102543533,6.965579844971089
10428,waarom_de_reuzen_in_limburg_zijn_uitgestorven,70,te,1.4417201782634947e-05,11.147088496072714
10429,waarom_de_reuzen_in_limburg_zijn_uitgestorven,70,veel,0.0008482447010464966,7.0723414012437065
10430,waarom_de_reuzen_in_limburg_zijn_uitgestorven,70,had,1.7513726561446674e-05,10.952525609556252
10431,waarom_de_reuzen_in_limburg_zijn_uitgestorven,70,.,0.027234496548771858,3.6032708537672615
10432,waarom_de_reuzen_in_limburg_zijn_uitgestorven,70,"

",0.00047390369581989944,7.6545064302874435
10433,waarom_de_reuzen_in_limburg_zijn_uitgestorven,71,kon,1.0541101801209152e-05,11.4602284850954
10434,waarom_de_reuzen_in_limburg_zijn_uitgestorven,71,alleronmenschelijkst,1.0038272193924058e-05,11.509105550748899
10435,waarom_de_reuzen_in_limburg_zijn_uitgestorven,71,",",0.0026783908251672983,5.922539103165092
10436,waarom_de_reuzen_in_limburg_zijn_uitgestorven,71,allerongedanigst,6.129185408099147e-07,14.305033795957936
10437,waarom_de_reuzen_in_limburg_zijn_uitgestorven,71,",",0.35726383328437805,1.0292807413420366
10438,waarom_de_reuzen_in_limburg_zijn_uitgestorven,71,allerverduiverkaterst,0.0001108692740672268,9.107158761804707
10439,waarom_de_reuzen_in_limburg_zijn_uitgestorven,71,"
",0.003248091321438551,5.729687740871508
10440,waarom_de_reuzen_in_limburg_zijn_uitgestorven,71,veel,1.7244152331841178e-05,10.96803746721437
10441,waarom_de_reuzen_in_limburg_zijn_uitgestorven,71,praten,0.000113613874418661,9.082704925167883
10442,waarom_de_reuzen_in_limburg_zijn_uitgestorven,71,.,0.02259405516088009,3.7900684532853157
10443,waarom_de_reuzen_in_limburg_zijn_uitgestorven,72,praatte,1.255272195521684e-06,13.588158120035617
10444,waarom_de_reuzen_in_limburg_zijn_uitgestorven,72,van,1.637393688724842e-05,11.01981970146667
10445,waarom_de_reuzen_in_limburg_zijn_uitgestorven,72,den,3.6663208447862417e-05,10.21373680034621
10446,waarom_de_reuzen_in_limburg_zijn_uitgestorven,72,vroegen,0.0010371580719947815,6.871270929340929
10447,waarom_de_reuzen_in_limburg_zijn_uitgestorven,72,morgen,0.00038107082946226,7.872525296015179
10448,waarom_de_reuzen_in_limburg_zijn_uitgestorven,72,tot,2.6999916372005828e-05,10.51967678929786
10449,waarom_de_reuzen_in_limburg_zijn_uitgestorven,72,den,0.0002669392270036042,8.228489539690782
10450,waarom_de_reuzen_in_limburg_zijn_uitgestorven,72,laten,0.001168068847618997,6.752403451434004
10451,waarom_de_reuzen_in_limburg_zijn_uitgestorven,72,avond,0.0003759018727578223,7.886182425342646
10452,waarom_de_reuzen_in_limburg_zijn_uitgestorven,72,.,0.017433466389775276,4.049363564307811
10453,waarom_de_reuzen_in_limburg_zijn_uitgestorven,72,"
",9.908025049298885e-07,13.824750611145173
